"SG_UF","nome_curso_clean","cbo_4dig","E_uf_cbo","LQ","cbo_familia","IDX_EIXCUR","Eixo Tecnológico","Área Tecnológica","Denominação do Curso","QT_MAT_CURSO_TEC_EST","QT_MAT_CURSO_TEC_FED","QT_MAT_CURSO_TEC_MUN","QT_MAT_CURSO_TEC_PRI","QT_MAT_CURSO_TEC_TOT"
"AC","Administração","1421",1596,1.50592052649762,"Gerentes administrativos, financeiros, de riscos e afins","04001","Gestão e Negócios","Gerencial","Técnico em Administração",2448,3370,0,2282,8100
"AC","Comércio","1421",1596,1.50592052649762,"Gerentes administrativos, financeiros, de riscos e afins","04002","Gestão e Negócios","Comercial","Técnico em Comércio",155,0,0,0,155
"AC","Finanças","1421",1596,1.50592052649762,"Gerentes administrativos, financeiros, de riscos e afins","04007","Gestão e Negócios","Operações Financeiras","Técnico em Finanças",91,817,0,0,908
"AC","Marketing","1421",1596,1.50592052649762,"Gerentes administrativos, financeiros, de riscos e afins","04009","Gestão e Negócios","Comercial","Técnico em Marketing",52,0,0,48,100
"AM","Administração","3542",1372,1.01772862448665,"Compradores","04001","Gestão e Negócios","Gerencial","Técnico em Administração",9141,24970,0,5859,39970
"AM","Administração","4102",1797,1.20832481339057,"Supervisores de serviços financeiros, de câmbio e de controle","04001","Gestão e Negócios","Gerencial","Técnico em Administração",9141,24970,0,5859,39970
"AM","Agenciamento de Viagem","3412",826,10.5722602260615,"Técnicos marítimos, fluviários e pescadores de convés","13001","Turismo, Hospitalidade e Lazer","Atividades Turísticas","Técnico em Agenciamento de Viagem",0,52,0,39,91
"AM","Agente Comunitário de Saúde","3516",1643,1.063082462092,"Técnicos em segurança do trabalho","01001","Ambiente e Saúde","Gestão e Promoção da Saúde e Bem-Estar","Técnico em Agente Comunitário de Saúde",7068,1374,0,0,8442
"AM","Agrimensura","3423",697,1.10171169256759,"Técnicos em transportes rodoviários","06002","Infraestrutura","Mensuração Espacial e Volumétrica","Técnico em Agrimensura",560,0,0,0,560
"AM","Agrimensura","3513",593,1.91810522284459,"Técnicos em administração","06002","Infraestrutura","Mensuração Espacial e Volumétrica","Técnico em Agrimensura",560,0,0,0,560
"AM","Agronegócio","3516",1643,1.063082462092,"Técnicos em segurança do trabalho","11003","Recursos Naturais","Produção Agrícola e Pecuária","Técnico em Agronegócio",406,277,0,0,683
"AM","Alimentação Escolar","2523",2361,1.60537927291076,"Secretárias(os) executivas(os) e afins","03001","Desenvolvimento Educacional e Social","Gestão Educacional","Técnico em Alimentação Escolar",0,99,0,0,99
"AM","Alimentação Escolar","3312",673,1.02551468100602,"Professores de nível médio no ensino fundamental","03001","Desenvolvimento Educacional e Social","Gestão Educacional","Técnico em Alimentação Escolar",0,99,0,0,99
"AM","Análises Clínicas","3242",932,1.62088572286998,"Técnicos de laboratórios de saúde e bancos de sangue","01002","Ambiente e Saúde","Gestão e Promoção da Saúde e Bem-Estar","Técnico em Análises Clínicas",NA,NA,NA,NA,NA
"AM","Arquivo","3312",673,1.02551468100602,"Professores de nível médio no ensino fundamental","03002","Desenvolvimento Educacional e Social","Gestão Educacional","Técnico em Arquivo",0,0,0,0,0
"AM","Artes Circenses","3412",826,10.5722602260615,"Técnicos marítimos, fluviários e pescadores de convés","09001","Produção Cultural e Design","Manifestações Artísticas","Técnico em Artes Circenses",0,0,0,0,0
"AM","Artes Visuais","3114",791,9.67092621949377,"Técnicos em fabricação de produtos plásticos e de borracha","09002","Produção Cultural e Design","Manifestações Artísticas","Técnico em Artes Visuais",0,0,25,0,25
"AM","Artesanato","3911",3381,1.30013331536889,"Planejadores, programadores e controladores de produção e manutenção","09003","Produção Cultural e Design","Manifestações Artísticas","Técnico em Artesanato",0,0,48,104,152
"AM","Automação Industrial","3114",791,9.67092621949377,"Técnicos em fabricação de produtos plásticos e de borracha","02001","Controle e Processos Industriais","Eletrônica e Automação","Técnico em Automação Industrial",572,1131,0,4809,6512
"AM","Automação Industrial","3131",2028,1.38867661239271,"Técnicos em eletricidade e eletrotécnica","02001","Controle e Processos Industriais","Eletrônica e Automação","Técnico em Automação Industrial",572,1131,0,4809,6512
"AM","Automação Industrial","3144",927,1.64742896321203,"Técnicos mecânicos na manutenção de máquinas, sistemas e instrumentos","02001","Controle e Processos Industriais","Eletrônica e Automação","Técnico em Automação Industrial",572,1131,0,4809,6512
"AM","Automação Industrial","3425",739,1.85488568740184,"Técnicos em transportes aéreos","02001","Controle e Processos Industriais","Eletrônica e Automação","Técnico em Automação Industrial",572,1131,0,4809,6512
"AM","Automação Industrial","3911",3381,1.30013331536889,"Planejadores, programadores e controladores de produção e manutenção","02001","Controle e Processos Industriais","Eletrônica e Automação","Técnico em Automação Industrial",572,1131,0,4809,6512
"AM","Biblioteconomia","2523",2361,1.60537927291076,"Secretárias(os) executivas(os) e afins","03003","Desenvolvimento Educacional e Social","Gestão Educacional","Técnico em Biblioteconomia",0,78,0,0,78
"AM","Biblioteconomia","3312",673,1.02551468100602,"Professores de nível médio no ensino fundamental","03003","Desenvolvimento Educacional e Social","Gestão Educacional","Técnico em Biblioteconomia",0,78,0,0,78
"AM","Brinquedoteca","2523",2361,1.60537927291076,"Secretárias(os) executivas(os) e afins","03004","Desenvolvimento Educacional e Social","Tecnologia, Inovação e Práticas Laboratoriais","Técnico em Brinquedoteca",NA,NA,NA,NA,NA
"AM","Brinquedoteca","3312",673,1.02551468100602,"Professores de nível médio no ensino fundamental","03004","Desenvolvimento Educacional e Social","Tecnologia, Inovação e Práticas Laboratoriais","Técnico em Brinquedoteca",NA,NA,NA,NA,NA
"AM","Canto","3912",8324,2.47057061715754,"Técnicos de controle da produção","09004","Produção Cultural e Design","Manifestações Artísticas","Técnico em Canto",0,0,0,0,0
"AM","Citopatologia","3242",932,1.62088572286998,"Técnicos de laboratórios de saúde e bancos de sangue","01003","Ambiente e Saúde","Gestão e Promoção da Saúde e Bem-Estar","Técnico em Citopatologia",0,0,0,0,0
"AM","Comércio","3513",593,1.91810522284459,"Técnicos em administração","04002","Gestão e Negócios","Comercial","Técnico em Comércio",21,518,0,0,539
"AM","Comércio","4102",1797,1.20832481339057,"Supervisores de serviços financeiros, de câmbio e de controle","04002","Gestão e Negócios","Comercial","Técnico em Comércio",21,518,0,0,539
"AM","Comércio Exterior","3542",1372,1.01772862448665,"Compradores","04003","Gestão e Negócios","Comercial","Técnico em Comércio Exterior",0,0,0,0,0
"AM","Condomínio","3911",3381,1.30013331536889,"Planejadores, programadores e controladores de produção e manutenção","04004","Gestão e Negócios","Gerencial","Técnico em Condomínio",47,0,0,0,47
"AM","Contabilidade","3912",8324,2.47057061715754,"Técnicos de controle da produção","04005","Gestão e Negócios","Operações Financeiras","Técnico em Contabilidade",1312,115,0,1040,2467
"AM","Cooperativismo","3513",593,1.91810522284459,"Técnicos em administração","04006","Gestão e Negócios","Gerencial","Técnico em Cooperativismo",0,148,0,0,148
"AM","Cooperativismo","3515",764,1.43503414928493,"Técnicos em secretariado, taquígrafos e estenotipistas","04006","Gestão e Negócios","Gerencial","Técnico em Cooperativismo",0,148,0,0,148
"AM","Dança","3114",791,9.67092621949377,"Técnicos em fabricação de produtos plásticos e de borracha","09008","Produção Cultural e Design","Manifestações Artísticas","Técnico em Dança",0,0,0,0,0
"AM","Defesa Civil","3423",697,1.10171169256759,"Técnicos em transportes rodoviários","12001","Segurança","Este Eixo Tecnológico não possui divisão em Áreas Tecnológicas.","Técnico em Defesa Civil",0,0,0,0,0
"AM","Desenvolvimento Comunitário","2523",2361,1.60537927291076,"Secretárias(os) executivas(os) e afins","03005","Desenvolvimento Educacional e Social","Intervenção Social","Técnico em Desenvolvimento Comunitário",NA,NA,NA,NA,NA
"AM","Desenvolvimento Comunitário","3312",673,1.02551468100602,"Professores de nível médio no ensino fundamental","03005","Desenvolvimento Educacional e Social","Intervenção Social","Técnico em Desenvolvimento Comunitário",NA,NA,NA,NA,NA
"AM","Desenvolvimento Comunitário","3515",764,1.43503414928493,"Técnicos em secretariado, taquígrafos e estenotipistas","03005","Desenvolvimento Educacional e Social","Intervenção Social","Técnico em Desenvolvimento Comunitário",NA,NA,NA,NA,NA
"AM","Desenvolvimento Comunitário","3542",1372,1.01772862448665,"Compradores","03005","Desenvolvimento Educacional e Social","Intervenção Social","Técnico em Desenvolvimento Comunitário",NA,NA,NA,NA,NA
"AM","Edificações","3423",697,1.10171169256759,"Técnicos em transportes rodoviários","06005","Infraestrutura","Construção de Obras","Técnico em Edificações",4178,4747,0,902,9827
"AM","Edificações","3513",593,1.91810522284459,"Técnicos em administração","06005","Infraestrutura","Construção de Obras","Técnico em Edificações",4178,4747,0,902,9827
"AM","Eletroeletrônica","3141",1864,1.83920538668815,"Técnicos mecânicos na fabricação e montagem de máquinas, sistemas e instrumentos","02002","Controle e Processos Industriais","Eletrônica e Automação","Técnico em Eletroeletrônica",91,36,0,1369,1496
"AM","Eletroeletrônica","3911",3381,1.30013331536889,"Planejadores, programadores e controladores de produção e manutenção","02002","Controle e Processos Industriais","Eletrônica e Automação","Técnico em Eletroeletrônica",91,36,0,1369,1496
"AM","Eletrotécnica","3141",1864,1.83920538668815,"Técnicos mecânicos na fabricação e montagem de máquinas, sistemas e instrumentos","02005","Controle e Processos Industriais","Sistemas de Energia","Técnico em Eletrotécnica",4057,4727,0,6440,15224
"AM","Eletrotécnica","3144",927,1.64742896321203,"Técnicos mecânicos na manutenção de máquinas, sistemas e instrumentos","02005","Controle e Processos Industriais","Sistemas de Energia","Técnico em Eletrotécnica",4057,4727,0,6440,15224
"AM","Eletrônica","3131",2028,1.38867661239271,"Técnicos em eletricidade e eletrotécnica","02004","Controle e Processos Industriais","Eletrônica e Automação","Técnico em Eletrônica",1828,4018,0,5982,11828
"AM","Eletrônica","3132",2740,1.76519191708272,"Técnicos em eletrônica","02004","Controle e Processos Industriais","Eletrônica e Automação","Técnico em Eletrônica",1828,4018,0,5982,11828
"AM","Eletrônica","3141",1864,1.83920538668815,"Técnicos mecânicos na fabricação e montagem de máquinas, sistemas e instrumentos","02004","Controle e Processos Industriais","Eletrônica e Automação","Técnico em Eletrônica",1828,4018,0,5982,11828
"AM","Eletrônica","3144",927,1.64742896321203,"Técnicos mecânicos na manutenção de máquinas, sistemas e instrumentos","02004","Controle e Processos Industriais","Eletrônica e Automação","Técnico em Eletrônica",1828,4018,0,5982,11828
"AM","Eletrônica","3912",8324,2.47057061715754,"Técnicos de controle da produção","02004","Controle e Processos Industriais","Eletrônica e Automação","Técnico em Eletrônica",1828,4018,0,5982,11828
"AM","Eventos","3425",739,1.85488568740184,"Técnicos em transportes aéreos","13002","Turismo, Hospitalidade e Lazer","Apoio técnico a eventos","Técnico em Eventos",107,241,0,576,924
"AM","Fabricação Mecânica","3412",826,10.5722602260615,"Técnicos marítimos, fluviários e pescadores de convés","02006","Controle e Processos Industriais","Metalmecânica","Técnico em Fabricação Mecânica",0,0,0,132,132
"AM","Farmácia","3542",1372,1.01772862448665,"Compradores","01010","Ambiente e Saúde","Gestão e Promoção da Saúde e Bem-Estar","Técnico em Farmácia",903,0,0,182,1085
"AM","Finanças","3515",764,1.43503414928493,"Técnicos em secretariado, taquígrafos e estenotipistas","04007","Gestão e Negócios","Operações Financeiras","Técnico em Finanças",3329,0,0,26,3355
"AM","Gastronomia","3425",739,1.85488568740184,"Técnicos em transportes aéreos","13003","Turismo, Hospitalidade e Lazer","Serviços de Gastronomia","Técnico em Gastronomia",NA,NA,NA,NA,NA
"AM","Geodésia e Cartografia","3423",697,1.10171169256759,"Técnicos em transportes rodoviários","06007","Infraestrutura","Mensuração Espacial e Volumétrica","Técnico em Geodésia e Cartografia",0,0,0,0,0
"AM","Gerência em Saúde","3242",932,1.62088572286998,"Técnicos de laboratórios de saúde e bancos de sangue","01011","Ambiente e Saúde","Gestão e Promoção da Saúde e Bem-Estar","Técnico em Gerência em Saúde",NA,NA,NA,NA,NA
"AM","Hospedagem","3412",826,10.5722602260615,"Técnicos marítimos, fluviários e pescadores de convés","13005","Turismo, Hospitalidade e Lazer","Acolhimento e Hospedagem","Técnico em Hospedagem",249,128,0,59,436
"AM","Hospedagem","3911",3381,1.30013331536889,"Planejadores, programadores e controladores de produção e manutenção","13005","Turismo, Hospitalidade e Lazer","Acolhimento e Hospedagem","Técnico em Hospedagem",249,128,0,59,436
"AM","Informática","3132",2740,1.76519191708272,"Técnicos em eletrônica","05003","Informação e Comunicação","Desenvolvimento de Sistemas","Técnico em Informática",5400,21158,284,7716,34558
"AM","Informática","3912",8324,2.47057061715754,"Técnicos de controle da produção","05003","Informação e Comunicação","Desenvolvimento de Sistemas","Técnico em Informática",5400,21158,284,7716,34558
"AM","Marketing","3515",764,1.43503414928493,"Técnicos em secretariado, taquígrafos e estenotipistas","04009","Gestão e Negócios","Comercial","Técnico em Marketing",1417,0,0,0,1417
"AM","Marketing","3542",1372,1.01772862448665,"Compradores","04009","Gestão e Negócios","Comercial","Técnico em Marketing",1417,0,0,0,1417
"AM","Panificação","4102",1797,1.20832481339057,"Supervisores de serviços financeiros, de câmbio e de controle","08006","Produção Alimentícia","Este Eixo Tecnológico não possui divisão em Áreas Tecnológicas.","Técnico em Panificação",15,0,0,157,172
"AM","Radiologia","3516",1643,1.063082462092,"Técnicos em segurança do trabalho","01027","Ambiente e Saúde","Gestão e Promoção da Saúde e Bem-Estar","Técnico em Radiologia",1724,0,0,7868,9592
"AM","Órteses e Próteses","2523",2361,1.60537927291076,"Secretárias(os) executivas(os) e afins","01023","Ambiente e Saúde","Gestão e Promoção da Saúde e Bem-Estar","Técnico em Órteses e Próteses",0,0,0,152,152
"DF","Agenciamento de Viagem","4121",734,2.47925070352935,"Operadores de equipamentos de entrada e transmissão de dados","13001","Turismo, Hospitalidade e Lazer","Atividades Turísticas","Técnico em Agenciamento de Viagem",0,0,0,163,163
"DF","Cenografia","4121",734,2.47925070352935,"Operadores de equipamentos de entrada e transmissão de dados","09005","Produção Cultural e Design","Design","Técnico em Cenografia",24,0,0,0,24
"DF","Eventos","4121",734,2.47925070352935,"Operadores de equipamentos de entrada e transmissão de dados","13002","Turismo, Hospitalidade e Lazer","Apoio técnico a eventos","Técnico em Eventos",83,3808,0,178,4069
"DF","Informática","4121",734,2.47925070352935,"Operadores de equipamentos de entrada e transmissão de dados","05003","Informação e Comunicação","Desenvolvimento de Sistemas","Técnico em Informática",29812,2754,0,4067,36633
"DF","Órteses e Próteses","4121",734,2.47925070352935,"Operadores de equipamentos de entrada e transmissão de dados","01023","Ambiente e Saúde","Gestão e Promoção da Saúde e Bem-Estar","Técnico em Órteses e Próteses",0,0,0,165,165
"MA","Administração","4122",4633,3.85265306803068,"Contínuos","04001","Gestão e Negócios","Gerencial","Técnico em Administração",11849,20863,2203,5193,40108
"MA","Arquivo","4122",4633,3.85265306803068,"Contínuos","03002","Desenvolvimento Educacional e Social","Gestão Educacional","Técnico em Arquivo",0,0,0,0,0
"MA","Celulose e Papel","4122",4633,3.85265306803068,"Contínuos","10006","Produção Industrial","Química","Técnico em Celulose e Papel",0,299,0,0,299
"MA","Logística","4122",4633,3.85265306803068,"Contínuos","04008","Gestão e Negócios","Gerencial","Técnico em Logística",8260,3432,0,2935,14627
"MA","Marketing","4122",4633,3.85265306803068,"Contínuos","04009","Gestão e Negócios","Comercial","Técnico em Marketing",1842,232,0,0,2074
"MG","Administração","4131",33706,1.00842055417088,"Auxiliares de contabilidade","04001","Gestão e Negócios","Gerencial","Técnico em Administração",61065,42567,3119,92004,198755
"MG","Administração","4201",9370,1.05906323169563,"Supervisores de atendimento ao público e de pesquisa","04001","Gestão e Negócios","Gerencial","Técnico em Administração",61065,42567,3119,92004,198755
"MG","Administração","4231",4390,3.50863028497006,"Despachantes documentalistas e afins","04001","Gestão e Negócios","Gerencial","Técnico em Administração",61065,42567,3119,92004,198755
"MG","Administração","4241",716,1.09649296356305,"Entrevistadores e recenseadores","04001","Gestão e Negócios","Gerencial","Técnico em Administração",61065,42567,3119,92004,198755
"MG","Aeroportuário","7102",16511,1.16920751066571,"Supervisores da construção civil","06001","Infraestrutura","Operações de Transporte","Técnico em Aeroportuário",0,0,0,29,29
"MG","Aeroportuário","7111",9167,4.22885848121839,"Trabalhadores da extração de minerais sólidos","06001","Infraestrutura","Operações de Transporte","Técnico em Aeroportuário",0,0,0,29,29
"MG","Agenciamento de Viagem","5166",540,1.69778293282558,"Trabalhadores auxiliares dos serviços funerários","13001","Turismo, Hospitalidade e Lazer","Atividades Turísticas","Técnico em Agenciamento de Viagem",0,0,0,294,294
"MG","Agente Comunitário de Saúde","4241",716,1.09649296356305,"Entrevistadores e recenseadores","01001","Ambiente e Saúde","Gestão e Promoção da Saúde e Bem-Estar","Técnico em Agente Comunitário de Saúde",9077,6031,0,481,15589
"MG","Agente Comunitário de Saúde","5165",2258,1.46069287721527,"Trabalhadores dos serviços funerários","01001","Ambiente e Saúde","Gestão e Promoção da Saúde e Bem-Estar","Técnico em Agente Comunitário de Saúde",9077,6031,0,481,15589
"MG","Agrimensura","4152",7761,1.02608773915182,"Trabalhadores nos serviços de classificação e entregas de correspondências, encomendas e publicações","06002","Infraestrutura","Mensuração Espacial e Volumétrica","Técnico em Agrimensura",0,2166,0,3743,5909
"MG","Agrimensura","7101",2778,3.88706222168444,"Supervisores da extração mineral","06002","Infraestrutura","Mensuração Espacial e Volumétrica","Técnico em Agrimensura",0,2166,0,3743,5909
"MG","Agrimensura","7102",16511,1.16920751066571,"Supervisores da construção civil","06002","Infraestrutura","Mensuração Espacial e Volumétrica","Técnico em Agrimensura",0,2166,0,3743,5909
"MG","Agrimensura","7112",9113,2.40976404652925,"Trabalhadores de extração de minerais sólidos (operadores de máquinas)","06002","Infraestrutura","Mensuração Espacial e Volumétrica","Técnico em Agrimensura",0,2166,0,3743,5909
"MG","Agrimensura","7151",33805,1.61093682246246,"Trabalhadores na operação de máquinas de terraplenagem e fundações","06002","Infraestrutura","Mensuração Espacial e Volumétrica","Técnico em Agrimensura",0,2166,0,3743,5909
"MG","Agroecologia","4223",47352,1.22204301943636,"Operadores de telemarketing e afins","11002","Recursos Naturais","Produção Agrícola e Pecuária","Técnico em Agroecologia",1559,3125,0,230,4914
"MG","Alimentação Escolar","5162",13298,1.17973373671878,"Cuidadores de crianças, jovens, adultos e idosos","03001","Desenvolvimento Educacional e Social","Gestão Educacional","Técnico em Alimentação Escolar",0,1102,0,35,1137
"MG","Alimentação Escolar","5243",593,1.27347544241673,"Vendedores ambulantes","03001","Desenvolvimento Educacional e Social","Gestão Educacional","Técnico em Alimentação Escolar",0,1102,0,35,1137
"MG","Alimentos","5121",2862,1.15750016848405,"Trabalhadores dos serviços domésticos em geral","08002","Produção Alimentícia","Este Eixo Tecnológico não possui divisão em Áreas Tecnológicas.","Técnico em Alimentos",1188,14512,0,2359,18059
"MG","Análises Clínicas","5152",12123,1.17718372779854,"Auxiliares de laboratório da saúde","01002","Ambiente e Saúde","Gestão e Promoção da Saúde e Bem-Estar","Técnico em Análises Clínicas",NA,NA,NA,NA,NA
"MG","Análises Clínicas","6320",1311,4.58376492735639,"Trabalhadores florestais polivalentes","01002","Ambiente e Saúde","Gestão e Promoção da Saúde e Bem-Estar","Técnico em Análises Clínicas",NA,NA,NA,NA,NA
"MG","Arquivo","4151",2012,1.40408162082415,"Auxiliares de serviços de documentação, informação e pesquisa","03002","Desenvolvimento Educacional e Social","Gestão Educacional","Técnico em Arquivo",0,0,0,0,0
"MG","Arquivo","4152",7761,1.02608773915182,"Trabalhadores nos serviços de classificação e entregas de correspondências, encomendas e publicações","03002","Desenvolvimento Educacional e Social","Gestão Educacional","Técnico em Arquivo",0,0,0,0,0
"MG","Arquivo","4231",4390,3.50863028497006,"Despachantes documentalistas e afins","03002","Desenvolvimento Educacional e Social","Gestão Educacional","Técnico em Arquivo",0,0,0,0,0
"MG","Artes Circenses","5121",2862,1.15750016848405,"Trabalhadores dos serviços domésticos em geral","09001","Produção Cultural e Design","Manifestações Artísticas","Técnico em Artes Circenses",221,0,0,0,221
"MG","Artes Circenses","5166",540,1.69778293282558,"Trabalhadores auxiliares dos serviços funerários","09001","Produção Cultural e Design","Manifestações Artísticas","Técnico em Artes Circenses",221,0,0,0,221
"MG","Artes Circenses","6220",42980,1.4843551626213,"Trabalhadores de apoio à agricultura","09001","Produção Cultural e Design","Manifestações Artísticas","Técnico em Artes Circenses",221,0,0,0,221
"MG","Artes Visuais","5121",2862,1.15750016848405,"Trabalhadores dos serviços domésticos em geral","09002","Produção Cultural e Design","Manifestações Artísticas","Técnico em Artes Visuais",263,0,0,737,1000
"MG","Artes Visuais","7111",9167,4.22885848121839,"Trabalhadores da extração de minerais sólidos","09002","Produção Cultural e Design","Manifestações Artísticas","Técnico em Artes Visuais",263,0,0,737,1000
"MG","Artesanato","5152",12123,1.17718372779854,"Auxiliares de laboratório da saúde","09003","Produção Cultural e Design","Manifestações Artísticas","Técnico em Artesanato",0,56,0,14,70
"MG","Artesanato","5164",895,1.68091260475871,"Lavadores e passadores de roupa, a mão","09003","Produção Cultural e Design","Manifestações Artísticas","Técnico em Artesanato",0,56,0,14,70
"MG","Artesanato","5166",540,1.69778293282558,"Trabalhadores auxiliares dos serviços funerários","09003","Produção Cultural e Design","Manifestações Artísticas","Técnico em Artesanato",0,56,0,14,70
"MG","Artesanato","7102",16511,1.16920751066571,"Supervisores da construção civil","09003","Produção Cultural e Design","Manifestações Artísticas","Técnico em Artesanato",0,56,0,14,70
"MG","Automação Industrial","5231",2822,1.28375744811366,"Instaladores de produtos e acessórios","02001","Controle e Processos Industriais","Eletrônica e Automação","Técnico em Automação Industrial",0,11428,0,23109,34537
"MG","Açúcar e Álcool","6110",584,2.8102019063433,"Produtores agropecuários em geral","10001","Produção Industrial","Química","Técnico em Açúcar e Álcool",1041,390,0,1800,3231
"MG","Açúcar e Álcool","6201",6915,1.29942509174796,"Supervisores na exploração agropecuária","10001","Produção Industrial","Química","Técnico em Açúcar e Álcool",1041,390,0,1800,3231
"MG","Açúcar e Álcool","6210",85398,2.05736599212444,"Trabalhadores agropecuários em geral","10001","Produção Industrial","Química","Técnico em Açúcar e Álcool",1041,390,0,1800,3231
"MG","Açúcar e Álcool","6220",42980,1.4843551626213,"Trabalhadores de apoio à agricultura","10001","Produção Industrial","Química","Técnico em Açúcar e Álcool",1041,390,0,1800,3231
"MG","Açúcar e Álcool","6223",1122,1.50319346494266,"Trabalhadores agrícolas na olericultura","10001","Produção Industrial","Química","Técnico em Açúcar e Álcool",1041,390,0,1800,3231
"MG","Açúcar e Álcool","6224",2431,1.96390798258192,"Trabalhadores agrícolas no cultivo de flores e plantas ornamentais","10001","Produção Industrial","Química","Técnico em Açúcar e Álcool",1041,390,0,1800,3231
"MG","Açúcar e Álcool","6225",7462,1.99787080149022,"Trabalhadores agrícolas na fruticultura","10001","Produção Industrial","Química","Técnico em Açúcar e Álcool",1041,390,0,1800,3231
"MG","Açúcar e Álcool","6226",9376,8.39221276215732,"Trabalhadores agrícolas nas culturas de plantas estimulantes","10001","Produção Industrial","Química","Técnico em Açúcar e Álcool",1041,390,0,1800,3231
"MG","Açúcar e Álcool","6301",1782,2.64939817477617,"Supervisores na área florestal e aquicultura","10001","Produção Industrial","Química","Técnico em Açúcar e Álcool",1041,390,0,1800,3231
"MG","Açúcar e Álcool","6313",708,4.34606257304432,"Criadores de animais aquáticos","10001","Produção Industrial","Química","Técnico em Açúcar e Álcool",1041,390,0,1800,3231
"MG","Açúcar e Álcool","6320",1311,4.58376492735639,"Trabalhadores florestais polivalentes","10001","Produção Industrial","Química","Técnico em Açúcar e Álcool",1041,390,0,1800,3231
"MG","Açúcar e Álcool","6321",15700,2.50598337495731,"Extrativistas e reflorestadores de espécies produtoras de madeira","10001","Produção Industrial","Química","Técnico em Açúcar e Álcool",1041,390,0,1800,3231
"MG","Açúcar e Álcool","6322",504,5.00485510772482,"Extrativistas florestais de espécies produtoras de gomas e resinas","10001","Produção Industrial","Química","Técnico em Açúcar e Álcool",1041,390,0,1800,3231
"MG","Açúcar e Álcool","6326",5900,6.56868121673571,"Carvoejadores","10001","Produção Industrial","Química","Técnico em Açúcar e Álcool",1041,390,0,1800,3231
"MG","Açúcar e Álcool","6410",43474,1.38682447802286,"Trabalhadores da mecanização agrícola","10001","Produção Industrial","Química","Técnico em Açúcar e Álcool",1041,390,0,1800,3231
"MG","Açúcar e Álcool","6420",3356,1.80908201409194,"Trabalhadores da mecanização florestal","10001","Produção Industrial","Química","Técnico em Açúcar e Álcool",1041,390,0,1800,3231
"MG","Açúcar e Álcool","7101",2778,3.88706222168444,"Supervisores da extração mineral","10001","Produção Industrial","Química","Técnico em Açúcar e Álcool",1041,390,0,1800,3231
"MG","Açúcar e Álcool","7111",9167,4.22885848121839,"Trabalhadores da extração de minerais sólidos","10001","Produção Industrial","Química","Técnico em Açúcar e Álcool",1041,390,0,1800,3231
"MG","Açúcar e Álcool","7112",9113,2.40976404652925,"Trabalhadores de extração de minerais sólidos (operadores de máquinas)","10001","Produção Industrial","Química","Técnico em Açúcar e Álcool",1041,390,0,1800,3231
"MG","Açúcar e Álcool","7121",2833,3.12630031174721,"Trabalhadores de beneficiamento de minérios","10001","Produção Industrial","Química","Técnico em Açúcar e Álcool",1041,390,0,1800,3231
"MG","Açúcar e Álcool","7151",33805,1.61093682246246,"Trabalhadores na operação de máquinas de terraplenagem e fundações","10001","Produção Industrial","Química","Técnico em Açúcar e Álcool",1041,390,0,1800,3231
"MG","Biblioteconomia","4151",2012,1.40408162082415,"Auxiliares de serviços de documentação, informação e pesquisa","03003","Desenvolvimento Educacional e Social","Gestão Educacional","Técnico em Biblioteconomia",0,89,0,94,183
"MG","Biocombustíveis","6110",584,2.8102019063433,"Produtores agropecuários em geral","10003","Produção Industrial","Química","Técnico em Biocombustíveis",0,0,0,96,96
"MG","Biocombustíveis","6210",85398,2.05736599212444,"Trabalhadores agropecuários em geral","10003","Produção Industrial","Química","Técnico em Biocombustíveis",0,0,0,96,96
"MG","Biocombustíveis","6301",1782,2.64939817477617,"Supervisores na área florestal e aquicultura","10003","Produção Industrial","Química","Técnico em Biocombustíveis",0,0,0,96,96
"MG","Biotecnologia","6110",584,2.8102019063433,"Produtores agropecuários em geral","10004","Produção Industrial","Química","Técnico em Biotecnologia",50,657,0,2330,3037
"MG","Biotecnologia","6201",6915,1.29942509174796,"Supervisores na exploração agropecuária","10004","Produção Industrial","Química","Técnico em Biotecnologia",50,657,0,2330,3037
"MG","Biotecnologia","6210",85398,2.05736599212444,"Trabalhadores agropecuários em geral","10004","Produção Industrial","Química","Técnico em Biotecnologia",50,657,0,2330,3037
"MG","Biotecnologia","6233",6238,1.39012197885893,"Trabalhadores na avicultura e cunicultura","10004","Produção Industrial","Química","Técnico em Biotecnologia",50,657,0,2330,3037
"MG","Biotecnologia","6301",1782,2.64939817477617,"Supervisores na área florestal e aquicultura","10004","Produção Industrial","Química","Técnico em Biotecnologia",50,657,0,2330,3037
"MG","Brinquedoteca","5165",2258,1.46069287721527,"Trabalhadores dos serviços funerários","03004","Desenvolvimento Educacional e Social","Tecnologia, Inovação e Práticas Laboratoriais","Técnico em Brinquedoteca",NA,NA,NA,NA,NA
"MG","Brinquedoteca","6320",1311,4.58376492735639,"Trabalhadores florestais polivalentes","03004","Desenvolvimento Educacional e Social","Tecnologia, Inovação e Práticas Laboratoriais","Técnico em Brinquedoteca",NA,NA,NA,NA,NA
"MG","Canto","4223",47352,1.22204301943636,"Operadores de telemarketing e afins","09004","Produção Cultural e Design","Manifestações Artísticas","Técnico em Canto",270,0,0,14,284
"MG","Canto","5133",10614,1.04734289891572,"Camareiros, roupeiros e afins","09004","Produção Cultural e Design","Manifestações Artísticas","Técnico em Canto",270,0,0,14,284
"MG","Canto","5163",9164,1.10796354712959,"Tintureiros, lavadeiros e afins, a máquina","09004","Produção Cultural e Design","Manifestações Artísticas","Técnico em Canto",270,0,0,14,284
"MG","Canto","5164",895,1.68091260475871,"Lavadores e passadores de roupa, a mão","09004","Produção Cultural e Design","Manifestações Artísticas","Técnico em Canto",270,0,0,14,284
"MG","Canto","5192",2197,1.19852594933282,"Trabalhadores da coleta e seleção de material reciclável","09004","Produção Cultural e Design","Manifestações Artísticas","Técnico em Canto",270,0,0,14,284
"MG","Canto","6321",15700,2.50598337495731,"Extrativistas e reflorestadores de espécies produtoras de madeira","09004","Produção Cultural e Design","Manifestações Artísticas","Técnico em Canto",270,0,0,14,284
"MG","Canto","6326",5900,6.56868121673571,"Carvoejadores","09004","Produção Cultural e Design","Manifestações Artísticas","Técnico em Canto",270,0,0,14,284
"MG","Canto","6420",3356,1.80908201409194,"Trabalhadores da mecanização florestal","09004","Produção Cultural e Design","Manifestações Artísticas","Técnico em Canto",270,0,0,14,284
"MG","Celulose e Papel","6220",42980,1.4843551626213,"Trabalhadores de apoio à agricultura","10006","Produção Industrial","Química","Técnico em Celulose e Papel",469,0,0,175,644
"MG","Celulose e Papel","6226",9376,8.39221276215732,"Trabalhadores agrícolas nas culturas de plantas estimulantes","10006","Produção Industrial","Química","Técnico em Celulose e Papel",469,0,0,175,644
"MG","Celulose e Papel","6322",504,5.00485510772482,"Extrativistas florestais de espécies produtoras de gomas e resinas","10006","Produção Industrial","Química","Técnico em Celulose e Papel",469,0,0,175,644
"MG","Cenografia","4241",716,1.09649296356305,"Entrevistadores e recenseadores","09005","Produção Cultural e Design","Design","Técnico em Cenografia",0,0,0,0,0
"MG","Cerâmica","6110",584,2.8102019063433,"Produtores agropecuários em geral","10007","Produção Industrial","Materiais","Técnico em Cerâmica",0,0,0,0,0
"MG","Cerâmica","6223",1122,1.50319346494266,"Trabalhadores agrícolas na olericultura","10007","Produção Industrial","Materiais","Técnico em Cerâmica",0,0,0,0,0
"MG","Cerâmica","6224",2431,1.96390798258192,"Trabalhadores agrícolas no cultivo de flores e plantas ornamentais","10007","Produção Industrial","Materiais","Técnico em Cerâmica",0,0,0,0,0
"MG","Cerâmica","6225",7462,1.99787080149022,"Trabalhadores agrícolas na fruticultura","10007","Produção Industrial","Materiais","Técnico em Cerâmica",0,0,0,0,0
"MG","Cerâmica","6322",504,5.00485510772482,"Extrativistas florestais de espécies produtoras de gomas e resinas","10007","Produção Industrial","Materiais","Técnico em Cerâmica",0,0,0,0,0
"MG","Cerâmica","6430",1911,4.44508624309815,"Trabalhadores da irrigação e drenagem","10007","Produção Industrial","Materiais","Técnico em Cerâmica",0,0,0,0,0
"MG","Citopatologia","4151",2012,1.40408162082415,"Auxiliares de serviços de documentação, informação e pesquisa","01003","Ambiente e Saúde","Gestão e Promoção da Saúde e Bem-Estar","Técnico em Citopatologia",0,0,0,12,12
"MG","Citopatologia","7111",9167,4.22885848121839,"Trabalhadores da extração de minerais sólidos","01003","Ambiente e Saúde","Gestão e Promoção da Saúde e Bem-Estar","Técnico em Citopatologia",0,0,0,12,12
"MG","Composição e Arranjo","7113",1591,1.52645781473153,"Trabalhadores da extração de minerais líquidos e gasosos","09006","Produção Cultural e Design","Manifestações Artísticas","Técnico em Composição e Arranjo",0,0,0,24,24
"MG","Computação Gráfica","4201",9370,1.05906323169563,"Supervisores de atendimento ao público e de pesquisa","05001","Informação e Comunicação","Desenvolvimento de Sistemas","Técnico em Computação Gráfica",0,1267,0,514,1781
"MG","Computação Gráfica","7121",2833,3.12630031174721,"Trabalhadores de beneficiamento de minérios","05001","Informação e Comunicação","Desenvolvimento de Sistemas","Técnico em Computação Gráfica",0,1267,0,514,1781
"MG","Comércio","4131",33706,1.00842055417088,"Auxiliares de contabilidade","04002","Gestão e Negócios","Comercial","Técnico em Comércio",209,2225,131,880,3445
"MG","Comércio","4201",9370,1.05906323169563,"Supervisores de atendimento ao público e de pesquisa","04002","Gestão e Negócios","Comercial","Técnico em Comércio",209,2225,131,880,3445
"MG","Comércio","4212",2569,1.50796462044045,"Coletadores de apostas e de jogos","04002","Gestão e Negócios","Comercial","Técnico em Comércio",209,2225,131,880,3445
"MG","Comércio","5191",18312,1.08233893123511,"Motociclistas e ciclistas de entregas rápidas","04002","Gestão e Negócios","Comercial","Técnico em Comércio",209,2225,131,880,3445
"MG","Comércio Exterior","5211",467190,1.04150591575293,"Operadores do comércio em lojas e mercados","04003","Gestão e Negócios","Comercial","Técnico em Comércio Exterior",84,0,0,210,294
"MG","Condomínio","4212",2569,1.50796462044045,"Coletadores de apostas e de jogos","04004","Gestão e Negócios","Gerencial","Técnico em Condomínio",0,0,0,0,0
"MG","Confeitaria","5166",540,1.69778293282558,"Trabalhadores auxiliares dos serviços funerários","08004","Produção Alimentícia","Este Eixo Tecnológico não possui divisão em Áreas Tecnológicas.","Técnico em Confeitaria",0,278,0,146,424
"MG","Construção Naval","5193",4302,1.08022184098972,"Trabalhadores cuidadores de animais domésticos","10008","Produção Industrial","Manufatura","Técnico em Construção Naval",0,0,0,0,0
"MG","Construção Naval","6110",584,2.8102019063433,"Produtores agropecuários em geral","10008","Produção Industrial","Manufatura","Técnico em Construção Naval",0,0,0,0,0
"MG","Construção Naval","6201",6915,1.29942509174796,"Supervisores na exploração agropecuária","10008","Produção Industrial","Manufatura","Técnico em Construção Naval",0,0,0,0,0
"MG","Construção Naval","6210",85398,2.05736599212444,"Trabalhadores agropecuários em geral","10008","Produção Industrial","Manufatura","Técnico em Construção Naval",0,0,0,0,0
"MG","Construção Naval","6230",5300,1.10819017895603,"Tratadores polivalentes de animais","10008","Produção Industrial","Manufatura","Técnico em Construção Naval",0,0,0,0,0
"MG","Construção Naval","6231",23488,1.89319011366018,"Trabalhadores na pecuária de animais de grande porte","10008","Produção Industrial","Manufatura","Técnico em Construção Naval",0,0,0,0,0
"MG","Construção Naval","6232",5135,3.14922703703496,"Trabalhadores na pecuária de animais de médio porte","10008","Produção Industrial","Manufatura","Técnico em Construção Naval",0,0,0,0,0
"MG","Construção Naval","6233",6238,1.39012197885893,"Trabalhadores na avicultura e cunicultura","10008","Produção Industrial","Manufatura","Técnico em Construção Naval",0,0,0,0,0
"MG","Controle Ambiental","4241",716,1.09649296356305,"Entrevistadores e recenseadores","01004","Ambiente e Saúde","Proteção e Reabilitação de Ecossistemas","Técnico em Controle Ambiental",0,2861,0,485,3346
"MG","Controle Ambiental","5162",13298,1.17973373671878,"Cuidadores de crianças, jovens, adultos e idosos","01004","Ambiente e Saúde","Proteção e Reabilitação de Ecossistemas","Técnico em Controle Ambiental",0,2861,0,485,3346
"MG","Controle Ambiental","5192",2197,1.19852594933282,"Trabalhadores da coleta e seleção de material reciclável","01004","Ambiente e Saúde","Proteção e Reabilitação de Ecossistemas","Técnico em Controle Ambiental",0,2861,0,485,3346
"MG","Cooperativismo","4131",33706,1.00842055417088,"Auxiliares de contabilidade","04006","Gestão e Negócios","Gerencial","Técnico em Cooperativismo",598,45,69,35,747
"MG","Cooperativismo","4201",9370,1.05906323169563,"Supervisores de atendimento ao público e de pesquisa","04006","Gestão e Negócios","Gerencial","Técnico em Cooperativismo",598,45,69,35,747
"MG","Cooperativismo","4212",2569,1.50796462044045,"Coletadores de apostas e de jogos","04006","Gestão e Negócios","Gerencial","Técnico em Cooperativismo",598,45,69,35,747
"MG","Cooperativismo","4223",47352,1.22204301943636,"Operadores de telemarketing e afins","04006","Gestão e Negócios","Gerencial","Técnico em Cooperativismo",598,45,69,35,747
"MG","Cooperativismo","4231",4390,3.50863028497006,"Despachantes documentalistas e afins","04006","Gestão e Negócios","Gerencial","Técnico em Cooperativismo",598,45,69,35,747
"MG","Cooperativismo","5211",467190,1.04150591575293,"Operadores do comércio em lojas e mercados","04006","Gestão e Negócios","Gerencial","Técnico em Cooperativismo",598,45,69,35,747
"MG","Cooperativismo","5243",593,1.27347544241673,"Vendedores ambulantes","04006","Gestão e Negócios","Gerencial","Técnico em Cooperativismo",598,45,69,35,747
"MG","Dança","5164",895,1.68091260475871,"Lavadores e passadores de roupa, a mão","09008","Produção Cultural e Design","Manifestações Artísticas","Técnico em Dança",214,0,0,589,803
"MG","Defesa Civil","5121",2862,1.15750016848405,"Trabalhadores dos serviços domésticos em geral","12001","Segurança","Este Eixo Tecnológico não possui divisão em Áreas Tecnológicas.","Técnico em Defesa Civil",0,224,0,45,269
"MG","Defesa Civil","5133",10614,1.04734289891572,"Camareiros, roupeiros e afins","12001","Segurança","Este Eixo Tecnológico não possui divisão em Áreas Tecnológicas.","Técnico em Defesa Civil",0,224,0,45,269
"MG","Defesa Civil","5165",2258,1.46069287721527,"Trabalhadores dos serviços funerários","12001","Segurança","Este Eixo Tecnológico não possui divisão em Áreas Tecnológicas.","Técnico em Defesa Civil",0,224,0,45,269
"MG","Defesa Civil","5243",593,1.27347544241673,"Vendedores ambulantes","12001","Segurança","Este Eixo Tecnológico não possui divisão em Áreas Tecnológicas.","Técnico em Defesa Civil",0,224,0,45,269
"MG","Desenho de Construção Civil","6430",1911,4.44508624309815,"Trabalhadores da irrigação e drenagem","06004","Infraestrutura","Construção de Obras","Técnico em Desenho de Construção Civil",0,157,0,2708,2865
"MG","Desenho de Construção Civil","7151",33805,1.61093682246246,"Trabalhadores na operação de máquinas de terraplenagem e fundações","06004","Infraestrutura","Construção de Obras","Técnico em Desenho de Construção Civil",0,157,0,2708,2865
"MG","Desenvolvimento de Sistemas","6313",708,4.34606257304432,"Criadores de animais aquáticos","05002","Informação e Comunicação","Desenvolvimento de Sistemas","Técnico em Desenvolvimento de Sistemas",17771,4740,152,8160,30823
"MG","Edificações","4152",7761,1.02608773915182,"Trabalhadores nos serviços de classificação e entregas de correspondências, encomendas e publicações","06005","Infraestrutura","Construção de Obras","Técnico em Edificações",10,33216,1062,26678,60966
"MG","Edificações","5191",18312,1.08233893123511,"Motociclistas e ciclistas de entregas rápidas","06005","Infraestrutura","Construção de Obras","Técnico em Edificações",10,33216,1062,26678,60966
"MG","Edificações","7101",2778,3.88706222168444,"Supervisores da extração mineral","06005","Infraestrutura","Construção de Obras","Técnico em Edificações",10,33216,1062,26678,60966
"MG","Edificações","7102",16511,1.16920751066571,"Supervisores da construção civil","06005","Infraestrutura","Construção de Obras","Técnico em Edificações",10,33216,1062,26678,60966
"MG","Eletroeletrônica","5231",2822,1.28375744811366,"Instaladores de produtos e acessórios","02002","Controle e Processos Industriais","Eletrônica e Automação","Técnico em Eletroeletrônica",3871,4472,0,17079,25422
"MG","Eletroeletrônica","7122",4637,1.74224218605967,"Trabalhadores de beneficiamento de pedras ornamentais","02002","Controle e Processos Industriais","Eletrônica e Automação","Técnico em Eletroeletrônica",3871,4472,0,17079,25422
"MG","Eletromecânica","6326",5900,6.56868121673571,"Carvoejadores","02003","Controle e Processos Industriais","Eletrônica e Automação","Técnico em Eletromecânica",1167,6541,0,35876,43584
"MG","Eletromecânica","7113",1591,1.52645781473153,"Trabalhadores da extração de minerais líquidos e gasosos","02003","Controle e Processos Industriais","Eletrônica e Automação","Técnico em Eletromecânica",1167,6541,0,35876,43584
"MG","Eletrotécnica","5163",9164,1.10796354712959,"Tintureiros, lavadeiros e afins, a máquina","02005","Controle e Processos Industriais","Sistemas de Energia","Técnico em Eletrotécnica",3841,26131,1490,52126,83588
"MG","Eletrotécnica","6410",43474,1.38682447802286,"Trabalhadores da mecanização agrícola","02005","Controle e Processos Industriais","Sistemas de Energia","Técnico em Eletrotécnica",3841,26131,1490,52126,83588
"MG","Eletrotécnica","7122",4637,1.74224218605967,"Trabalhadores de beneficiamento de pedras ornamentais","02005","Controle e Processos Industriais","Sistemas de Energia","Técnico em Eletrotécnica",3841,26131,1490,52126,83588
"MG","Eletrônica","4231",4390,3.50863028497006,"Despachantes documentalistas e afins","02004","Controle e Processos Industriais","Eletrônica e Automação","Técnico em Eletrônica",6180,15738,1251,24927,48096
"MG","Eletrônica","5163",9164,1.10796354712959,"Tintureiros, lavadeiros e afins, a máquina","02004","Controle e Processos Industriais","Eletrônica e Automação","Técnico em Eletrônica",6180,15738,1251,24927,48096
"MG","Eletrônica","5164",895,1.68091260475871,"Lavadores e passadores de roupa, a mão","02004","Controle e Processos Industriais","Eletrônica e Automação","Técnico em Eletrônica",6180,15738,1251,24927,48096
"MG","Eletrônica","5191",18312,1.08233893123511,"Motociclistas e ciclistas de entregas rápidas","02004","Controle e Processos Industriais","Eletrônica e Automação","Técnico em Eletrônica",6180,15738,1251,24927,48096
"MG","Eletrônica","5231",2822,1.28375744811366,"Instaladores de produtos e acessórios","02004","Controle e Processos Industriais","Eletrônica e Automação","Técnico em Eletrônica",6180,15738,1251,24927,48096
"MG","Equipamentos Biomédicos","5152",12123,1.17718372779854,"Auxiliares de laboratório da saúde","01008","Ambiente e Saúde","Gestão e Promoção da Saúde e Bem-Estar","Técnico em Equipamentos Biomédicos",15,1513,0,1329,2857
"MG","Equipamentos Biomédicos","5163",9164,1.10796354712959,"Tintureiros, lavadeiros e afins, a máquina","01008","Ambiente e Saúde","Gestão e Promoção da Saúde e Bem-Estar","Técnico em Equipamentos Biomédicos",15,1513,0,1329,2857
"MG","Equipamentos Biomédicos","5164",895,1.68091260475871,"Lavadores e passadores de roupa, a mão","01008","Ambiente e Saúde","Gestão e Promoção da Saúde e Bem-Estar","Técnico em Equipamentos Biomédicos",15,1513,0,1329,2857
"MG","Estradas","7101",2778,3.88706222168444,"Supervisores da extração mineral","06006","Infraestrutura","Construção de Obras","Técnico em Estradas",0,1518,0,212,1730
"MG","Estética","5152",12123,1.17718372779854,"Auxiliares de laboratório da saúde","01009","Ambiente e Saúde","Gestão e Promoção da Saúde e Bem-Estar","Técnico em Estética",0,22,0,24105,24127
"MG","Estética","5211",467190,1.04150591575293,"Operadores do comércio em lojas e mercados","01009","Ambiente e Saúde","Gestão e Promoção da Saúde e Bem-Estar","Técnico em Estética",0,22,0,24105,24127
"MG","Fabricação Mecânica","6322",504,5.00485510772482,"Extrativistas florestais de espécies produtoras de gomas e resinas","02006","Controle e Processos Industriais","Metalmecânica","Técnico em Fabricação Mecânica",0,0,0,1377,1377
"MG","Fabricação Mecânica","7121",2833,3.12630031174721,"Trabalhadores de beneficiamento de minérios","02006","Controle e Processos Industriais","Metalmecânica","Técnico em Fabricação Mecânica",0,0,0,1377,1377
"MG","Geodésia e Cartografia","7101",2778,3.88706222168444,"Supervisores da extração mineral","06007","Infraestrutura","Mensuração Espacial e Volumétrica","Técnico em Geodésia e Cartografia",0,0,0,0,0
"MG","Geodésia e Cartografia","7112",9113,2.40976404652925,"Trabalhadores de extração de minerais sólidos (operadores de máquinas)","06007","Infraestrutura","Mensuração Espacial e Volumétrica","Técnico em Geodésia e Cartografia",0,0,0,0,0
"MG","Gerência em Saúde","5152",12123,1.17718372779854,"Auxiliares de laboratório da saúde","01011","Ambiente e Saúde","Gestão e Promoção da Saúde e Bem-Estar","Técnico em Gerência em Saúde",NA,NA,NA,NA,NA
"MG","Hospedagem","5191",18312,1.08233893123511,"Motociclistas e ciclistas de entregas rápidas","13005","Turismo, Hospitalidade e Lazer","Acolhimento e Hospedagem","Técnico em Hospedagem",163,5909,0,632,6704
"MG","Hospedagem","7112",9113,2.40976404652925,"Trabalhadores de extração de minerais sólidos (operadores de máquinas)","13005","Turismo, Hospitalidade e Lazer","Acolhimento e Hospedagem","Técnico em Hospedagem",163,5909,0,632,6704
"MG","Imagem Pessoal","5163",9164,1.10796354712959,"Tintureiros, lavadeiros e afins, a máquina","01014","Ambiente e Saúde","Gestão e Promoção da Saúde e Bem-Estar","Técnico em Imagem Pessoal",0,0,0,1076,1076
"MG","Imobilizações Ortopédicas","5165",2258,1.46069287721527,"Trabalhadores dos serviços funerários","01015","Ambiente e Saúde","Gestão e Promoção da Saúde e Bem-Estar","Técnico em Imobilizações Ortopédicas",0,0,0,64,64
"MG","Imobilizações Ortopédicas","5166",540,1.69778293282558,"Trabalhadores auxiliares dos serviços funerários","01015","Ambiente e Saúde","Gestão e Promoção da Saúde e Bem-Estar","Técnico em Imobilizações Ortopédicas",0,0,0,64,64
"MG","Imobilizações Ortopédicas","7121",2833,3.12630031174721,"Trabalhadores de beneficiamento de minérios","01015","Ambiente e Saúde","Gestão e Promoção da Saúde e Bem-Estar","Técnico em Imobilizações Ortopédicas",0,0,0,64,64
"MG","Lazer","5133",10614,1.04734289891572,"Camareiros, roupeiros e afins","13006","Turismo, Hospitalidade e Lazer","Recreação e Sociabilidade","Técnico em Lazer",0,0,0,0,0
"MG","Logística","4223",47352,1.22204301943636,"Operadores de telemarketing e afins","04008","Gestão e Negócios","Gerencial","Técnico em Logística",21076,9005,642,16959,47682
"MG","Manutenção e Suporte em Informática","4201",9370,1.05906323169563,"Supervisores de atendimento ao público e de pesquisa","05005","Informação e Comunicação","Infraestrutura de Informação e Comunicação","Técnico em Manutenção e Suporte em Informática",20,6087,0,1441,7548
"MG","Manutenção e Suporte em Informática","4212",2569,1.50796462044045,"Coletadores de apostas e de jogos","05005","Informação e Comunicação","Infraestrutura de Informação e Comunicação","Técnico em Manutenção e Suporte em Informática",20,6087,0,1441,7548
"MG","Manutenção e Suporte em Informática","5162",13298,1.17973373671878,"Cuidadores de crianças, jovens, adultos e idosos","05005","Informação e Comunicação","Infraestrutura de Informação e Comunicação","Técnico em Manutenção e Suporte em Informática",20,6087,0,1441,7548
"MG","Panificação","4151",2012,1.40408162082415,"Auxiliares de serviços de documentação, informação e pesquisa","08006","Produção Alimentícia","Este Eixo Tecnológico não possui divisão em Áreas Tecnológicas.","Técnico em Panificação",0,65,0,146,211
"MG","Prótese Dentária","5193",4302,1.08022184098972,"Trabalhadores cuidadores de animais domésticos","01026","Ambiente e Saúde","Gestão e Promoção da Saúde e Bem-Estar","Técnico em Prótese Dentária",0,620,0,10711,11331
"MG","Prótese Dentária","6210",85398,2.05736599212444,"Trabalhadores agropecuários em geral","01026","Ambiente e Saúde","Gestão e Promoção da Saúde e Bem-Estar","Técnico em Prótese Dentária",0,620,0,10711,11331
"MG","Prótese Dentária","6230",5300,1.10819017895603,"Tratadores polivalentes de animais","01026","Ambiente e Saúde","Gestão e Promoção da Saúde e Bem-Estar","Técnico em Prótese Dentária",0,620,0,10711,11331
"MG","Prótese Dentária","6231",23488,1.89319011366018,"Trabalhadores na pecuária de animais de grande porte","01026","Ambiente e Saúde","Gestão e Promoção da Saúde e Bem-Estar","Técnico em Prótese Dentária",0,620,0,10711,11331
"MG","Prótese Dentária","6232",5135,3.14922703703496,"Trabalhadores na pecuária de animais de médio porte","01026","Ambiente e Saúde","Gestão e Promoção da Saúde e Bem-Estar","Técnico em Prótese Dentária",0,620,0,10711,11331
"MG","Prótese Dentária","6233",6238,1.39012197885893,"Trabalhadores na avicultura e cunicultura","01026","Ambiente e Saúde","Gestão e Promoção da Saúde e Bem-Estar","Técnico em Prótese Dentária",0,620,0,10711,11331
"MG","Serviços de Restaurante e Bar","4152",7761,1.02608773915182,"Trabalhadores nos serviços de classificação e entregas de correspondências, encomendas e publicações","13008","Turismo, Hospitalidade e Lazer","Serviços de Gastronomia","Técnico em Serviços de Restaurante e Bar",NA,NA,NA,NA,NA
"MG","Viticultura e Enologia","5165",2258,1.46069287721527,"Trabalhadores dos serviços funerários","08007","Produção Alimentícia","Este Eixo Tecnológico não possui divisão em Áreas Tecnológicas.","Técnico em Viticultura e Enologia",0,0,0,0,0
"MG","Órteses e Próteses","4151",2012,1.40408162082415,"Auxiliares de serviços de documentação, informação e pesquisa","01023","Ambiente e Saúde","Gestão e Promoção da Saúde e Bem-Estar","Técnico em Órteses e Próteses",0,0,0,272,272
"MG","Órteses e Próteses","6320",1311,4.58376492735639,"Trabalhadores florestais polivalentes","01023","Ambiente e Saúde","Gestão e Promoção da Saúde e Bem-Estar","Técnico em Órteses e Próteses",0,0,0,272,272
"PE","Aeroportuário","7152",1584,1.95266233362876,"Trabalhadores de estruturas de alvenaria","06001","Infraestrutura","Operações de Transporte","Técnico em Aeroportuário",0,0,0,77,77
"PE","Agrimensura","7152",1584,1.95266233362876,"Trabalhadores de estruturas de alvenaria","06002","Infraestrutura","Mensuração Espacial e Volumétrica","Técnico em Agrimensura",0,102,0,0,102
"PE","Arquivo","7152",1584,1.95266233362876,"Trabalhadores de estruturas de alvenaria","03002","Desenvolvimento Educacional e Social","Gestão Educacional","Técnico em Arquivo",0,0,0,0,0
"PE","Artes Circenses","7152",1584,1.95266233362876,"Trabalhadores de estruturas de alvenaria","09001","Produção Cultural e Design","Manifestações Artísticas","Técnico em Artes Circenses",0,0,0,0,0
"PE","Automação Industrial","7152",1584,1.95266233362876,"Trabalhadores de estruturas de alvenaria","02001","Controle e Processos Industriais","Eletrônica e Automação","Técnico em Automação Industrial",0,2225,0,5610,7835
"RS","Aeroportuário","7163",1739,1.10678802548994,"Vidraceiros (revestimentos rígidos)","06001","Infraestrutura","Operações de Transporte","Técnico em Aeroportuário",0,0,0,0,0
"RS","Aeroportuário","7164",1368,1.07282930295526,"Gesseiros","06001","Infraestrutura","Operações de Transporte","Técnico em Aeroportuário",0,0,0,0,0
"RS","Aeroportuário","7166",5901,1.17748931461006,"Pintores de obras e revestidores de interiores (revestimentos flexíveis)","06001","Infraestrutura","Operações de Transporte","Técnico em Aeroportuário",0,0,0,0,0
"RS","Agrimensura","7164",1368,1.07282930295526,"Gesseiros","06002","Infraestrutura","Mensuração Espacial e Volumétrica","Técnico em Agrimensura",0,23,0,596,619
"RS","Artesanato","7163",1739,1.10678802548994,"Vidraceiros (revestimentos rígidos)","09003","Produção Cultural e Design","Manifestações Artísticas","Técnico em Artesanato",0,0,0,59,59
"RS","Automação Industrial","7201",1943,1.69183432445842,"Supervisores de usinagem, conformação e tratamento de metais","02001","Controle e Processos Industriais","Eletrônica e Automação","Técnico em Automação Industrial",0,8042,0,8493,16535
"RS","Canto","7166",5901,1.17748931461006,"Pintores de obras e revestidores de interiores (revestimentos flexíveis)","09004","Produção Cultural e Design","Manifestações Artísticas","Técnico em Canto",0,0,0,57,57
"RS","Composição e Arranjo","7154",1689,1.07309719693268,"Trabalhadores na operação de máquinas de concreto usinado e afins","09006","Produção Cultural e Design","Manifestações Artísticas","Técnico em Composição e Arranjo",0,0,0,178,178
"RS","Confeitaria","7164",1368,1.07282930295526,"Gesseiros","08004","Produção Alimentícia","Este Eixo Tecnológico não possui divisão em Áreas Tecnológicas.","Técnico em Confeitaria",244,0,0,0,244
"RS","Confeitaria","7166",5901,1.17748931461006,"Pintores de obras e revestidores de interiores (revestimentos flexíveis)","08004","Produção Alimentícia","Este Eixo Tecnológico não possui divisão em Áreas Tecnológicas.","Técnico em Confeitaria",244,0,0,0,244
"RS","Desenho de Construção Civil","7154",1689,1.07309719693268,"Trabalhadores na operação de máquinas de concreto usinado e afins","06004","Infraestrutura","Construção de Obras","Técnico em Desenho de Construção Civil",5,26,0,8,39
"RS","Edificações","7154",1689,1.07309719693268,"Trabalhadores na operação de máquinas de concreto usinado e afins","06005","Infraestrutura","Construção de Obras","Técnico em Edificações",11130,11285,0,5823,28238
"RS","Eletroeletrônica","7154",1689,1.07309719693268,"Trabalhadores na operação de máquinas de concreto usinado e afins","02002","Controle e Processos Industriais","Eletrônica e Automação","Técnico em Eletroeletrônica",2430,1892,0,4196,8518
"RS","Eletroeletrônica","7201",1943,1.69183432445842,"Supervisores de usinagem, conformação e tratamento de metais","02002","Controle e Processos Industriais","Eletrônica e Automação","Técnico em Eletroeletrônica",2430,1892,0,4196,8518
"RS","Eletromecânica","7201",1943,1.69183432445842,"Supervisores de usinagem, conformação e tratamento de metais","02003","Controle e Processos Industriais","Eletrônica e Automação","Técnico em Eletromecânica",7305,9969,0,4109,21383
"RS","Fabricação Mecânica","7164",1368,1.07282930295526,"Gesseiros","02006","Controle e Processos Industriais","Metalmecânica","Técnico em Fabricação Mecânica",0,4999,0,353,5352
"RS","Fundição","7201",1943,1.69183432445842,"Supervisores de usinagem, conformação e tratamento de metais","02008","Controle e Processos Industriais","Metalmecânica","Técnico em Fundição",0,0,0,0,0
"RS","Gastronomia","7201",1943,1.69183432445842,"Supervisores de usinagem, conformação e tratamento de metais","13003","Turismo, Hospitalidade e Lazer","Serviços de Gastronomia","Técnico em Gastronomia",NA,NA,NA,NA,NA
"RS","Hospedagem","7154",1689,1.07309719693268,"Trabalhadores na operação de máquinas de concreto usinado e afins","13005","Turismo, Hospitalidade e Lazer","Acolhimento e Hospedagem","Técnico em Hospedagem",255,443,305,0,1003
"RS","Viticultura e Enologia","7164",1368,1.07282930295526,"Gesseiros","08007","Produção Alimentícia","Este Eixo Tecnológico não possui divisão em Áreas Tecnológicas.","Técnico em Viticultura e Enologia",0,1275,0,0,1275
"SP","Aeroportuário","7764",692,1.79727664642869,"Confeccionadores de artefatos de madeira, móveis de vime e afins","06001","Infraestrutura","Operações de Transporte","Técnico em Aeroportuário",0,0,0,10,10
"SP","Aeroportuário","8621",82829,1.06294601833863,"Operadores de máquinas a vapor e utilidades","06001","Infraestrutura","Operações de Transporte","Técnico em Aeroportuário",0,0,0,10,10
"SP","Agenciamento de Viagem","7202",8074,1.42100811211066,"Supervisores da fabricação e montagem metalmecânica","13001","Turismo, Hospitalidade e Lazer","Atividades Turísticas","Técnico em Agenciamento de Viagem",5977,27,0,356,6360
"SP","Agenciamento de Viagem","7643",3386,1.37644890983948,"Trabalhadores de acabamento de calçados","13001","Turismo, Hospitalidade e Lazer","Atividades Turísticas","Técnico em Agenciamento de Viagem",5977,27,0,356,6360
"SP","Agente Comunitário de Saúde","7301",4268,1.23704807561728,"Supervisores de montagens e instalações eletroeletrônicas","01001","Ambiente e Saúde","Gestão e Promoção da Saúde e Bem-Estar","Técnico em Agente Comunitário de Saúde",1194,0,0,1084,2278
"SP","Agrimensura","7682",534,1.38036945100897,"Trabalhadores artesanais da confecção de peças e tecidos","06002","Infraestrutura","Mensuração Espacial e Volumétrica","Técnico em Agrimensura",4063,0,0,1597,5660
"SP","Agrimensura","7822",72746,1.19354741857055,"Operadores de equipamentos de movimentação de cargas","06002","Infraestrutura","Mensuração Espacial e Volumétrica","Técnico em Agrimensura",4063,0,0,1597,5660
"SP","Agrimensura","8624",1167,1.70052832950376,"Operadores de instalações de extração, processamento, envasamento e distribuição de gases","06002","Infraestrutura","Mensuração Espacial e Volumétrica","Técnico em Agrimensura",4063,0,0,1597,5660
"SP","Agroindústria","7681",656,1.59122759702508,"Trabalhadores de tecelagem manual, tricô, crochê, rendas e afins","08001","Produção Alimentícia","Este Eixo Tecnológico não possui divisão em Áreas Tecnológicas.","Técnico em Agroindústria",6362,1657,0,0,8019
"SP","Agroindústria","7682",534,1.38036945100897,"Trabalhadores artesanais da confecção de peças e tecidos","08001","Produção Alimentícia","Este Eixo Tecnológico não possui divisão em Áreas Tecnológicas.","Técnico em Agroindústria",6362,1657,0,0,8019
"SP","Alimentos","7643",3386,1.37644890983948,"Trabalhadores de acabamento de calçados","08002","Produção Alimentícia","Este Eixo Tecnológico não possui divisão em Áreas Tecnológicas.","Técnico em Alimentos",18292,3511,0,6521,28324
"SP","Alimentos","7651",1622,1.42795419973946,"Trabalhadores da preparação de artefatos de tecidos, couros e tapeçaria","08002","Produção Alimentícia","Este Eixo Tecnológico não possui divisão em Áreas Tecnológicas.","Técnico em Alimentos",18292,3511,0,6521,28324
"SP","Alimentos","7664",653,1.40999166445732,"Trabalhadores de laboratório fotográfico e radiológico","08002","Produção Alimentícia","Este Eixo Tecnológico não possui divisão em Áreas Tecnológicas.","Técnico em Alimentos",18292,3511,0,6521,28324
"SP","Alimentos","7683",2935,1.32212126820686,"Trabalhadores artesanais da confecção de calçados e artefatos de couros e peles","08002","Produção Alimentícia","Este Eixo Tecnológico não possui divisão em Áreas Tecnológicas.","Técnico em Alimentos",18292,3511,0,6521,28324
"SP","Análises Clínicas","8181",8990,1.03379642390172,"Laboratoristas industriais auxiliares","01002","Ambiente e Saúde","Gestão e Promoção da Saúde e Bem-Estar","Técnico em Análises Clínicas",NA,NA,NA,NA,NA
"SP","Arquivo","8181",8990,1.03379642390172,"Laboratoristas industriais auxiliares","03002","Desenvolvimento Educacional e Social","Gestão Educacional","Técnico em Arquivo",90,0,0,0,90
"SP","Artes Circenses","7202",8074,1.42100811211066,"Supervisores da fabricação e montagem metalmecânica","09001","Produção Cultural e Design","Manifestações Artísticas","Técnico em Artes Circenses",0,0,0,37,37
"SP","Artes Circenses","7211",12132,1.64055876778639,"Ferramenteiros e afins","09001","Produção Cultural e Design","Manifestações Artísticas","Técnico em Artes Circenses",0,0,0,37,37
"SP","Artes Circenses","7241",28506,1.07755353182912,"Encanadores e instaladores de tubulações","09001","Produção Cultural e Design","Manifestações Artísticas","Técnico em Artes Circenses",0,0,0,37,37
"SP","Artes Circenses","7250",12216,1.23730382288382,"Ajustadores mecânicos polivalentes e afins","09001","Produção Cultural e Design","Manifestações Artísticas","Técnico em Artes Circenses",0,0,0,37,37
"SP","Artes Circenses","7502",506,2.44880934923687,"Supervisores de vidraria, cerâmica e afins","09001","Produção Cultural e Design","Manifestações Artísticas","Técnico em Artes Circenses",0,0,0,37,37
"SP","Artes Circenses","7523",13617,2.00171071841409,"Ceramistas (preparação e fabricação)","09001","Produção Cultural e Design","Manifestações Artísticas","Técnico em Artes Circenses",0,0,0,37,37
"SP","Artes Circenses","7524",1470,2.65058925546966,"Vidreiros e ceramistas (arte e decoração)","09001","Produção Cultural e Design","Manifestações Artísticas","Técnico em Artes Circenses",0,0,0,37,37
"SP","Artes Circenses","7605",823,1.1131857638646,"Supervisores da confecção de artefatos de tecidos, couros e afins","09001","Produção Cultural e Design","Manifestações Artísticas","Técnico em Artes Circenses",0,0,0,37,37
"SP","Artes Circenses","7620",1157,1.45301278506422,"Trabalhadores polivalentes do curtimento de couros e peles","09001","Produção Cultural e Design","Manifestações Artísticas","Técnico em Artes Circenses",0,0,0,37,37
"SP","Artes Circenses","7643",3386,1.37644890983948,"Trabalhadores de acabamento de calçados","09001","Produção Cultural e Design","Manifestações Artísticas","Técnico em Artes Circenses",0,0,0,37,37
"SP","Artes Circenses","7651",1622,1.42795419973946,"Trabalhadores da preparação de artefatos de tecidos, couros e tapeçaria","09001","Produção Cultural e Design","Manifestações Artísticas","Técnico em Artes Circenses",0,0,0,37,37
"SP","Artes Circenses","7653",1445,1.66978528628401,"Operadores de máquinas na confecção de artefatos de  couro","09001","Produção Cultural e Design","Manifestações Artísticas","Técnico em Artes Circenses",0,0,0,37,37
"SP","Artes Circenses","7654",1132,1.60682703499256,"Trabalhadores do acabamento de artefatos de tecidos e couros","09001","Produção Cultural e Design","Manifestações Artísticas","Técnico em Artes Circenses",0,0,0,37,37
"SP","Artes Circenses","7683",2935,1.32212126820686,"Trabalhadores artesanais da confecção de calçados e artefatos de couros e peles","09001","Produção Cultural e Design","Manifestações Artísticas","Técnico em Artes Circenses",0,0,0,37,37
"SP","Artes Circenses","8114",3789,1.98212383808056,"Operadores de equipamentos de destilação, evaporação e reação","09001","Produção Cultural e Design","Manifestações Artísticas","Técnico em Artes Circenses",0,0,0,37,37
"SP","Artes Circenses","8231",1477,1.6615135867323,"Operadores na preparação de massas para abrasivo, vidro, cerâmica, porcelana e materiais de construção","09001","Produção Cultural e Design","Manifestações Artísticas","Técnico em Artes Circenses",0,0,0,37,37
"SP","Artes Circenses","8413",6942,3.02879567018309,"Trabalhadores na fabricação e refino de açúcar","09001","Produção Cultural e Design","Manifestações Artísticas","Técnico em Artes Circenses",0,0,0,37,37
"SP","Artes Circenses","8417",2177,1.24593153801757,"Trabalhadores na fabricação de cachaça, cerveja, vinhos e outras bebidas","09001","Produção Cultural e Design","Manifestações Artísticas","Técnico em Artes Circenses",0,0,0,37,37
"SP","Artes Circenses","8418",17986,1.44746462554592,"Operadores de equipamentos na fabricação de pães, massas alimentícias, doces, chocolates e achocolatados","09001","Produção Cultural e Design","Manifestações Artísticas","Técnico em Artes Circenses",0,0,0,37,37
"SP","Artes Visuais","7411",2799,1.19932344456541,"Mecânicos de instrumentos de precisão","09002","Produção Cultural e Design","Manifestações Artísticas","Técnico em Artes Visuais",0,0,1131,1056,2187
"SP","Artes Visuais","7510",985,1.6217766841764,"Joalheiros e lapidadores de gemas","09002","Produção Cultural e Design","Manifestações Artísticas","Técnico em Artes Visuais",0,0,1131,1056,2187
"SP","Artes Visuais","7511",3494,2.25267909834697,"Artesãos de metais preciosos e semipreciosos","09002","Produção Cultural e Design","Manifestações Artísticas","Técnico em Artes Visuais",0,0,1131,1056,2187
"SP","Artes Visuais","7751",1358,1.13656892172206,"Trabalhadores de arte e  do acabamento em madeira do mobiliário","09002","Produção Cultural e Design","Manifestações Artísticas","Técnico em Artes Visuais",0,0,1131,1056,2187
"SP","Artes Visuais","7764",692,1.79727664642869,"Confeccionadores de artefatos de madeira, móveis de vime e afins","09002","Produção Cultural e Design","Manifestações Artísticas","Técnico em Artes Visuais",0,0,1131,1056,2187
"SP","Artes Visuais","7801",2587,1.47104573262905,"Supervisores de trabalhadores de embalagem e etiquetagem","09002","Produção Cultural e Design","Manifestações Artísticas","Técnico em Artes Visuais",0,0,1131,1056,2187
"SP","Artes Visuais","8102",3927,1.60307876538092,"Supervisores de produção em indústrias de transformação de plásticos e borrachas","09002","Produção Cultural e Design","Manifestações Artísticas","Técnico em Artes Visuais",0,0,1131,1056,2187
"SP","Artes Visuais","8111",7945,1.74634711424634,"Operadores de equipamentos de moagem e mistura de materiais (tratamentos químicos e afins)","09002","Produção Cultural e Design","Manifestações Artísticas","Técnico em Artes Visuais",0,0,1131,1056,2187
"SP","Artes Visuais","8117",40984,1.59693771976559,"Operadores de instalações e máquinas de produtos plásticos, de borracha e moldadores de parafinas","09002","Produção Cultural e Design","Manifestações Artísticas","Técnico em Artes Visuais",0,0,1131,1056,2187
"SP","Artes Visuais","8202",2190,1.56773695713583,"Supervisores na fabricação de materiais para construção (vidros e cerâmicas)","09002","Produção Cultural e Design","Manifestações Artísticas","Técnico em Artes Visuais",0,0,1131,1056,2187
"SP","Artesanato","7202",8074,1.42100811211066,"Supervisores da fabricação e montagem metalmecânica","09003","Produção Cultural e Design","Manifestações Artísticas","Técnico em Artesanato",0,0,92,0,92
"SP","Artesanato","7224",3056,1.86196438025393,"Trabalhadores de trefilação e estiramento de metais puros e ligas metálicas","09003","Produção Cultural e Design","Manifestações Artísticas","Técnico em Artesanato",0,0,92,0,92
"SP","Artesanato","7255",15923,1.28623720087709,"Montadores de veículos automotores (linha de montagem)","09003","Produção Cultural e Design","Manifestações Artísticas","Técnico em Artesanato",0,0,92,0,92
"SP","Artesanato","7301",4268,1.23704807561728,"Supervisores de montagens e instalações eletroeletrônicas","09003","Produção Cultural e Design","Manifestações Artísticas","Técnico em Artesanato",0,0,92,0,92
"SP","Artesanato","7502",506,2.44880934923687,"Supervisores de vidraria, cerâmica e afins","09003","Produção Cultural e Design","Manifestações Artísticas","Técnico em Artesanato",0,0,92,0,92
"SP","Artesanato","7522",2052,1.12237259338939,"Trabalhadores da transformação de vidros planos","09003","Produção Cultural e Design","Manifestações Artísticas","Técnico em Artesanato",0,0,92,0,92
"SP","Artesanato","7524",1470,2.65058925546966,"Vidreiros e ceramistas (arte e decoração)","09003","Produção Cultural e Design","Manifestações Artísticas","Técnico em Artesanato",0,0,92,0,92
"SP","Artesanato","7601",3941,1.29451445205015,"Supervisores da indústria têxtil","09003","Produção Cultural e Design","Manifestações Artísticas","Técnico em Artesanato",0,0,92,0,92
"SP","Artesanato","7603",4503,1.17778900925361,"Supervisores na confecção do vestuário","09003","Produção Cultural e Design","Manifestações Artísticas","Técnico em Artesanato",0,0,92,0,92
"SP","Artesanato","7605",823,1.1131857638646,"Supervisores da confecção de artefatos de tecidos, couros e afins","09003","Produção Cultural e Design","Manifestações Artísticas","Técnico em Artesanato",0,0,92,0,92
"SP","Artesanato","7606",1846,1.7503416816589,"Supervisores das artes gráficas","09003","Produção Cultural e Design","Manifestações Artísticas","Técnico em Artesanato",0,0,92,0,92
"SP","Artesanato","7612",4447,1.4210168903932,"Operadores da fiação","09003","Produção Cultural e Design","Manifestações Artísticas","Técnico em Artesanato",0,0,92,0,92
"SP","Artesanato","7614",5393,1.17124443001475,"Trabalhadores de acabamento, tingimento e estamparia das indústrias têxteis","09003","Produção Cultural e Design","Manifestações Artísticas","Técnico em Artesanato",0,0,92,0,92
"SP","Artesanato","7618",5964,1.04783794839047,"Inspetores e revisores de produção têxtil","09003","Produção Cultural e Design","Manifestações Artísticas","Técnico em Artesanato",0,0,92,0,92
"SP","Artesanato","7654",1132,1.60682703499256,"Trabalhadores do acabamento de artefatos de tecidos e couros","09003","Produção Cultural e Design","Manifestações Artísticas","Técnico em Artesanato",0,0,92,0,92
"SP","Artesanato","7682",534,1.38036945100897,"Trabalhadores artesanais da confecção de peças e tecidos","09003","Produção Cultural e Design","Manifestações Artísticas","Técnico em Artesanato",0,0,92,0,92
"SP","Artesanato","7801",2587,1.47104573262905,"Supervisores de trabalhadores de embalagem e etiquetagem","09003","Produção Cultural e Design","Manifestações Artísticas","Técnico em Artesanato",0,0,92,0,92
"SP","Artesanato","7842",432275,1.0763338697998,"Alimentadores de linhas de produção","09003","Produção Cultural e Design","Manifestações Artísticas","Técnico em Artesanato",0,0,92,0,92
"SP","Artesanato","8101",3747,1.68765771685177,"Supervisores de produção em indústrias químicas, petroquímicas e afins","09003","Produção Cultural e Design","Manifestações Artísticas","Técnico em Artesanato",0,0,92,0,92
"SP","Artesanato","8102",3927,1.60307876538092,"Supervisores de produção em indústrias de transformação de plásticos e borrachas","09003","Produção Cultural e Design","Manifestações Artísticas","Técnico em Artesanato",0,0,92,0,92
"SP","Artesanato","8103",1333,1.86450798480421,"Supervisores de produção em indústrias de produtos farmacêuticos, cosméticos e afins","09003","Produção Cultural e Design","Manifestações Artísticas","Técnico em Artesanato",0,0,92,0,92
"SP","Artesanato","8202",2190,1.56773695713583,"Supervisores na fabricação de materiais para construção (vidros e cerâmicas)","09003","Produção Cultural e Design","Manifestações Artísticas","Técnico em Artesanato",0,0,92,0,92
"SP","Artesanato","8231",1477,1.6615135867323,"Operadores na preparação de massas para abrasivo, vidro, cerâmica, porcelana e materiais de construção","09003","Produção Cultural e Design","Manifestações Artísticas","Técnico em Artesanato",0,0,92,0,92
"SP","Artesanato","8232",3913,1.97255750872192,"Operadores de equipamentos de fabricação  e beneficiamento de cristais, vidros, cerâmicas, porcelanas, fibras de vidro, abrasivos e afins","09003","Produção Cultural e Design","Manifestações Artísticas","Técnico em Artesanato",0,0,92,0,92
"SP","Automação Industrial","7202",8074,1.42100811211066,"Supervisores da fabricação e montagem metalmecânica","02001","Controle e Processos Industriais","Eletrônica e Automação","Técnico em Automação Industrial",43022,19388,838,19344,82592
"SP","Automação Industrial","7212",80516,1.58808124549326,"Preparadores e operadores de máquinas-ferramenta convencionais","02001","Controle e Processos Industriais","Eletrônica e Automação","Técnico em Automação Industrial",43022,19388,838,19344,82592
"SP","Automação Industrial","7221",1874,1.09039930641034,"Trabalhadores de forjamento de metais","02001","Controle e Processos Industriais","Eletrônica e Automação","Técnico em Automação Industrial",43022,19388,838,19344,82592
"SP","Automação Industrial","7256",2164,6.30785913792528,"Montadores de sistemas e estruturas de aeronaves","02001","Controle e Processos Industriais","Eletrônica e Automação","Técnico em Automação Industrial",43022,19388,838,19344,82592
"SP","Automação Industrial","7301",4268,1.23704807561728,"Supervisores de montagens e instalações eletroeletrônicas","02001","Controle e Processos Industriais","Eletrônica e Automação","Técnico em Automação Industrial",43022,19388,838,19344,82592
"SP","Automação Industrial","7311",42637,1.0907687137413,"Montadores de equipamentos eletroeletrônicos","02001","Controle e Processos Industriais","Eletrônica e Automação","Técnico em Automação Industrial",43022,19388,838,19344,82592
"SP","Automação Industrial","7411",2799,1.19932344456541,"Mecânicos de instrumentos de precisão","02001","Controle e Processos Industriais","Eletrônica e Automação","Técnico em Automação Industrial",43022,19388,838,19344,82592
"SP","Automação Industrial","7502",506,2.44880934923687,"Supervisores de vidraria, cerâmica e afins","02001","Controle e Processos Industriais","Eletrônica e Automação","Técnico em Automação Industrial",43022,19388,838,19344,82592
"SP","Automação Industrial","7613",11350,1.45842719742421,"Operadores de tear e máquinas similares","02001","Controle e Processos Industriais","Eletrônica e Automação","Técnico em Automação Industrial",43022,19388,838,19344,82592
"SP","Automação Industrial","7811",1227,1.78870454924023,"Condutores de processos robotizados","02001","Controle e Processos Industriais","Eletrônica e Automação","Técnico em Automação Industrial",43022,19388,838,19344,82592
"SP","Automação Industrial","7841",82720,1.1570430298953,"Trabalhadores de embalagem e de etiquetagem","02001","Controle e Processos Industriais","Eletrônica e Automação","Técnico em Automação Industrial",43022,19388,838,19344,82592
"SP","Automação Industrial","8202",2190,1.56773695713583,"Supervisores na fabricação de materiais para construção (vidros e cerâmicas)","02001","Controle e Processos Industriais","Eletrônica e Automação","Técnico em Automação Industrial",43022,19388,838,19344,82592
"SP","Automação Industrial","8417",2177,1.24593153801757,"Trabalhadores na fabricação de cachaça, cerveja, vinhos e outras bebidas","02001","Controle e Processos Industriais","Eletrônica e Automação","Técnico em Automação Industrial",43022,19388,838,19344,82592
"SP","Automação Industrial","8418",17986,1.44746462554592,"Operadores de equipamentos na fabricação de pães, massas alimentícias, doces, chocolates e achocolatados","02001","Controle e Processos Industriais","Eletrônica e Automação","Técnico em Automação Industrial",43022,19388,838,19344,82592
"SP","Automação Industrial","8612",540,1.03603056689286,"Operadores de instalações de distribuição de energia elétrica","02001","Controle e Processos Industriais","Eletrônica e Automação","Técnico em Automação Industrial",43022,19388,838,19344,82592
"SP","Automação Industrial","9112",10267,1.09059207431526,"Mecânicos de manutenção e instalação de aparelhos de  climatização e refrigeração","02001","Controle e Processos Industriais","Eletrônica e Automação","Técnico em Automação Industrial",43022,19388,838,19344,82592
"SP","Automação Industrial","9141",3340,1.58314837926794,"Mecânicos de manutenção aeronáutica","02001","Controle e Processos Industriais","Eletrônica e Automação","Técnico em Automação Industrial",43022,19388,838,19344,82592
"SP","Automação Industrial","9151",1440,1.25859556201237,"Técnicos em manutenção e reparação de instrumentos de medição e precisão","02001","Controle e Processos Industriais","Eletrônica e Automação","Técnico em Automação Industrial",43022,19388,838,19344,82592
"SP","Açúcar e Álcool","7253",1886,1.15337448448157,"Montadores de máquinas pesadas e equipamentos agrícolas","10001","Produção Industrial","Química","Técnico em Açúcar e Álcool",13654,789,110,3120,17673
"SP","Canto","7224",3056,1.86196438025393,"Trabalhadores de trefilação e estiramento de metais puros e ligas metálicas","09004","Produção Cultural e Design","Manifestações Artísticas","Técnico em Canto",2057,0,1039,939,4035
"SP","Canto","7252",15887,1.14514932892166,"Montadores de máquinas industriais","09004","Produção Cultural e Design","Manifestações Artísticas","Técnico em Canto",2057,0,1039,939,4035
"SP","Canto","7603",4503,1.17778900925361,"Supervisores na confecção do vestuário","09004","Produção Cultural e Design","Manifestações Artísticas","Técnico em Canto",2057,0,1039,939,4035
"SP","Canto","7605",823,1.1131857638646,"Supervisores da confecção de artefatos de tecidos, couros e afins","09004","Produção Cultural e Design","Manifestações Artísticas","Técnico em Canto",2057,0,1039,939,4035
"SP","Canto","7612",4447,1.4210168903932,"Operadores da fiação","09004","Produção Cultural e Design","Manifestações Artísticas","Técnico em Canto",2057,0,1039,939,4035
"SP","Canto","7613",11350,1.45842719742421,"Operadores de tear e máquinas similares","09004","Produção Cultural e Design","Manifestações Artísticas","Técnico em Canto",2057,0,1039,939,4035
"SP","Canto","7631",28285,1.03410888805128,"Trabalhadores da preparação da confecção de roupas","09004","Produção Cultural e Design","Manifestações Artísticas","Técnico em Canto",2057,0,1039,939,4035
"SP","Canto","7633",10701,1.02250740921303,"Operadores de máquinas para bordado e acabamento de roupas","09004","Produção Cultural e Design","Manifestações Artísticas","Técnico em Canto",2057,0,1039,939,4035
"SP","Canto","7653",1445,1.66978528628401,"Operadores de máquinas na confecção de artefatos de  couro","09004","Produção Cultural e Design","Manifestações Artísticas","Técnico em Canto",2057,0,1039,939,4035
"SP","Canto","7654",1132,1.60682703499256,"Trabalhadores do acabamento de artefatos de tecidos e couros","09004","Produção Cultural e Design","Manifestações Artísticas","Técnico em Canto",2057,0,1039,939,4035
"SP","Canto","7663",19597,1.67664391693952,"Trabalhadores do acabamento gráfico","09004","Produção Cultural e Design","Manifestações Artísticas","Técnico em Canto",2057,0,1039,939,4035
"SP","Canto","7751",1358,1.13656892172206,"Trabalhadores de arte e  do acabamento em madeira do mobiliário","09004","Produção Cultural e Design","Manifestações Artísticas","Técnico em Canto",2057,0,1039,939,4035
"SP","Canto","8114",3789,1.98212383808056,"Operadores de equipamentos de destilação, evaporação e reação","09004","Produção Cultural e Design","Manifestações Artísticas","Técnico em Canto",2057,0,1039,939,4035
"SP","Canto","8211",999,1.11114486125712,"Operadores de instalações de sinterização","09004","Produção Cultural e Design","Manifestações Artísticas","Técnico em Canto",2057,0,1039,939,4035
"SP","Canto","8301",952,1.38819297311129,"Supervisores da fabricação de celulose e papel","09004","Produção Cultural e Design","Manifestações Artísticas","Técnico em Canto",2057,0,1039,939,4035
"SP","Canto","8311",1225,1.73061378920851,"Preparadores de pasta para fabricação de papel","09004","Produção Cultural e Design","Manifestações Artísticas","Técnico em Canto",2057,0,1039,939,4035
"SP","Canto","8321",8657,1.57534346632297,"Operadores de máquinas de fabricar papel e papelão","09004","Produção Cultural e Design","Manifestações Artísticas","Técnico em Canto",2057,0,1039,939,4035
"SP","Canto","8331",5708,1.46625115264591,"Operadores de máquinas na fabricação de produtos de papel e papelão","09004","Produção Cultural e Design","Manifestações Artísticas","Técnico em Canto",2057,0,1039,939,4035
"SP","Canto","8332",664,1.5310616379076,"Trabalhadores artesanais de produtos de papel e papelão","09004","Produção Cultural e Design","Manifestações Artísticas","Técnico em Canto",2057,0,1039,939,4035
"SP","Cenografia","7605",823,1.1131857638646,"Supervisores da confecção de artefatos de tecidos, couros e afins","09005","Produção Cultural e Design","Design","Técnico em Cenografia",0,0,0,0,0
"SP","Cenografia","7606",1846,1.7503416816589,"Supervisores das artes gráficas","09005","Produção Cultural e Design","Design","Técnico em Cenografia",0,0,0,0,0
"SP","Cenografia","7620",1157,1.45301278506422,"Trabalhadores polivalentes do curtimento de couros e peles","09005","Produção Cultural e Design","Design","Técnico em Cenografia",0,0,0,0,0
"SP","Cenografia","7622",679,1.89490293702653,"Trabalhadores do curtimento de couros e peles","09005","Produção Cultural e Design","Design","Técnico em Cenografia",0,0,0,0,0
"SP","Cenografia","7643",3386,1.37644890983948,"Trabalhadores de acabamento de calçados","09005","Produção Cultural e Design","Design","Técnico em Cenografia",0,0,0,0,0
"SP","Cenografia","7651",1622,1.42795419973946,"Trabalhadores da preparação de artefatos de tecidos, couros e tapeçaria","09005","Produção Cultural e Design","Design","Técnico em Cenografia",0,0,0,0,0
"SP","Cenografia","7653",1445,1.66978528628401,"Operadores de máquinas na confecção de artefatos de  couro","09005","Produção Cultural e Design","Design","Técnico em Cenografia",0,0,0,0,0
"SP","Cenografia","7654",1132,1.60682703499256,"Trabalhadores do acabamento de artefatos de tecidos e couros","09005","Produção Cultural e Design","Design","Técnico em Cenografia",0,0,0,0,0
"SP","Cenografia","7661",6506,1.31042128890936,"Trabalhadores da pré-impressão gráfica","09005","Produção Cultural e Design","Design","Técnico em Cenografia",0,0,0,0,0
"SP","Cenografia","7662",18212,1.33908539070826,"Trabalhadores da impressão gráfica","09005","Produção Cultural e Design","Design","Técnico em Cenografia",0,0,0,0,0
"SP","Cenografia","7663",19597,1.67664391693952,"Trabalhadores do acabamento gráfico","09005","Produção Cultural e Design","Design","Técnico em Cenografia",0,0,0,0,0
"SP","Cenografia","7683",2935,1.32212126820686,"Trabalhadores artesanais da confecção de calçados e artefatos de couros e peles","09005","Produção Cultural e Design","Design","Técnico em Cenografia",0,0,0,0,0
"SP","Cenografia","7801",2587,1.47104573262905,"Supervisores de trabalhadores de embalagem e etiquetagem","09005","Produção Cultural e Design","Design","Técnico em Cenografia",0,0,0,0,0
"SP","Cenografia","7842",432275,1.0763338697998,"Alimentadores de linhas de produção","09005","Produção Cultural e Design","Design","Técnico em Cenografia",0,0,0,0,0
"SP","Cenografia","8332",664,1.5310616379076,"Trabalhadores artesanais de produtos de papel e papelão","09005","Produção Cultural e Design","Design","Técnico em Cenografia",0,0,0,0,0
"SP","Cervejaria","7606",1846,1.7503416816589,"Supervisores das artes gráficas","08003","Produção Alimentícia","Este Eixo Tecnológico não possui divisão em Áreas Tecnológicas.","Técnico em Cervejaria",0,105,0,13,118
"SP","Cervejaria","7612",4447,1.4210168903932,"Operadores da fiação","08003","Produção Alimentícia","Este Eixo Tecnológico não possui divisão em Áreas Tecnológicas.","Técnico em Cervejaria",0,105,0,13,118
"SP","Cervejaria","7663",19597,1.67664391693952,"Trabalhadores do acabamento gráfico","08003","Produção Alimentícia","Este Eixo Tecnológico não possui divisão em Áreas Tecnológicas.","Técnico em Cervejaria",0,105,0,13,118
"SP","Cervejaria","7801",2587,1.47104573262905,"Supervisores de trabalhadores de embalagem e etiquetagem","08003","Produção Alimentícia","Este Eixo Tecnológico não possui divisão em Áreas Tecnológicas.","Técnico em Cervejaria",0,105,0,13,118
"SP","Cervejaria","7841",82720,1.1570430298953,"Trabalhadores de embalagem e de etiquetagem","08003","Produção Alimentícia","Este Eixo Tecnológico não possui divisão em Áreas Tecnológicas.","Técnico em Cervejaria",0,105,0,13,118
"SP","Cervejaria","7842",432275,1.0763338697998,"Alimentadores de linhas de produção","08003","Produção Alimentícia","Este Eixo Tecnológico não possui divisão em Áreas Tecnológicas.","Técnico em Cervejaria",0,105,0,13,118
"SP","Cervejaria","8111",7945,1.74634711424634,"Operadores de equipamentos de moagem e mistura de materiais (tratamentos químicos e afins)","08003","Produção Alimentícia","Este Eixo Tecnológico não possui divisão em Áreas Tecnológicas.","Técnico em Cervejaria",0,105,0,13,118
"SP","Cervejaria","8118",12025,1.61304942399741,"Operadores de máquinas e instalações de produtos farmacêuticos, cosméticos e afins","08003","Produção Alimentícia","Este Eixo Tecnológico não possui divisão em Áreas Tecnológicas.","Técnico em Cervejaria",0,105,0,13,118
"SP","Cervejaria","8332",664,1.5310616379076,"Trabalhadores artesanais de produtos de papel e papelão","08003","Produção Alimentícia","Este Eixo Tecnológico não possui divisão em Áreas Tecnológicas.","Técnico em Cervejaria",0,105,0,13,118
"SP","Cerâmica","8418",17986,1.44746462554592,"Operadores de equipamentos na fabricação de pães, massas alimentícias, doces, chocolates e achocolatados","10007","Produção Industrial","Materiais","Técnico em Cerâmica",17,0,0,1030,1047
"SP","Composição e Arranjo","7241",28506,1.07755353182912,"Encanadores e instaladores de tubulações","09006","Produção Cultural e Design","Manifestações Artísticas","Técnico em Composição e Arranjo",0,0,13,52,65
"SP","Composição e Arranjo","7502",506,2.44880934923687,"Supervisores de vidraria, cerâmica e afins","09006","Produção Cultural e Design","Manifestações Artísticas","Técnico em Composição e Arranjo",0,0,13,52,65
"SP","Composição e Arranjo","8113",2926,1.03762473244494,"Operadores de equipamentos de filtragem e separação","09006","Produção Cultural e Design","Manifestações Artísticas","Técnico em Composição e Arranjo",0,0,13,52,65
"SP","Composição e Arranjo","8621",82829,1.06294601833863,"Operadores de máquinas a vapor e utilidades","09006","Produção Cultural e Design","Manifestações Artísticas","Técnico em Composição e Arranjo",0,0,13,52,65
"SP","Composição e Arranjo","8624",1167,1.70052832950376,"Operadores de instalações de extração, processamento, envasamento e distribuição de gases","09006","Produção Cultural e Design","Manifestações Artísticas","Técnico em Composição e Arranjo",0,0,13,52,65
"SP","Computação Gráfica","7221",1874,1.09039930641034,"Trabalhadores de forjamento de metais","05001","Informação e Comunicação","Desenvolvimento de Sistemas","Técnico em Computação Gráfica",0,0,0,6866,6866
"SP","Computação Gráfica","7606",1846,1.7503416816589,"Supervisores das artes gráficas","05001","Informação e Comunicação","Desenvolvimento de Sistemas","Técnico em Computação Gráfica",0,0,0,6866,6866
"SP","Computação Gráfica","7661",6506,1.31042128890936,"Trabalhadores da pré-impressão gráfica","05001","Informação e Comunicação","Desenvolvimento de Sistemas","Técnico em Computação Gráfica",0,0,0,6866,6866
"SP","Computação Gráfica","7664",653,1.40999166445732,"Trabalhadores de laboratório fotográfico e radiológico","05001","Informação e Comunicação","Desenvolvimento de Sistemas","Técnico em Computação Gráfica",0,0,0,6866,6866
"SP","Computação Gráfica","8111",7945,1.74634711424634,"Operadores de equipamentos de moagem e mistura de materiais (tratamentos químicos e afins)","05001","Informação e Comunicação","Desenvolvimento de Sistemas","Técnico em Computação Gráfica",0,0,0,6866,6866
"SP","Computação Gráfica","9112",10267,1.09059207431526,"Mecânicos de manutenção e instalação de aparelhos de  climatização e refrigeração","05001","Informação e Comunicação","Desenvolvimento de Sistemas","Técnico em Computação Gráfica",0,0,0,6866,6866
"SP","Computação Gráfica","9502",513,1.39322734143156,"Supervisores de manutenção eletroeletrônica veicular","05001","Informação e Comunicação","Desenvolvimento de Sistemas","Técnico em Computação Gráfica",0,0,0,6866,6866
"SP","Comércio Exterior","7681",656,1.59122759702508,"Trabalhadores de tecelagem manual, tricô, crochê, rendas e afins","04003","Gestão e Negócios","Comercial","Técnico em Comércio Exterior",984,0,271,5526,6781
"SP","Confeitaria","7682",534,1.38036945100897,"Trabalhadores artesanais da confecção de peças e tecidos","08004","Produção Alimentícia","Este Eixo Tecnológico não possui divisão em Áreas Tecnológicas.","Técnico em Confeitaria",0,0,0,1548,1548
"SP","Conservação e Restauro","8101",3747,1.68765771685177,"Supervisores de produção em indústrias químicas, petroquímicas e afins","09007","Produção Cultural e Design","Manifestações Artísticas","Técnico em Conservação e Restauro",0,0,0,460,460
"SP","Conservação e Restauro","8110",2885,1.59643232652908,"Operadores polivalentes de equipamentos em indústrias químicas, petroquímicas e afins","09007","Produção Cultural e Design","Manifestações Artísticas","Técnico em Conservação e Restauro",0,0,0,460,460
"SP","Conservação e Restauro","8113",2926,1.03762473244494,"Operadores de equipamentos de filtragem e separação","09007","Produção Cultural e Design","Manifestações Artísticas","Técnico em Conservação e Restauro",0,0,0,460,460
"SP","Conservação e Restauro","8131",32895,1.4307935073433,"Operadores de processos das indústrias de transformação de produtos químicos, petroquímicos e afins","09007","Produção Cultural e Design","Manifestações Artísticas","Técnico em Conservação e Restauro",0,0,0,460,460
"SP","Conservação e Restauro","8181",8990,1.03379642390172,"Laboratoristas industriais auxiliares","09007","Produção Cultural e Design","Manifestações Artísticas","Técnico em Conservação e Restauro",0,0,0,460,460
"SP","Conservação e Restauro","8211",999,1.11114486125712,"Operadores de instalações de sinterização","09007","Produção Cultural e Design","Manifestações Artísticas","Técnico em Conservação e Restauro",0,0,0,460,460
"SP","Contabilidade","7603",4503,1.17778900925361,"Supervisores na confecção do vestuário","04005","Gestão e Negócios","Operações Financeiras","Técnico em Contabilidade",75473,0,17446,22432,115351
"SP","Contabilidade","8103",1333,1.86450798480421,"Supervisores de produção em indústrias de produtos farmacêuticos, cosméticos e afins","04005","Gestão e Negócios","Operações Financeiras","Técnico em Contabilidade",75473,0,17446,22432,115351
"SP","Dança","7232",6579,1.69166352387877,"Trabalhadores de tratamento de superfícies de metais e de compósitos (termoquímicos)","09008","Produção Cultural e Design","Manifestações Artísticas","Técnico em Dança",2291,0,1374,3242,6907
"SP","Dança","7614",5393,1.17124443001475,"Trabalhadores de acabamento, tingimento e estamparia das indústrias têxteis","09008","Produção Cultural e Design","Manifestações Artísticas","Técnico em Dança",2291,0,1374,3242,6907
"SP","Dança","7620",1157,1.45301278506422,"Trabalhadores polivalentes do curtimento de couros e peles","09008","Produção Cultural e Design","Manifestações Artísticas","Técnico em Dança",2291,0,1374,3242,6907
"SP","Dança","7622",679,1.89490293702653,"Trabalhadores do curtimento de couros e peles","09008","Produção Cultural e Design","Manifestações Artísticas","Técnico em Dança",2291,0,1374,3242,6907
"SP","Dança","8101",3747,1.68765771685177,"Supervisores de produção em indústrias químicas, petroquímicas e afins","09008","Produção Cultural e Design","Manifestações Artísticas","Técnico em Dança",2291,0,1374,3242,6907
"SP","Dança","8102",3927,1.60307876538092,"Supervisores de produção em indústrias de transformação de plásticos e borrachas","09008","Produção Cultural e Design","Manifestações Artísticas","Técnico em Dança",2291,0,1374,3242,6907
"SP","Dança","8103",1333,1.86450798480421,"Supervisores de produção em indústrias de produtos farmacêuticos, cosméticos e afins","09008","Produção Cultural e Design","Manifestações Artísticas","Técnico em Dança",2291,0,1374,3242,6907
"SP","Dança","8110",2885,1.59643232652908,"Operadores polivalentes de equipamentos em indústrias químicas, petroquímicas e afins","09008","Produção Cultural e Design","Manifestações Artísticas","Técnico em Dança",2291,0,1374,3242,6907
"SP","Dança","8111",7945,1.74634711424634,"Operadores de equipamentos de moagem e mistura de materiais (tratamentos químicos e afins)","09008","Produção Cultural e Design","Manifestações Artísticas","Técnico em Dança",2291,0,1374,3242,6907
"SP","Dança","8113",2926,1.03762473244494,"Operadores de equipamentos de filtragem e separação","09008","Produção Cultural e Design","Manifestações Artísticas","Técnico em Dança",2291,0,1374,3242,6907
"SP","Dança","8114",3789,1.98212383808056,"Operadores de equipamentos de destilação, evaporação e reação","09008","Produção Cultural e Design","Manifestações Artísticas","Técnico em Dança",2291,0,1374,3242,6907
"SP","Dança","8118",12025,1.61304942399741,"Operadores de máquinas e instalações de produtos farmacêuticos, cosméticos e afins","09008","Produção Cultural e Design","Manifestações Artísticas","Técnico em Dança",2291,0,1374,3242,6907
"SP","Dança","8131",32895,1.4307935073433,"Operadores de processos das indústrias de transformação de produtos químicos, petroquímicos e afins","09008","Produção Cultural e Design","Manifestações Artísticas","Técnico em Dança",2291,0,1374,3242,6907
"SP","Dança","8181",8990,1.03379642390172,"Laboratoristas industriais auxiliares","09008","Produção Cultural e Design","Manifestações Artísticas","Técnico em Dança",2291,0,1374,3242,6907
"SP","Dança","8202",2190,1.56773695713583,"Supervisores na fabricação de materiais para construção (vidros e cerâmicas)","09008","Produção Cultural e Design","Manifestações Artísticas","Técnico em Dança",2291,0,1374,3242,6907
"SP","Dança","8211",999,1.11114486125712,"Operadores de instalações de sinterização","09008","Produção Cultural e Design","Manifestações Artísticas","Técnico em Dança",2291,0,1374,3242,6907
"SP","Dança","8301",952,1.38819297311129,"Supervisores da fabricação de celulose e papel","09008","Produção Cultural e Design","Manifestações Artísticas","Técnico em Dança",2291,0,1374,3242,6907
"SP","Dança","8418",17986,1.44746462554592,"Operadores de equipamentos na fabricação de pães, massas alimentícias, doces, chocolates e achocolatados","09008","Produção Cultural e Design","Manifestações Artísticas","Técnico em Dança",2291,0,1374,3242,6907
"SP","Defesa Civil","7831",4471,1.14318886892614,"Trabalhadores de manobras de transportes sobre trilhos","12001","Segurança","Este Eixo Tecnológico não possui divisão em Áreas Tecnológicas.","Técnico em Defesa Civil",0,0,0,0,0
"SP","Desenho de Construção Civil","7826",4576,1.44799387375501,"Operadores de veículos sobre trilhos e cabos aéreos","06004","Infraestrutura","Construção de Obras","Técnico em Desenho de Construção Civil",5910,611,233,2368,9122
"SP","Desenvolvimento de Sistemas","7241",28506,1.07755353182912,"Encanadores e instaladores de tubulações","05002","Informação e Comunicação","Desenvolvimento de Sistemas","Técnico em Desenvolvimento de Sistemas",124446,274,396,9991,135107
"SP","Desenvolvimento de Sistemas","7613",11350,1.45842719742421,"Operadores de tear e máquinas similares","05002","Informação e Comunicação","Desenvolvimento de Sistemas","Técnico em Desenvolvimento de Sistemas",124446,274,396,9991,135107
"SP","Desenvolvimento de Sistemas","7681",656,1.59122759702508,"Trabalhadores de tecelagem manual, tricô, crochê, rendas e afins","05002","Informação e Comunicação","Desenvolvimento de Sistemas","Técnico em Desenvolvimento de Sistemas",124446,274,396,9991,135107
"SP","Desenvolvimento de Sistemas","9151",1440,1.25859556201237,"Técnicos em manutenção e reparação de instrumentos de medição e precisão","05002","Informação e Comunicação","Desenvolvimento de Sistemas","Técnico em Desenvolvimento de Sistemas",124446,274,396,9991,135107
"SP","Edificações","7231",1986,1.84795214585183,"Trabalhadores de tratamento térmico de metais","06005","Infraestrutura","Construção de Obras","Técnico em Edificações",63643,15860,12241,35568,127312
"SP","Edificações","7253",1886,1.15337448448157,"Montadores de máquinas pesadas e equipamentos agrícolas","06005","Infraestrutura","Construção de Obras","Técnico em Edificações",63643,15860,12241,35568,127312
"SP","Edificações","7801",2587,1.47104573262905,"Supervisores de trabalhadores de embalagem e etiquetagem","06005","Infraestrutura","Construção de Obras","Técnico em Edificações",63643,15860,12241,35568,127312
"SP","Edificações","7822",72746,1.19354741857055,"Operadores de equipamentos de movimentação de cargas","06005","Infraestrutura","Construção de Obras","Técnico em Edificações",63643,15860,12241,35568,127312
"SP","Edificações","8332",664,1.5310616379076,"Trabalhadores artesanais de produtos de papel e papelão","06005","Infraestrutura","Construção de Obras","Técnico em Edificações",63643,15860,12241,35568,127312
"SP","Eletroeletrônica","7211",12132,1.64055876778639,"Ferramenteiros e afins","02002","Controle e Processos Industriais","Eletrônica e Automação","Técnico em Eletroeletrônica",15604,4583,7437,49241,76865
"SP","Eletroeletrônica","7213",6349,1.23190170276714,"Afiadores e polidores de metais","02002","Controle e Processos Industriais","Eletrônica e Automação","Técnico em Eletroeletrônica",15604,4583,7437,49241,76865
"SP","Eletroeletrônica","7223",5090,1.25247708916987,"Trabalhadores de moldagem de metais e de ligas metálicas","02002","Controle e Processos Industriais","Eletrônica e Automação","Técnico em Eletroeletrônica",15604,4583,7437,49241,76865
"SP","Eletroeletrônica","7244",47300,1.09909837988371,"Trabalhadores de caldeiraria e serralheria","02002","Controle e Processos Industriais","Eletrônica e Automação","Técnico em Eletroeletrônica",15604,4583,7437,49241,76865
"SP","Eletroeletrônica","7245",24797,1.69044943437298,"Operadores de máquinas de conformação de metais","02002","Controle e Processos Industriais","Eletrônica e Automação","Técnico em Eletroeletrônica",15604,4583,7437,49241,76865
"SP","Eletroeletrônica","7250",12216,1.23730382288382,"Ajustadores mecânicos polivalentes e afins","02002","Controle e Processos Industriais","Eletrônica e Automação","Técnico em Eletroeletrônica",15604,4583,7437,49241,76865
"SP","Eletroeletrônica","7251",16651,1.45754220039171,"Montadores de máquinas, aparelhos e acessórios em linhas de montagem","02002","Controle e Processos Industriais","Eletrônica e Automação","Técnico em Eletroeletrônica",15604,4583,7437,49241,76865
"SP","Eletroeletrônica","7255",15923,1.28623720087709,"Montadores de veículos automotores (linha de montagem)","02002","Controle e Processos Industriais","Eletrônica e Automação","Técnico em Eletroeletrônica",15604,4583,7437,49241,76865
"SP","Eletroeletrônica","7256",2164,6.30785913792528,"Montadores de sistemas e estruturas de aeronaves","02002","Controle e Processos Industriais","Eletrônica e Automação","Técnico em Eletroeletrônica",15604,4583,7437,49241,76865
"SP","Eletroeletrônica","7301",4268,1.23704807561728,"Supervisores de montagens e instalações eletroeletrônicas","02002","Controle e Processos Industriais","Eletrônica e Automação","Técnico em Eletroeletrônica",15604,4583,7437,49241,76865
"SP","Eletroeletrônica","7311",42637,1.0907687137413,"Montadores de equipamentos eletroeletrônicos","02002","Controle e Processos Industriais","Eletrônica e Automação","Técnico em Eletroeletrônica",15604,4583,7437,49241,76865
"SP","Eletroeletrônica","7523",13617,2.00171071841409,"Ceramistas (preparação e fabricação)","02002","Controle e Processos Industriais","Eletrônica e Automação","Técnico em Eletroeletrônica",15604,4583,7437,49241,76865
"SP","Eletroeletrônica","7631",28285,1.03410888805128,"Trabalhadores da preparação da confecção de roupas","02002","Controle e Processos Industriais","Eletrônica e Automação","Técnico em Eletroeletrônica",15604,4583,7437,49241,76865
"SP","Eletroeletrônica","7811",1227,1.78870454924023,"Condutores de processos robotizados","02002","Controle e Processos Industriais","Eletrônica e Automação","Técnico em Eletroeletrônica",15604,4583,7437,49241,76865
"SP","Eletroeletrônica","7842",432275,1.0763338697998,"Alimentadores de linhas de produção","02002","Controle e Processos Industriais","Eletrônica e Automação","Técnico em Eletroeletrônica",15604,4583,7437,49241,76865
"SP","Eletroeletrônica","8102",3927,1.60307876538092,"Supervisores de produção em indústrias de transformação de plásticos e borrachas","02002","Controle e Processos Industriais","Eletrônica e Automação","Técnico em Eletroeletrônica",15604,4583,7437,49241,76865
"SP","Eletroeletrônica","8117",40984,1.59693771976559,"Operadores de instalações e máquinas de produtos plásticos, de borracha e moldadores de parafinas","02002","Controle e Processos Industriais","Eletrônica e Automação","Técnico em Eletroeletrônica",15604,4583,7437,49241,76865
"SP","Eletroeletrônica","8213",4980,1.55141784899443,"Operadores de equipamentos de laminação","02002","Controle e Processos Industriais","Eletrônica e Automação","Técnico em Eletroeletrônica",15604,4583,7437,49241,76865
"SP","Eletroeletrônica","8214",22491,1.33366331426064,"Operadores de equipamentos de acabamento de chapas e metais","02002","Controle e Processos Industriais","Eletrônica e Automação","Técnico em Eletroeletrônica",15604,4583,7437,49241,76865
"SP","Eletroeletrônica","8332",664,1.5310616379076,"Trabalhadores artesanais de produtos de papel e papelão","02002","Controle e Processos Industriais","Eletrônica e Automação","Técnico em Eletroeletrônica",15604,4583,7437,49241,76865
"SP","Eletroeletrônica","8624",1167,1.70052832950376,"Operadores de instalações de extração, processamento, envasamento e distribuição de gases","02002","Controle e Processos Industriais","Eletrônica e Automação","Técnico em Eletroeletrônica",15604,4583,7437,49241,76865
"SP","Eletroeletrônica","9112",10267,1.09059207431526,"Mecânicos de manutenção e instalação de aparelhos de  climatização e refrigeração","02002","Controle e Processos Industriais","Eletrônica e Automação","Técnico em Eletroeletrônica",15604,4583,7437,49241,76865
"SP","Eletroeletrônica","9141",3340,1.58314837926794,"Mecânicos de manutenção aeronáutica","02002","Controle e Processos Industriais","Eletrônica e Automação","Técnico em Eletroeletrônica",15604,4583,7437,49241,76865
"SP","Eletroeletrônica","9502",513,1.39322734143156,"Supervisores de manutenção eletroeletrônica veicular","02002","Controle e Processos Industriais","Eletrônica e Automação","Técnico em Eletroeletrônica",15604,4583,7437,49241,76865
"SP","Eletromecânica","7211",12132,1.64055876778639,"Ferramenteiros e afins","02003","Controle e Processos Industriais","Eletrônica e Automação","Técnico em Eletromecânica",5827,1351,22,23831,31031
"SP","Eletromecânica","7222",9443,1.24139975314216,"Trabalhadores de fundição de metais puros e de ligas metálicas","02003","Controle e Processos Industriais","Eletrônica e Automação","Técnico em Eletromecânica",5827,1351,22,23831,31031
"SP","Eletromecânica","7223",5090,1.25247708916987,"Trabalhadores de moldagem de metais e de ligas metálicas","02003","Controle e Processos Industriais","Eletrônica e Automação","Técnico em Eletromecânica",5827,1351,22,23831,31031
"SP","Eletromecânica","7224",3056,1.86196438025393,"Trabalhadores de trefilação e estiramento de metais puros e ligas metálicas","02003","Controle e Processos Industriais","Eletrônica e Automação","Técnico em Eletromecânica",5827,1351,22,23831,31031
"SP","Eletromecânica","7231",1986,1.84795214585183,"Trabalhadores de tratamento térmico de metais","02003","Controle e Processos Industriais","Eletrônica e Automação","Técnico em Eletromecânica",5827,1351,22,23831,31031
"SP","Eletromecânica","7241",28506,1.07755353182912,"Encanadores e instaladores de tubulações","02003","Controle e Processos Industriais","Eletrônica e Automação","Técnico em Eletromecânica",5827,1351,22,23831,31031
"SP","Eletromecânica","7245",24797,1.69044943437298,"Operadores de máquinas de conformação de metais","02003","Controle e Processos Industriais","Eletrônica e Automação","Técnico em Eletromecânica",5827,1351,22,23831,31031
"SP","Eletromecânica","7253",1886,1.15337448448157,"Montadores de máquinas pesadas e equipamentos agrícolas","02003","Controle e Processos Industriais","Eletrônica e Automação","Técnico em Eletromecânica",5827,1351,22,23831,31031
"SP","Eletromecânica","7256",2164,6.30785913792528,"Montadores de sistemas e estruturas de aeronaves","02003","Controle e Processos Industriais","Eletrônica e Automação","Técnico em Eletromecânica",5827,1351,22,23831,31031
"SP","Eletromecânica","7510",985,1.6217766841764,"Joalheiros e lapidadores de gemas","02003","Controle e Processos Industriais","Eletrônica e Automação","Técnico em Eletromecânica",5827,1351,22,23831,31031
"SP","Eletromecânica","7511",3494,2.25267909834697,"Artesãos de metais preciosos e semipreciosos","02003","Controle e Processos Industriais","Eletrônica e Automação","Técnico em Eletromecânica",5827,1351,22,23831,31031
"SP","Eletromecânica","7811",1227,1.78870454924023,"Condutores de processos robotizados","02003","Controle e Processos Industriais","Eletrônica e Automação","Técnico em Eletromecânica",5827,1351,22,23831,31031
"SP","Eletromecânica","8213",4980,1.55141784899443,"Operadores de equipamentos de laminação","02003","Controle e Processos Industriais","Eletrônica e Automação","Técnico em Eletromecânica",5827,1351,22,23831,31031
"SP","Eletromecânica","8214",22491,1.33366331426064,"Operadores de equipamentos de acabamento de chapas e metais","02003","Controle e Processos Industriais","Eletrônica e Automação","Técnico em Eletromecânica",5827,1351,22,23831,31031
"SP","Eletromecânica","8221",1571,1.27776783053787,"Forneiros metalúrgicos (segunda fusão e reaquecimento)","02003","Controle e Processos Industriais","Eletrônica e Automação","Técnico em Eletromecânica",5827,1351,22,23831,31031
"SP","Eletromecânica","8621",82829,1.06294601833863,"Operadores de máquinas a vapor e utilidades","02003","Controle e Processos Industriais","Eletrônica e Automação","Técnico em Eletromecânica",5827,1351,22,23831,31031
"SP","Eletromecânica","8624",1167,1.70052832950376,"Operadores de instalações de extração, processamento, envasamento e distribuição de gases","02003","Controle e Processos Industriais","Eletrônica e Automação","Técnico em Eletromecânica",5827,1351,22,23831,31031
"SP","Eletromecânica","9141",3340,1.58314837926794,"Mecânicos de manutenção aeronáutica","02003","Controle e Processos Industriais","Eletrônica e Automação","Técnico em Eletromecânica",5827,1351,22,23831,31031
"SP","Eletrotécnica","7213",6349,1.23190170276714,"Afiadores e polidores de metais","02005","Controle e Processos Industriais","Sistemas de Energia","Técnico em Eletrotécnica",51661,6653,1346,52801,112461
"SP","Eletrotécnica","7250",12216,1.23730382288382,"Ajustadores mecânicos polivalentes e afins","02005","Controle e Processos Industriais","Sistemas de Energia","Técnico em Eletrotécnica",51661,6653,1346,52801,112461
"SP","Eletrotécnica","7251",16651,1.45754220039171,"Montadores de máquinas, aparelhos e acessórios em linhas de montagem","02005","Controle e Processos Industriais","Sistemas de Energia","Técnico em Eletrotécnica",51661,6653,1346,52801,112461
"SP","Eletrotécnica","7252",15887,1.14514932892166,"Montadores de máquinas industriais","02005","Controle e Processos Industriais","Sistemas de Energia","Técnico em Eletrotécnica",51661,6653,1346,52801,112461
"SP","Eletrotécnica","7253",1886,1.15337448448157,"Montadores de máquinas pesadas e equipamentos agrícolas","02005","Controle e Processos Industriais","Sistemas de Energia","Técnico em Eletrotécnica",51661,6653,1346,52801,112461
"SP","Eletrotécnica","7411",2799,1.19932344456541,"Mecânicos de instrumentos de precisão","02005","Controle e Processos Industriais","Sistemas de Energia","Técnico em Eletrotécnica",51661,6653,1346,52801,112461
"SP","Eletrotécnica","7612",4447,1.4210168903932,"Operadores da fiação","02005","Controle e Processos Industriais","Sistemas de Energia","Técnico em Eletrotécnica",51661,6653,1346,52801,112461
"SP","Eletrotécnica","7631",28285,1.03410888805128,"Trabalhadores da preparação da confecção de roupas","02005","Controle e Processos Industriais","Sistemas de Energia","Técnico em Eletrotécnica",51661,6653,1346,52801,112461
"SP","Eletrotécnica","7841",82720,1.1570430298953,"Trabalhadores de embalagem e de etiquetagem","02005","Controle e Processos Industriais","Sistemas de Energia","Técnico em Eletrotécnica",51661,6653,1346,52801,112461
"SP","Eletrotécnica","8110",2885,1.59643232652908,"Operadores polivalentes de equipamentos em indústrias químicas, petroquímicas e afins","02005","Controle e Processos Industriais","Sistemas de Energia","Técnico em Eletrotécnica",51661,6653,1346,52801,112461
"SP","Eletrotécnica","8213",4980,1.55141784899443,"Operadores de equipamentos de laminação","02005","Controle e Processos Industriais","Sistemas de Energia","Técnico em Eletrotécnica",51661,6653,1346,52801,112461
"SP","Eletrotécnica","8301",952,1.38819297311129,"Supervisores da fabricação de celulose e papel","02005","Controle e Processos Industriais","Sistemas de Energia","Técnico em Eletrotécnica",51661,6653,1346,52801,112461
"SP","Eletrotécnica","8413",6942,3.02879567018309,"Trabalhadores na fabricação e refino de açúcar","02005","Controle e Processos Industriais","Sistemas de Energia","Técnico em Eletrotécnica",51661,6653,1346,52801,112461
"SP","Eletrotécnica","9151",1440,1.25859556201237,"Técnicos em manutenção e reparação de instrumentos de medição e precisão","02005","Controle e Processos Industriais","Sistemas de Energia","Técnico em Eletrotécnica",51661,6653,1346,52801,112461
"SP","Eletrotécnica","9153",2037,1.52330087987217,"Técnicos em manutenção e reparação de equipamentos biomédicos","02005","Controle e Processos Industriais","Sistemas de Energia","Técnico em Eletrotécnica",51661,6653,1346,52801,112461
"SP","Eletrônica","7212",80516,1.58808124549326,"Preparadores e operadores de máquinas-ferramenta convencionais","02004","Controle e Processos Industriais","Eletrônica e Automação","Técnico em Eletrônica",74179,7011,1452,55430,138072
"SP","Eletrônica","7233",25449,1.01098426883102,"Trabalhadores da pintura de equipamentos, veículos, estruturas metálicas e de compósitos","02004","Controle e Processos Industriais","Eletrônica e Automação","Técnico em Eletrônica",74179,7011,1452,55430,138072
"SP","Eletrônica","7250",12216,1.23730382288382,"Ajustadores mecânicos polivalentes e afins","02004","Controle e Processos Industriais","Eletrônica e Automação","Técnico em Eletrônica",74179,7011,1452,55430,138072
"SP","Eletrônica","7252",15887,1.14514932892166,"Montadores de máquinas industriais","02004","Controle e Processos Industriais","Eletrônica e Automação","Técnico em Eletrônica",74179,7011,1452,55430,138072
"SP","Eletrônica","7253",1886,1.15337448448157,"Montadores de máquinas pesadas e equipamentos agrícolas","02004","Controle e Processos Industriais","Eletrônica e Automação","Técnico em Eletrônica",74179,7011,1452,55430,138072
"SP","Eletrônica","7255",15923,1.28623720087709,"Montadores de veículos automotores (linha de montagem)","02004","Controle e Processos Industriais","Eletrônica e Automação","Técnico em Eletrônica",74179,7011,1452,55430,138072
"SP","Eletrônica","7311",42637,1.0907687137413,"Montadores de equipamentos eletroeletrônicos","02004","Controle e Processos Industriais","Eletrônica e Automação","Técnico em Eletrônica",74179,7011,1452,55430,138072
"SP","Eletrônica","7612",4447,1.4210168903932,"Operadores da fiação","02004","Controle e Processos Industriais","Eletrônica e Automação","Técnico em Eletrônica",74179,7011,1452,55430,138072
"SP","Eletrônica","7613",11350,1.45842719742421,"Operadores de tear e máquinas similares","02004","Controle e Processos Industriais","Eletrônica e Automação","Técnico em Eletrônica",74179,7011,1452,55430,138072
"SP","Eletrônica","7620",1157,1.45301278506422,"Trabalhadores polivalentes do curtimento de couros e peles","02004","Controle e Processos Industriais","Eletrônica e Automação","Técnico em Eletrônica",74179,7011,1452,55430,138072
"SP","Eletrônica","8102",3927,1.60307876538092,"Supervisores de produção em indústrias de transformação de plásticos e borrachas","02004","Controle e Processos Industriais","Eletrônica e Automação","Técnico em Eletrônica",74179,7011,1452,55430,138072
"SP","Eletrônica","8612",540,1.03603056689286,"Operadores de instalações de distribuição de energia elétrica","02004","Controle e Processos Industriais","Eletrônica e Automação","Técnico em Eletrônica",74179,7011,1452,55430,138072
"SP","Eletrônica","8624",1167,1.70052832950376,"Operadores de instalações de extração, processamento, envasamento e distribuição de gases","02004","Controle e Processos Industriais","Eletrônica e Automação","Técnico em Eletrônica",74179,7011,1452,55430,138072
"SP","Eletrônica","9151",1440,1.25859556201237,"Técnicos em manutenção e reparação de instrumentos de medição e precisão","02004","Controle e Processos Industriais","Eletrônica e Automação","Técnico em Eletrônica",74179,7011,1452,55430,138072
"SP","Eletrônica","9153",2037,1.52330087987217,"Técnicos em manutenção e reparação de equipamentos biomédicos","02004","Controle e Processos Industriais","Eletrônica e Automação","Técnico em Eletrônica",74179,7011,1452,55430,138072
"SP","Eletrônica","9502",513,1.39322734143156,"Supervisores de manutenção eletroeletrônica veicular","02004","Controle e Processos Industriais","Eletrônica e Automação","Técnico em Eletrônica",74179,7011,1452,55430,138072
"SP","Enfermagem","7311",42637,1.0907687137413,"Montadores de equipamentos eletroeletrônicos","01007","Ambiente e Saúde","Gestão e Promoção da Saúde e Bem-Estar","Técnico em Enfermagem",90679,0,6857,758748,856284
"SP","Enfermagem","9153",2037,1.52330087987217,"Técnicos em manutenção e reparação de equipamentos biomédicos","01007","Ambiente e Saúde","Gestão e Promoção da Saúde e Bem-Estar","Técnico em Enfermagem",90679,0,6857,758748,856284
"SP","Equipamentos Biomédicos","7620",1157,1.45301278506422,"Trabalhadores polivalentes do curtimento de couros e peles","01008","Ambiente e Saúde","Gestão e Promoção da Saúde e Bem-Estar","Técnico em Equipamentos Biomédicos",60,0,0,1562,1622
"SP","Equipamentos Biomédicos","7643",3386,1.37644890983948,"Trabalhadores de acabamento de calçados","01008","Ambiente e Saúde","Gestão e Promoção da Saúde e Bem-Estar","Técnico em Equipamentos Biomédicos",60,0,0,1562,1622
"SP","Equipamentos Biomédicos","8103",1333,1.86450798480421,"Supervisores de produção em indústrias de produtos farmacêuticos, cosméticos e afins","01008","Ambiente e Saúde","Gestão e Promoção da Saúde e Bem-Estar","Técnico em Equipamentos Biomédicos",60,0,0,1562,1622
"SP","Equipamentos Biomédicos","8118",12025,1.61304942399741,"Operadores de máquinas e instalações de produtos farmacêuticos, cosméticos e afins","01008","Ambiente e Saúde","Gestão e Promoção da Saúde e Bem-Estar","Técnico em Equipamentos Biomédicos",60,0,0,1562,1622
"SP","Estradas","7831",4471,1.14318886892614,"Trabalhadores de manobras de transportes sobre trilhos","06006","Infraestrutura","Construção de Obras","Técnico em Estradas",0,0,0,37,37
"SP","Estética","8103",1333,1.86450798480421,"Supervisores de produção em indústrias de produtos farmacêuticos, cosméticos e afins","01009","Ambiente e Saúde","Gestão e Promoção da Saúde e Bem-Estar","Técnico em Estética",0,0,0,68084,68084
"SP","Estética","8118",12025,1.61304942399741,"Operadores de máquinas e instalações de produtos farmacêuticos, cosméticos e afins","01009","Ambiente e Saúde","Gestão e Promoção da Saúde e Bem-Estar","Técnico em Estética",0,0,0,68084,68084
"SP","Fabricação Mecânica","7211",12132,1.64055876778639,"Ferramenteiros e afins","02006","Controle e Processos Industriais","Metalmecânica","Técnico em Fabricação Mecânica",87,1953,0,9464,11504
"SP","Fabricação Mecânica","7214",27265,1.58562387539309,"Operadores de máquinas de usinagem cnc","02006","Controle e Processos Industriais","Metalmecânica","Técnico em Fabricação Mecânica",87,1953,0,9464,11504
"SP","Fabricação Mecânica","7224",3056,1.86196438025393,"Trabalhadores de trefilação e estiramento de metais puros e ligas metálicas","02006","Controle e Processos Industriais","Metalmecânica","Técnico em Fabricação Mecânica",87,1953,0,9464,11504
"SP","Fabricação Mecânica","7232",6579,1.69166352387877,"Trabalhadores de tratamento de superfícies de metais e de compósitos (termoquímicos)","02006","Controle e Processos Industriais","Metalmecânica","Técnico em Fabricação Mecânica",87,1953,0,9464,11504
"SP","Fabricação Mecânica","7241",28506,1.07755353182912,"Encanadores e instaladores de tubulações","02006","Controle e Processos Industriais","Metalmecânica","Técnico em Fabricação Mecânica",87,1953,0,9464,11504
"SP","Fabricação Mecânica","7251",16651,1.45754220039171,"Montadores de máquinas, aparelhos e acessórios em linhas de montagem","02006","Controle e Processos Industriais","Metalmecânica","Técnico em Fabricação Mecânica",87,1953,0,9464,11504
"SP","Fabricação Mecânica","7255",15923,1.28623720087709,"Montadores de veículos automotores (linha de montagem)","02006","Controle e Processos Industriais","Metalmecânica","Técnico em Fabricação Mecânica",87,1953,0,9464,11504
"SP","Fabricação Mecânica","7510",985,1.6217766841764,"Joalheiros e lapidadores de gemas","02006","Controle e Processos Industriais","Metalmecânica","Técnico em Fabricação Mecânica",87,1953,0,9464,11504
"SP","Fabricação Mecânica","8213",4980,1.55141784899443,"Operadores de equipamentos de laminação","02006","Controle e Processos Industriais","Metalmecânica","Técnico em Fabricação Mecânica",87,1953,0,9464,11504
"SP","Fabricação Mecânica","8221",1571,1.27776783053787,"Forneiros metalúrgicos (segunda fusão e reaquecimento)","02006","Controle e Processos Industriais","Metalmecânica","Técnico em Fabricação Mecânica",87,1953,0,9464,11504
"SP","Fundição","7244",47300,1.09909837988371,"Trabalhadores de caldeiraria e serralheria","02008","Controle e Processos Industriais","Metalmecânica","Técnico em Fundição",0,0,0,0,0
"SP","Fundição","7245",24797,1.69044943437298,"Operadores de máquinas de conformação de metais","02008","Controle e Processos Industriais","Metalmecânica","Técnico em Fundição",0,0,0,0,0
"SP","Fundição","7251",16651,1.45754220039171,"Montadores de máquinas, aparelhos e acessórios em linhas de montagem","02008","Controle e Processos Industriais","Metalmecânica","Técnico em Fundição",0,0,0,0,0
"SP","Fundição","7651",1622,1.42795419973946,"Trabalhadores da preparação de artefatos de tecidos, couros e tapeçaria","02008","Controle e Processos Industriais","Metalmecânica","Técnico em Fundição",0,0,0,0,0
"SP","Fundição","7811",1227,1.78870454924023,"Condutores de processos robotizados","02008","Controle e Processos Industriais","Metalmecânica","Técnico em Fundição",0,0,0,0,0
"SP","Fundição","7826",4576,1.44799387375501,"Operadores de veículos sobre trilhos e cabos aéreos","02008","Controle e Processos Industriais","Metalmecânica","Técnico em Fundição",0,0,0,0,0
"SP","Fundição","7831",4471,1.14318886892614,"Trabalhadores de manobras de transportes sobre trilhos","02008","Controle e Processos Industriais","Metalmecânica","Técnico em Fundição",0,0,0,0,0
"SP","Fundição","8101",3747,1.68765771685177,"Supervisores de produção em indústrias químicas, petroquímicas e afins","02008","Controle e Processos Industriais","Metalmecânica","Técnico em Fundição",0,0,0,0,0
"SP","Fundição","8301",952,1.38819297311129,"Supervisores da fabricação de celulose e papel","02008","Controle e Processos Industriais","Metalmecânica","Técnico em Fundição",0,0,0,0,0
"SP","Gastronomia","7233",25449,1.01098426883102,"Trabalhadores da pintura de equipamentos, veículos, estruturas metálicas e de compósitos","13003","Turismo, Hospitalidade e Lazer","Serviços de Gastronomia","Técnico em Gastronomia",NA,NA,NA,NA,NA
"SP","Gastronomia","7244",47300,1.09909837988371,"Trabalhadores de caldeiraria e serralheria","13003","Turismo, Hospitalidade e Lazer","Serviços de Gastronomia","Técnico em Gastronomia",NA,NA,NA,NA,NA
"SP","Gastronomia","7251",16651,1.45754220039171,"Montadores de máquinas, aparelhos e acessórios em linhas de montagem","13003","Turismo, Hospitalidade e Lazer","Serviços de Gastronomia","Técnico em Gastronomia",NA,NA,NA,NA,NA
"SP","Gastronomia","7256",2164,6.30785913792528,"Montadores de sistemas e estruturas de aeronaves","13003","Turismo, Hospitalidade e Lazer","Serviços de Gastronomia","Técnico em Gastronomia",NA,NA,NA,NA,NA
"SP","Gastronomia","7654",1132,1.60682703499256,"Trabalhadores do acabamento de artefatos de tecidos e couros","13003","Turismo, Hospitalidade e Lazer","Serviços de Gastronomia","Técnico em Gastronomia",NA,NA,NA,NA,NA
"SP","Gastronomia","7811",1227,1.78870454924023,"Condutores de processos robotizados","13003","Turismo, Hospitalidade e Lazer","Serviços de Gastronomia","Técnico em Gastronomia",NA,NA,NA,NA,NA
"SP","Gastronomia","9141",3340,1.58314837926794,"Mecânicos de manutenção aeronáutica","13003","Turismo, Hospitalidade e Lazer","Serviços de Gastronomia","Técnico em Gastronomia",NA,NA,NA,NA,NA
"SP","Geodésia e Cartografia","7822",72746,1.19354741857055,"Operadores de equipamentos de movimentação de cargas","06007","Infraestrutura","Mensuração Espacial e Volumétrica","Técnico em Geodésia e Cartografia",1687,0,0,0,1687
"SP","Geodésia e Cartografia","7826",4576,1.44799387375501,"Operadores de veículos sobre trilhos e cabos aéreos","06007","Infraestrutura","Mensuração Espacial e Volumétrica","Técnico em Geodésia e Cartografia",1687,0,0,0,1687
"SP","Guia de Turismo","7682",534,1.38036945100897,"Trabalhadores artesanais da confecção de peças e tecidos","13004","Turismo, Hospitalidade e Lazer","Atividades Turísticas","Técnico em Guia de Turismo",10132,0,556,5520,16208
"SP","Hospedagem","7224",3056,1.86196438025393,"Trabalhadores de trefilação e estiramento de metais puros e ligas metálicas","13005","Turismo, Hospitalidade e Lazer","Acolhimento e Hospedagem","Técnico em Hospedagem",4999,232,3437,4862,13530
"SP","Hospedagem","7831",4471,1.14318886892614,"Trabalhadores de manobras de transportes sobre trilhos","13005","Turismo, Hospitalidade e Lazer","Acolhimento e Hospedagem","Técnico em Hospedagem",4999,232,3437,4862,13530
"SP","Hospedagem","8612",540,1.03603056689286,"Operadores de instalações de distribuição de energia elétrica","13005","Turismo, Hospitalidade e Lazer","Acolhimento e Hospedagem","Técnico em Hospedagem",4999,232,3437,4862,13530
"SP","Informática","7301",4268,1.23704807561728,"Supervisores de montagens e instalações eletroeletrônicas","05003","Informação e Comunicação","Desenvolvimento de Sistemas","Técnico em Informática",170108,31864,30355,146948,379275
"SP","Informática","7681",656,1.59122759702508,"Trabalhadores de tecelagem manual, tricô, crochê, rendas e afins","05003","Informação e Comunicação","Desenvolvimento de Sistemas","Técnico em Informática",170108,31864,30355,146948,379275
"SP","Informática","8612",540,1.03603056689286,"Operadores de instalações de distribuição de energia elétrica","05003","Informação e Comunicação","Desenvolvimento de Sistemas","Técnico em Informática",170108,31864,30355,146948,379275
"SP","Informática","9151",1440,1.25859556201237,"Técnicos em manutenção e reparação de instrumentos de medição e precisão","05003","Informação e Comunicação","Desenvolvimento de Sistemas","Técnico em Informática",170108,31864,30355,146948,379275
"SP","Informática","9502",513,1.39322734143156,"Supervisores de manutenção eletroeletrônica veicular","05003","Informação e Comunicação","Desenvolvimento de Sistemas","Técnico em Informática",170108,31864,30355,146948,379275
"SP","Lazer","7842",432275,1.0763338697998,"Alimentadores de linhas de produção","13006","Turismo, Hospitalidade e Lazer","Recreação e Sociabilidade","Técnico em Lazer",221,968,0,492,1681
"SP","Meio Ambiente","7522",2052,1.12237259338939,"Trabalhadores da transformação de vidros planos","01017","Ambiente e Saúde","Proteção e Reabilitação de Ecossistemas","Técnico em Meio Ambiente",51454,1352,3178,12466,68450
"SP","Optometria","7664",653,1.40999166445732,"Trabalhadores de laboratório fotográfico e radiológico","01022","Ambiente e Saúde","Gestão e Promoção da Saúde e Bem-Estar","Técnico em Optometria",0,0,0,546,546
"SP","Prótese Dentária","9153",2037,1.52330087987217,"Técnicos em manutenção e reparação de equipamentos biomédicos","01026","Ambiente e Saúde","Gestão e Promoção da Saúde e Bem-Estar","Técnico em Prótese Dentária",2185,0,786,21189,24160
"SP","Serviços de Restaurante e Bar","7681",656,1.59122759702508,"Trabalhadores de tecelagem manual, tricô, crochê, rendas e afins","13008","Turismo, Hospitalidade e Lazer","Serviços de Gastronomia","Técnico em Serviços de Restaurante e Bar",NA,NA,NA,NA,NA
"SP","Viticultura e Enologia","7764",692,1.79727664642869,"Confeccionadores de artefatos de madeira, móveis de vime e afins","08007","Produção Alimentícia","Este Eixo Tecnológico não possui divisão em Áreas Tecnológicas.","Técnico em Viticultura e Enologia",31,0,0,0,31
"SP","Óptica","9153",2037,1.52330087987217,"Técnicos em manutenção e reparação de equipamentos biomédicos","01021","Ambiente e Saúde","Gestão e Promoção da Saúde e Bem-Estar","Técnico em Óptica",0,0,0,6387,6387
"SP","Órteses e Próteses","8113",2926,1.03762473244494,"Operadores de equipamentos de filtragem e separação","01023","Ambiente e Saúde","Gestão e Promoção da Saúde e Bem-Estar","Técnico em Órteses e Próteses",45,0,45,322,412
