"CO_MUN6","CO_MUN","SG_UF","NM_UF","CO_UF","NM_MUN","CO_RGIMED","NM_RGIMED","CO_RGINTM","NM_RGIINTM"
110001,1100015,"RO","Rondônia",11,"Alta Floresta D'Oeste",110005,"Cacoal",1102,"Ji-Paraná"
110002,1100023,"RO","Rondônia",11,"Ariquemes",110002,"Ariquemes",1101,"Porto Velho"
110003,1100031,"RO","Rondônia",11,"Cabixi",110006,"Vilhena",1102,"Ji-Paraná"
110004,1100049,"RO","Rondônia",11,"Cacoal",110005,"Cacoal",1102,"Ji-Paraná"
110005,1100056,"RO","Rondônia",11,"Cerejeiras",110006,"Vilhena",1102,"Ji-Paraná"
110006,1100064,"RO","Rondônia",11,"Colorado do Oeste",110006,"Vilhena",1102,"Ji-Paraná"
110007,1100072,"RO","Rondônia",11,"Corumbiara",110006,"Vilhena",1102,"Ji-Paraná"
110008,1100080,"RO","Rondônia",11,"Costa Marques",110004,"Ji-Paraná",1102,"Ji-Paraná"
110009,1100098,"RO","Rondônia",11,"Espigão D'Oeste",110005,"Cacoal",1102,"Ji-Paraná"
110010,1100106,"RO","Rondônia",11,"Guajará-Mirim",110001,"Porto Velho",1101,"Porto Velho"
110011,1100114,"RO","Rondônia",11,"Jaru",110003,"Jaru",1101,"Porto Velho"
110012,1100122,"RO","Rondônia",11,"Ji-Paraná",110004,"Ji-Paraná",1102,"Ji-Paraná"
110013,1100130,"RO","Rondônia",11,"Machadinho D'Oeste",110003,"Jaru",1101,"Porto Velho"
110014,1100148,"RO","Rondônia",11,"Nova Brasilândia D'Oeste",110005,"Cacoal",1102,"Ji-Paraná"
110015,1100155,"RO","Rondônia",11,"Ouro Preto do Oeste",110004,"Ji-Paraná",1102,"Ji-Paraná"
110018,1100189,"RO","Rondônia",11,"Pimenta Bueno",110005,"Cacoal",1102,"Ji-Paraná"
110020,1100205,"RO","Rondônia",11,"Porto Velho",110001,"Porto Velho",1101,"Porto Velho"
110025,1100254,"RO","Rondônia",11,"Presidente Médici",110004,"Ji-Paraná",1102,"Ji-Paraná"
110026,1100262,"RO","Rondônia",11,"Rio Crespo",110002,"Ariquemes",1101,"Porto Velho"
110028,1100288,"RO","Rondônia",11,"Rolim de Moura",110005,"Cacoal",1102,"Ji-Paraná"
110029,1100296,"RO","Rondônia",11,"Santa Luzia D'Oeste",110005,"Cacoal",1102,"Ji-Paraná"
110030,1100304,"RO","Rondônia",11,"Vilhena",110006,"Vilhena",1102,"Ji-Paraná"
110032,1100320,"RO","Rondônia",11,"São Miguel do Guaporé",110004,"Ji-Paraná",1102,"Ji-Paraná"
110033,1100338,"RO","Rondônia",11,"Nova Mamoré",110001,"Porto Velho",1101,"Porto Velho"
110034,1100346,"RO","Rondônia",11,"Alvorada D'Oeste",110004,"Ji-Paraná",1102,"Ji-Paraná"
110037,1100379,"RO","Rondônia",11,"Alto Alegre dos Parecis",110005,"Cacoal",1102,"Ji-Paraná"
110040,1100403,"RO","Rondônia",11,"Alto Paraíso",110002,"Ariquemes",1101,"Porto Velho"
110045,1100452,"RO","Rondônia",11,"Buritis",110002,"Ariquemes",1101,"Porto Velho"
110050,1100502,"RO","Rondônia",11,"Novo Horizonte do Oeste",110005,"Cacoal",1102,"Ji-Paraná"
110060,1100601,"RO","Rondônia",11,"Cacaulândia",110002,"Ariquemes",1101,"Porto Velho"
110070,1100700,"RO","Rondônia",11,"Campo Novo de Rondônia",110002,"Ariquemes",1101,"Porto Velho"
110080,1100809,"RO","Rondônia",11,"Candeias do Jamari",110001,"Porto Velho",1101,"Porto Velho"
110090,1100908,"RO","Rondônia",11,"Castanheiras",110005,"Cacoal",1102,"Ji-Paraná"
110092,1100924,"RO","Rondônia",11,"Chupinguaia",110006,"Vilhena",1102,"Ji-Paraná"
110094,1100940,"RO","Rondônia",11,"Cujubim",110002,"Ariquemes",1101,"Porto Velho"
110100,1101005,"RO","Rondônia",11,"Governador Jorge Teixeira",110003,"Jaru",1101,"Porto Velho"
110110,1101104,"RO","Rondônia",11,"Itapuã do Oeste",110001,"Porto Velho",1101,"Porto Velho"
110120,1101203,"RO","Rondônia",11,"Ministro Andreazza",110005,"Cacoal",1102,"Ji-Paraná"
110130,1101302,"RO","Rondônia",11,"Mirante da Serra",110004,"Ji-Paraná",1102,"Ji-Paraná"
110140,1101401,"RO","Rondônia",11,"Monte Negro",110002,"Ariquemes",1101,"Porto Velho"
110143,1101435,"RO","Rondônia",11,"Nova União",110004,"Ji-Paraná",1102,"Ji-Paraná"
110145,1101450,"RO","Rondônia",11,"Parecis",110005,"Cacoal",1102,"Ji-Paraná"
110146,1101468,"RO","Rondônia",11,"Pimenteiras do Oeste",110006,"Vilhena",1102,"Ji-Paraná"
110147,1101476,"RO","Rondônia",11,"Primavera de Rondônia",110005,"Cacoal",1102,"Ji-Paraná"
110148,1101484,"RO","Rondônia",11,"São Felipe D'Oeste",110005,"Cacoal",1102,"Ji-Paraná"
110149,1101492,"RO","Rondônia",11,"São Francisco do Guaporé",110004,"Ji-Paraná",1102,"Ji-Paraná"
110150,1101500,"RO","Rondônia",11,"Seringueiras",110004,"Ji-Paraná",1102,"Ji-Paraná"
110155,1101559,"RO","Rondônia",11,"Teixeirópolis",110004,"Ji-Paraná",1102,"Ji-Paraná"
110160,1101609,"RO","Rondônia",11,"Theobroma",110003,"Jaru",1101,"Porto Velho"
110170,1101708,"RO","Rondônia",11,"Urupá",110004,"Ji-Paraná",1102,"Ji-Paraná"
110175,1101757,"RO","Rondônia",11,"Vale do Anari",110003,"Jaru",1101,"Porto Velho"
110180,1101807,"RO","Rondônia",11,"Vale do Paraíso",110004,"Ji-Paraná",1102,"Ji-Paraná"
120001,1200013,"AC","Acre",12,"Acrelândia",120001,"Rio Branco",1201,"Rio Branco"
120005,1200054,"AC","Acre",12,"Assis Brasil",120002,"Brasiléia",1201,"Rio Branco"
120010,1200104,"AC","Acre",12,"Brasiléia",120002,"Brasiléia",1201,"Rio Branco"
120013,1200138,"AC","Acre",12,"Bujari",120001,"Rio Branco",1201,"Rio Branco"
120017,1200179,"AC","Acre",12,"Capixaba",120001,"Rio Branco",1201,"Rio Branco"
120020,1200203,"AC","Acre",12,"Cruzeiro do Sul",120004,"Cruzeiro do Sul",1202,"Cruzeiro do Sul"
120025,1200252,"AC","Acre",12,"Epitaciolândia",120002,"Brasiléia",1201,"Rio Branco"
120030,1200302,"AC","Acre",12,"Feijó",120005,"Tarauacá",1202,"Cruzeiro do Sul"
120032,1200328,"AC","Acre",12,"Jordão",120005,"Tarauacá",1202,"Cruzeiro do Sul"
120033,1200336,"AC","Acre",12,"Mâncio Lima",120004,"Cruzeiro do Sul",1202,"Cruzeiro do Sul"
120034,1200344,"AC","Acre",12,"Manoel Urbano",120003,"Sena Madureira",1201,"Rio Branco"
120035,1200351,"AC","Acre",12,"Marechal Thaumaturgo",120004,"Cruzeiro do Sul",1202,"Cruzeiro do Sul"
120038,1200385,"AC","Acre",12,"Plácido de Castro",120001,"Rio Branco",1201,"Rio Branco"
120039,1200393,"AC","Acre",12,"Porto Walter",120004,"Cruzeiro do Sul",1202,"Cruzeiro do Sul"
120040,1200401,"AC","Acre",12,"Rio Branco",120001,"Rio Branco",1201,"Rio Branco"
120042,1200427,"AC","Acre",12,"Rodrigues Alves",120004,"Cruzeiro do Sul",1202,"Cruzeiro do Sul"
120043,1200435,"AC","Acre",12,"Santa Rosa do Purus",120003,"Sena Madureira",1201,"Rio Branco"
120045,1200450,"AC","Acre",12,"Senador Guiomard",120001,"Rio Branco",1201,"Rio Branco"
120050,1200500,"AC","Acre",12,"Sena Madureira",120003,"Sena Madureira",1201,"Rio Branco"
120060,1200609,"AC","Acre",12,"Tarauacá",120005,"Tarauacá",1202,"Cruzeiro do Sul"
120070,1200708,"AC","Acre",12,"Xapuri",120002,"Brasiléia",1201,"Rio Branco"
120080,1200807,"AC","Acre",12,"Porto Acre",120001,"Rio Branco",1201,"Rio Branco"
130002,1300029,"AM","Amazonas",13,"Alvarães",130005,"Tefé",1302,"Tefé"
130006,1300060,"AM","Amazonas",13,"Amaturá",130006,"Tabatinga",1302,"Tefé"
130008,1300086,"AM","Amazonas",13,"Anamã",130004,"Manacapuru",1301,"Manaus"
130010,1300102,"AM","Amazonas",13,"Anori",130003,"Coari",1301,"Manaus"
130014,1300144,"AM","Amazonas",13,"Apuí",130009,"Manicoré",1303,"Lábrea"
130020,1300201,"AM","Amazonas",13,"Atalaia do Norte",130006,"Tabatinga",1302,"Tefé"
130030,1300300,"AM","Amazonas",13,"Autazes",130001,"Manaus",1301,"Manaus"
130040,1300409,"AM","Amazonas",13,"Barcelos",130002,"São Gabriel da Cachoeira",1301,"Manaus"
130050,1300508,"AM","Amazonas",13,"Barreirinha",130010,"Parintins",1304,"Parintins"
130060,1300607,"AM","Amazonas",13,"Benjamin Constant",130006,"Tabatinga",1302,"Tefé"
130063,1300631,"AM","Amazonas",13,"Beruri",130003,"Coari",1301,"Manaus"
130068,1300680,"AM","Amazonas",13,"Boa Vista do Ramos",130010,"Parintins",1304,"Parintins"
130070,1300706,"AM","Amazonas",13,"Boca do Acre",130008,"Lábrea",1303,"Lábrea"
130080,1300805,"AM","Amazonas",13,"Borba",130001,"Manaus",1301,"Manaus"
130083,1300839,"AM","Amazonas",13,"Caapiranga",130004,"Manacapuru",1301,"Manaus"
130090,1300904,"AM","Amazonas",13,"Canutama",130008,"Lábrea",1303,"Lábrea"
130100,1301001,"AM","Amazonas",13,"Carauari",130005,"Tefé",1302,"Tefé"
130110,1301100,"AM","Amazonas",13,"Careiro",130001,"Manaus",1301,"Manaus"
130115,1301159,"AM","Amazonas",13,"Careiro da Várzea",130001,"Manaus",1301,"Manaus"
130120,1301209,"AM","Amazonas",13,"Coari",130003,"Coari",1301,"Manaus"
130130,1301308,"AM","Amazonas",13,"Codajás",130003,"Coari",1301,"Manaus"
130140,1301407,"AM","Amazonas",13,"Eirunepé",130007,"Eirunepé",1302,"Tefé"
130150,1301506,"AM","Amazonas",13,"Envira",130007,"Eirunepé",1302,"Tefé"
130160,1301605,"AM","Amazonas",13,"Fonte Boa",130005,"Tefé",1302,"Tefé"
130165,1301654,"AM","Amazonas",13,"Guajará",130007,"Eirunepé",1302,"Tefé"
130170,1301704,"AM","Amazonas",13,"Humaitá",130009,"Manicoré",1303,"Lábrea"
130180,1301803,"AM","Amazonas",13,"Ipixuna",130007,"Eirunepé",1302,"Tefé"
130185,1301852,"AM","Amazonas",13,"Iranduba",130001,"Manaus",1301,"Manaus"
130190,1301902,"AM","Amazonas",13,"Itacoatiara",130011,"Itacoatiara",1304,"Parintins"
130195,1301951,"AM","Amazonas",13,"Itamarati",130007,"Eirunepé",1302,"Tefé"
130200,1302009,"AM","Amazonas",13,"Itapiranga",130011,"Itacoatiara",1304,"Parintins"
130210,1302108,"AM","Amazonas",13,"Japurá",130005,"Tefé",1302,"Tefé"
130220,1302207,"AM","Amazonas",13,"Juruá",130005,"Tefé",1302,"Tefé"
130230,1302306,"AM","Amazonas",13,"Jutaí",130005,"Tefé",1302,"Tefé"
130240,1302405,"AM","Amazonas",13,"Lábrea",130008,"Lábrea",1303,"Lábrea"
130250,1302504,"AM","Amazonas",13,"Manacapuru",130004,"Manacapuru",1301,"Manaus"
130255,1302553,"AM","Amazonas",13,"Manaquiri",130001,"Manaus",1301,"Manaus"
130260,1302603,"AM","Amazonas",13,"Manaus",130001,"Manaus",1301,"Manaus"
130270,1302702,"AM","Amazonas",13,"Manicoré",130009,"Manicoré",1303,"Lábrea"
130280,1302801,"AM","Amazonas",13,"Maraã",130005,"Tefé",1302,"Tefé"
130290,1302900,"AM","Amazonas",13,"Maués",130010,"Parintins",1304,"Parintins"
130300,1303007,"AM","Amazonas",13,"Nhamundá",130010,"Parintins",1304,"Parintins"
130310,1303106,"AM","Amazonas",13,"Nova Olinda do Norte",130001,"Manaus",1301,"Manaus"
130320,1303205,"AM","Amazonas",13,"Novo Airão",130004,"Manacapuru",1301,"Manaus"
130330,1303304,"AM","Amazonas",13,"Novo Aripuanã",130009,"Manicoré",1303,"Lábrea"
130340,1303403,"AM","Amazonas",13,"Parintins",130010,"Parintins",1304,"Parintins"
130350,1303502,"AM","Amazonas",13,"Pauini",130008,"Lábrea",1303,"Lábrea"
130353,1303536,"AM","Amazonas",13,"Presidente Figueiredo",130001,"Manaus",1301,"Manaus"
130356,1303569,"AM","Amazonas",13,"Rio Preto da Eva",130001,"Manaus",1301,"Manaus"
130360,1303601,"AM","Amazonas",13,"Santa Isabel do Rio Negro",130002,"São Gabriel da Cachoeira",1301,"Manaus"
130370,1303700,"AM","Amazonas",13,"Santo Antônio do Içá",130006,"Tabatinga",1302,"Tefé"
130380,1303809,"AM","Amazonas",13,"São Gabriel da Cachoeira",130002,"São Gabriel da Cachoeira",1301,"Manaus"
130390,1303908,"AM","Amazonas",13,"São Paulo de Olivença",130006,"Tabatinga",1302,"Tefé"
130395,1303957,"AM","Amazonas",13,"São Sebastião do Uatumã",130011,"Itacoatiara",1304,"Parintins"
130400,1304005,"AM","Amazonas",13,"Silves",130011,"Itacoatiara",1304,"Parintins"
130406,1304062,"AM","Amazonas",13,"Tabatinga",130006,"Tabatinga",1302,"Tefé"
130410,1304104,"AM","Amazonas",13,"Tapauá",130008,"Lábrea",1303,"Lábrea"
130420,1304203,"AM","Amazonas",13,"Tefé",130005,"Tefé",1302,"Tefé"
130423,1304237,"AM","Amazonas",13,"Tonantins",130006,"Tabatinga",1302,"Tefé"
130426,1304260,"AM","Amazonas",13,"Uarini",130005,"Tefé",1302,"Tefé"
130430,1304302,"AM","Amazonas",13,"Urucará",130011,"Itacoatiara",1304,"Parintins"
130440,1304401,"AM","Amazonas",13,"Urucurituba",130011,"Itacoatiara",1304,"Parintins"
140002,1400027,"RR","Roraima",14,"Amajari",140002,"Pacaraima",1401,"Boa Vista"
140005,1400050,"RR","Roraima",14,"Alto Alegre",140001,"Boa Vista",1401,"Boa Vista"
140010,1400100,"RR","Roraima",14,"Boa Vista",140001,"Boa Vista",1401,"Boa Vista"
140015,1400159,"RR","Roraima",14,"Bonfim",140001,"Boa Vista",1401,"Boa Vista"
140017,1400175,"RR","Roraima",14,"Cantá",140001,"Boa Vista",1401,"Boa Vista"
140020,1400209,"RR","Roraima",14,"Caracaraí",140004,"Caracaraí",1402,"Rorainópolis - Caracaraí"
140023,1400233,"RR","Roraima",14,"Caroebe",140003,"Rorainópolis",1402,"Rorainópolis - Caracaraí"
140028,1400282,"RR","Roraima",14,"Iracema",140004,"Caracaraí",1402,"Rorainópolis - Caracaraí"
140030,1400308,"RR","Roraima",14,"Mucajaí",140001,"Boa Vista",1401,"Boa Vista"
140040,1400407,"RR","Roraima",14,"Normandia",140002,"Pacaraima",1401,"Boa Vista"
140045,1400456,"RR","Roraima",14,"Pacaraima",140002,"Pacaraima",1401,"Boa Vista"
140047,1400472,"RR","Roraima",14,"Rorainópolis",140003,"Rorainópolis",1402,"Rorainópolis - Caracaraí"
140050,1400506,"RR","Roraima",14,"São João da Baliza",140003,"Rorainópolis",1402,"Rorainópolis - Caracaraí"
140060,1400605,"RR","Roraima",14,"São Luiz",140003,"Rorainópolis",1402,"Rorainópolis - Caracaraí"
140070,1400704,"RR","Roraima",14,"Uiramutã",140002,"Pacaraima",1401,"Boa Vista"
150010,1500107,"PA","Pará",15,"Abaetetuba",150003,"Abaetetuba",1501,"Belém"
150013,1500131,"PA","Pará",15,"Abel Figueiredo",150009,"Marabá",1503,"Marabá"
150020,1500206,"PA","Pará",15,"Acará",150001,"Belém",1501,"Belém"
150030,1500305,"PA","Pará",15,"Afuá",150020,"Breves",1507,"Breves"
150034,1500347,"PA","Pará",15,"Água Azul do Norte",150014,"Xinguara",1504,"Redenção"
150040,1500404,"PA","Pará",15,"Alenquer",150015,"Santarém",1505,"Santarém"
150050,1500503,"PA","Pará",15,"Almeirim",150019,"Almeirim - Porto de Moz",1506,"Altamira"
150060,1500602,"PA","Pará",15,"Altamira",150018,"Altamira",1506,"Altamira"
150070,1500701,"PA","Pará",15,"Anajás",150020,"Breves",1507,"Breves"
150080,1500800,"PA","Pará",15,"Ananindeua",150001,"Belém",1501,"Belém"
150085,1500859,"PA","Pará",15,"Anapu",150018,"Altamira",1506,"Altamira"
150090,1500909,"PA","Pará",15,"Augusto Corrêa",150005,"Bragança",1502,"Castanhal"
150095,1500958,"PA","Pará",15,"Aurora do Pará",150007,"Paragominas",1502,"Castanhal"
150100,1501006,"PA","Pará",15,"Aveiro",150016,"Itaituba",1505,"Santarém"
150110,1501105,"PA","Pará",15,"Bagre",150020,"Breves",1507,"Breves"
150120,1501204,"PA","Pará",15,"Baião",150011,"Tucuruí",1503,"Marabá"
150125,1501253,"PA","Pará",15,"Bannach",150012,"Redenção",1504,"Redenção"
150130,1501303,"PA","Pará",15,"Barcarena",150001,"Belém",1501,"Belém"
150140,1501402,"PA","Pará",15,"Belém",150001,"Belém",1501,"Belém"
150145,1501451,"PA","Pará",15,"Belterra",150015,"Santarém",1505,"Santarém"
150150,1501501,"PA","Pará",15,"Benevides",150001,"Belém",1501,"Belém"
150157,1501576,"PA","Pará",15,"Bom Jesus do Tocantins",150009,"Marabá",1503,"Marabá"
150160,1501600,"PA","Pará",15,"Bonito",150006,"Capanema",1502,"Castanhal"
150170,1501709,"PA","Pará",15,"Bragança",150005,"Bragança",1502,"Castanhal"
150172,1501725,"PA","Pará",15,"Brasil Novo",150018,"Altamira",1506,"Altamira"
150175,1501758,"PA","Pará",15,"Brejo Grande do Araguaia",150009,"Marabá",1503,"Marabá"
150178,1501782,"PA","Pará",15,"Breu Branco",150011,"Tucuruí",1503,"Marabá"
150180,1501808,"PA","Pará",15,"Breves",150020,"Breves",1507,"Breves"
150190,1501907,"PA","Pará",15,"Bujaru",150001,"Belém",1501,"Belém"
150195,1501956,"PA","Pará",15,"Cachoeira do Piriá",150005,"Bragança",1502,"Castanhal"
150200,1502004,"PA","Pará",15,"Cachoeira do Arari",150021,"Soure-Salvaterra",1507,"Breves"
150210,1502103,"PA","Pará",15,"Cametá",150002,"Cametá",1501,"Belém"
150215,1502152,"PA","Pará",15,"Canaã dos Carajás",150010,"Parauapebas",1503,"Marabá"
150220,1502202,"PA","Pará",15,"Capanema",150006,"Capanema",1502,"Castanhal"
150230,1502301,"PA","Pará",15,"Capitão Poço",150008,"Capitão Poço",1502,"Castanhal"
150240,1502400,"PA","Pará",15,"Castanhal",150004,"Castanhal",1502,"Castanhal"
150250,1502509,"PA","Pará",15,"Chaves",150020,"Breves",1507,"Breves"
150260,1502608,"PA","Pará",15,"Colares",150001,"Belém",1501,"Belém"
150270,1502707,"PA","Pará",15,"Conceição do Araguaia",150012,"Redenção",1504,"Redenção"
150275,1502756,"PA","Pará",15,"Concórdia do Pará",150001,"Belém",1501,"Belém"
150276,1502764,"PA","Pará",15,"Cumaru do Norte",150012,"Redenção",1504,"Redenção"
150277,1502772,"PA","Pará",15,"Curionópolis",150010,"Parauapebas",1503,"Marabá"
150280,1502806,"PA","Pará",15,"Curralinho",150020,"Breves",1507,"Breves"
150285,1502855,"PA","Pará",15,"Curuá",150017,"Oriximiná",1505,"Santarém"
150290,1502905,"PA","Pará",15,"Curuçá",150004,"Castanhal",1502,"Castanhal"
150293,1502939,"PA","Pará",15,"Dom Eliseu",150007,"Paragominas",1502,"Castanhal"
150295,1502954,"PA","Pará",15,"Eldorado do Carajás",150010,"Parauapebas",1503,"Marabá"
150300,1503002,"PA","Pará",15,"Faro",150017,"Oriximiná",1505,"Santarém"
150304,1503044,"PA","Pará",15,"Floresta do Araguaia",150012,"Redenção",1504,"Redenção"
150307,1503077,"PA","Pará",15,"Garrafão do Norte",150008,"Capitão Poço",1502,"Castanhal"
150309,1503093,"PA","Pará",15,"Goianésia do Pará",150011,"Tucuruí",1503,"Marabá"
150310,1503101,"PA","Pará",15,"Gurupá",150020,"Breves",1507,"Breves"
150320,1503200,"PA","Pará",15,"Igarapé-Açu",150004,"Castanhal",1502,"Castanhal"
150330,1503309,"PA","Pará",15,"Igarapé-Miri",150003,"Abaetetuba",1501,"Belém"
150340,1503408,"PA","Pará",15,"Inhangapi",150004,"Castanhal",1502,"Castanhal"
150345,1503457,"PA","Pará",15,"Ipixuna do Pará",150007,"Paragominas",1502,"Castanhal"
150350,1503507,"PA","Pará",15,"Irituia",150004,"Castanhal",1502,"Castanhal"
150360,1503606,"PA","Pará",15,"Itaituba",150016,"Itaituba",1505,"Santarém"
150370,1503705,"PA","Pará",15,"Itupiranga",150009,"Marabá",1503,"Marabá"
150375,1503754,"PA","Pará",15,"Jacareacanga",150016,"Itaituba",1505,"Santarém"
150380,1503804,"PA","Pará",15,"Jacundá",150009,"Marabá",1503,"Marabá"
150390,1503903,"PA","Pará",15,"Juruti",150017,"Oriximiná",1505,"Santarém"
150400,1504000,"PA","Pará",15,"Limoeiro do Ajuru",150002,"Cametá",1501,"Belém"
150405,1504059,"PA","Pará",15,"Mãe do Rio",150007,"Paragominas",1502,"Castanhal"
150410,1504109,"PA","Pará",15,"Magalhães Barata",150004,"Castanhal",1502,"Castanhal"
150420,1504208,"PA","Pará",15,"Marabá",150009,"Marabá",1503,"Marabá"
150430,1504307,"PA","Pará",15,"Maracanã",150004,"Castanhal",1502,"Castanhal"
150440,1504406,"PA","Pará",15,"Marapanim",150004,"Castanhal",1502,"Castanhal"
150442,1504422,"PA","Pará",15,"Marituba",150001,"Belém",1501,"Belém"
150445,1504455,"PA","Pará",15,"Medicilândia",150018,"Altamira",1506,"Altamira"
150450,1504505,"PA","Pará",15,"Melgaço",150020,"Breves",1507,"Breves"
150460,1504604,"PA","Pará",15,"Mocajuba",150002,"Cametá",1501,"Belém"
150470,1504703,"PA","Pará",15,"Moju",150003,"Abaetetuba",1501,"Belém"
150480,1504802,"PA","Pará",15,"Monte Alegre",150015,"Santarém",1505,"Santarém"
150490,1504901,"PA","Pará",15,"Muaná",150021,"Soure-Salvaterra",1507,"Breves"
150495,1504950,"PA","Pará",15,"Nova Esperança do Piriá",150008,"Capitão Poço",1502,"Castanhal"
150497,1504976,"PA","Pará",15,"Nova Ipixuna",150009,"Marabá",1503,"Marabá"
150500,1505007,"PA","Pará",15,"Nova Timboteua",150006,"Capanema",1502,"Castanhal"
150503,1505031,"PA","Pará",15,"Novo Progresso",150016,"Itaituba",1505,"Santarém"
150506,1505064,"PA","Pará",15,"Novo Repartimento",150011,"Tucuruí",1503,"Marabá"
150510,1505106,"PA","Pará",15,"Óbidos",150017,"Oriximiná",1505,"Santarém"
150520,1505205,"PA","Pará",15,"Oeiras do Pará",150002,"Cametá",1501,"Belém"
150530,1505304,"PA","Pará",15,"Oriximiná",150017,"Oriximiná",1505,"Santarém"
150540,1505403,"PA","Pará",15,"Ourém",150008,"Capitão Poço",1502,"Castanhal"
150543,1505437,"PA","Pará",15,"Ourilândia do Norte",150013,"Tucumã - São Félix do Xingu",1504,"Redenção"
150548,1505486,"PA","Pará",15,"Pacajá",150011,"Tucuruí",1503,"Marabá"
150549,1505494,"PA","Pará",15,"Palestina do Pará",150009,"Marabá",1503,"Marabá"
150550,1505502,"PA","Pará",15,"Paragominas",150007,"Paragominas",1502,"Castanhal"
150553,1505536,"PA","Pará",15,"Parauapebas",150010,"Parauapebas",1503,"Marabá"
150555,1505551,"PA","Pará",15,"Pau D'Arco",150012,"Redenção",1504,"Redenção"
150560,1505601,"PA","Pará",15,"Peixe-Boi",150006,"Capanema",1502,"Castanhal"
150563,1505635,"PA","Pará",15,"Piçarra",150009,"Marabá",1503,"Marabá"
150565,1505650,"PA","Pará",15,"Placas",150016,"Itaituba",1505,"Santarém"
150570,1505700,"PA","Pará",15,"Ponta de Pedras",150021,"Soure-Salvaterra",1507,"Breves"
150580,1505809,"PA","Pará",15,"Portel",150020,"Breves",1507,"Breves"
150590,1505908,"PA","Pará",15,"Porto de Moz",150019,"Almeirim - Porto de Moz",1506,"Altamira"
150600,1506005,"PA","Pará",15,"Prainha",150015,"Santarém",1505,"Santarém"
150610,1506104,"PA","Pará",15,"Primavera",150006,"Capanema",1502,"Castanhal"
150611,1506112,"PA","Pará",15,"Quatipuru",150006,"Capanema",1502,"Castanhal"
150613,1506138,"PA","Pará",15,"Redenção",150012,"Redenção",1504,"Redenção"
150616,1506161,"PA","Pará",15,"Rio Maria",150014,"Xinguara",1504,"Redenção"
150618,1506187,"PA","Pará",15,"Rondon do Pará",150009,"Marabá",1503,"Marabá"
150619,1506195,"PA","Pará",15,"Rurópolis",150016,"Itaituba",1505,"Santarém"
150620,1506203,"PA","Pará",15,"Salinópolis",150006,"Capanema",1502,"Castanhal"
150630,1506302,"PA","Pará",15,"Salvaterra",150021,"Soure-Salvaterra",1507,"Breves"
150635,1506351,"PA","Pará",15,"Santa Bárbara do Pará",150001,"Belém",1501,"Belém"
150640,1506401,"PA","Pará",15,"Santa Cruz do Arari",150021,"Soure-Salvaterra",1507,"Breves"
150650,1506500,"PA","Pará",15,"Santa Izabel do Pará",150001,"Belém",1501,"Belém"
150655,1506559,"PA","Pará",15,"Santa Luzia do Pará",150005,"Bragança",1502,"Castanhal"
150658,1506583,"PA","Pará",15,"Santa Maria das Barreiras",150012,"Redenção",1504,"Redenção"
150660,1506609,"PA","Pará",15,"Santa Maria do Pará",150004,"Castanhal",1502,"Castanhal"
150670,1506708,"PA","Pará",15,"Santana do Araguaia",150012,"Redenção",1504,"Redenção"
150680,1506807,"PA","Pará",15,"Santarém",150015,"Santarém",1505,"Santarém"
150690,1506906,"PA","Pará",15,"Santarém Novo",150006,"Capanema",1502,"Castanhal"
150700,1507003,"PA","Pará",15,"Santo Antônio do Tauá",150001,"Belém",1501,"Belém"
150710,1507102,"PA","Pará",15,"São Caetano de Odivelas",150001,"Belém",1501,"Belém"
150715,1507151,"PA","Pará",15,"São Domingos do Araguaia",150009,"Marabá",1503,"Marabá"
150720,1507201,"PA","Pará",15,"São Domingos do Capim",150004,"Castanhal",1502,"Castanhal"
150730,1507300,"PA","Pará",15,"São Félix do Xingu",150013,"Tucumã - São Félix do Xingu",1504,"Redenção"
150740,1507409,"PA","Pará",15,"São Francisco do Pará",150004,"Castanhal",1502,"Castanhal"
150745,1507458,"PA","Pará",15,"São Geraldo do Araguaia",150009,"Marabá",1503,"Marabá"
150746,1507466,"PA","Pará",15,"São João da Ponta",150004,"Castanhal",1502,"Castanhal"
150747,1507474,"PA","Pará",15,"São João de Pirabas",150006,"Capanema",1502,"Castanhal"
150750,1507508,"PA","Pará",15,"São João do Araguaia",150009,"Marabá",1503,"Marabá"
150760,1507607,"PA","Pará",15,"São Miguel do Guamá",150004,"Castanhal",1502,"Castanhal"
150770,1507706,"PA","Pará",15,"São Sebastião da Boa Vista",150020,"Breves",1507,"Breves"
150775,1507755,"PA","Pará",15,"Sapucaia",150014,"Xinguara",1504,"Redenção"
150780,1507805,"PA","Pará",15,"Senador José Porfírio",150018,"Altamira",1506,"Altamira"
150790,1507904,"PA","Pará",15,"Soure",150021,"Soure-Salvaterra",1507,"Breves"
150795,1507953,"PA","Pará",15,"Tailândia",150003,"Abaetetuba",1501,"Belém"
150796,1507961,"PA","Pará",15,"Terra Alta",150004,"Castanhal",1502,"Castanhal"
150797,1507979,"PA","Pará",15,"Terra Santa",150017,"Oriximiná",1505,"Santarém"
150800,1508001,"PA","Pará",15,"Tomé-Açu",150001,"Belém",1501,"Belém"
150803,1508035,"PA","Pará",15,"Tracuateua",150005,"Bragança",1502,"Castanhal"
150805,1508050,"PA","Pará",15,"Trairão",150016,"Itaituba",1505,"Santarém"
150808,1508084,"PA","Pará",15,"Tucumã",150013,"Tucumã - São Félix do Xingu",1504,"Redenção"
150810,1508100,"PA","Pará",15,"Tucuruí",150011,"Tucuruí",1503,"Marabá"
150812,1508126,"PA","Pará",15,"Ulianópolis",150007,"Paragominas",1502,"Castanhal"
150815,1508159,"PA","Pará",15,"Uruará",150018,"Altamira",1506,"Altamira"
150820,1508209,"PA","Pará",15,"Vigia",150001,"Belém",1501,"Belém"
150830,1508308,"PA","Pará",15,"Viseu",150005,"Bragança",1502,"Castanhal"
150835,1508357,"PA","Pará",15,"Vitória do Xingu",150018,"Altamira",1506,"Altamira"
150840,1508407,"PA","Pará",15,"Xinguara",150014,"Xinguara",1504,"Redenção"
160005,1600055,"AP","Amapá",16,"Serra do Navio",160004,"Porto Grande",1602,"Oiapoque - Porto Grande"
160010,1600105,"AP","Amapá",16,"Amapá",160003,"Oiapoque",1602,"Oiapoque - Porto Grande"
160015,1600154,"AP","Amapá",16,"Pedra Branca do Amapari",160004,"Porto Grande",1602,"Oiapoque - Porto Grande"
160020,1600204,"AP","Amapá",16,"Calçoene",160003,"Oiapoque",1602,"Oiapoque - Porto Grande"
160021,1600212,"AP","Amapá",16,"Cutias",160003,"Oiapoque",1602,"Oiapoque - Porto Grande"
160023,1600238,"AP","Amapá",16,"Ferreira Gomes",160004,"Porto Grande",1602,"Oiapoque - Porto Grande"
160025,1600253,"AP","Amapá",16,"Itaubal",160001,"Macapá",1601,"Macapá"
160027,1600279,"AP","Amapá",16,"Laranjal do Jari",160002,"Laranjal do Jari",1601,"Macapá"
160030,1600303,"AP","Amapá",16,"Macapá",160001,"Macapá",1601,"Macapá"
160040,1600402,"AP","Amapá",16,"Mazagão",160001,"Macapá",1601,"Macapá"
160050,1600501,"AP","Amapá",16,"Oiapoque",160003,"Oiapoque",1602,"Oiapoque - Porto Grande"
160053,1600535,"AP","Amapá",16,"Porto Grande",160004,"Porto Grande",1602,"Oiapoque - Porto Grande"
160055,1600550,"AP","Amapá",16,"Pracuúba",160003,"Oiapoque",1602,"Oiapoque - Porto Grande"
160060,1600600,"AP","Amapá",16,"Santana",160001,"Macapá",1601,"Macapá"
160070,1600709,"AP","Amapá",16,"Tartarugalzinho",160003,"Oiapoque",1602,"Oiapoque - Porto Grande"
160080,1600808,"AP","Amapá",16,"Vitória do Jari",160002,"Laranjal do Jari",1601,"Macapá"
170025,1700251,"TO","Tocantins",17,"Abreulândia",170003,"Paraíso do Tocantins",1701,"Palmas"
170030,1700301,"TO","Tocantins",17,"Aguiarnópolis",170008,"Tocantinópolis",1702,"Araguaína"
170035,1700350,"TO","Tocantins",17,"Aliança do Tocantins",170010,"Gurupi",1703,"Gurupi"
170040,1700400,"TO","Tocantins",17,"Almas",170011,"Dianópolis",1703,"Gurupi"
170070,1700707,"TO","Tocantins",17,"Alvorada",170010,"Gurupi",1703,"Gurupi"
170100,1701002,"TO","Tocantins",17,"Ananás",170005,"Araguaína",1702,"Araguaína"
170105,1701051,"TO","Tocantins",17,"Angico",170005,"Araguaína",1702,"Araguaína"
170110,1701101,"TO","Tocantins",17,"Aparecida do Rio Negro",170001,"Palmas",1701,"Palmas"
170130,1701309,"TO","Tocantins",17,"Aragominas",170005,"Araguaína",1702,"Araguaína"
170190,1701903,"TO","Tocantins",17,"Araguacema",170003,"Paraíso do Tocantins",1701,"Palmas"
170200,1702000,"TO","Tocantins",17,"Araguaçu",170010,"Gurupi",1703,"Gurupi"
170210,1702109,"TO","Tocantins",17,"Araguaína",170005,"Araguaína",1702,"Araguaína"
170215,1702158,"TO","Tocantins",17,"Araguanã",170005,"Araguaína",1702,"Araguaína"
170220,1702208,"TO","Tocantins",17,"Araguatins",170009,"Araguatins",1702,"Araguaína"
170230,1702307,"TO","Tocantins",17,"Arapoema",170005,"Araguaína",1702,"Araguaína"
170240,1702406,"TO","Tocantins",17,"Arraias",170011,"Dianópolis",1703,"Gurupi"
170255,1702554,"TO","Tocantins",17,"Augustinópolis",170009,"Araguatins",1702,"Araguaína"
170270,1702703,"TO","Tocantins",17,"Aurora do Tocantins",170011,"Dianópolis",1703,"Gurupi"
170290,1702901,"TO","Tocantins",17,"Axixá do Tocantins",170009,"Araguatins",1702,"Araguaína"
170300,1703008,"TO","Tocantins",17,"Babaçulândia",170005,"Araguaína",1702,"Araguaína"
170305,1703057,"TO","Tocantins",17,"Bandeirantes do Tocantins",170007,"Colinas do Tocantins",1702,"Araguaína"
170307,1703073,"TO","Tocantins",17,"Barra do Ouro",170005,"Araguaína",1702,"Araguaína"
170310,1703107,"TO","Tocantins",17,"Barrolândia",170003,"Paraíso do Tocantins",1701,"Palmas"
170320,1703206,"TO","Tocantins",17,"Bernardo Sayão",170007,"Colinas do Tocantins",1702,"Araguaína"
170330,1703305,"TO","Tocantins",17,"Bom Jesus do Tocantins",170006,"Guaraí",1702,"Araguaína"
170360,1703602,"TO","Tocantins",17,"Brasilândia do Tocantins",170007,"Colinas do Tocantins",1702,"Araguaína"
170370,1703701,"TO","Tocantins",17,"Brejinho de Nazaré",170002,"Porto Nacional",1701,"Palmas"
170380,1703800,"TO","Tocantins",17,"Buriti do Tocantins",170009,"Araguatins",1702,"Araguaína"
170382,1703826,"TO","Tocantins",17,"Cachoeirinha",170008,"Tocantinópolis",1702,"Araguaína"
170384,1703842,"TO","Tocantins",17,"Campos Lindos",170005,"Araguaína",1702,"Araguaína"
170386,1703867,"TO","Tocantins",17,"Cariri do Tocantins",170010,"Gurupi",1703,"Gurupi"
170388,1703883,"TO","Tocantins",17,"Carmolândia",170005,"Araguaína",1702,"Araguaína"
170389,1703891,"TO","Tocantins",17,"Carrasco Bonito",170009,"Araguatins",1702,"Araguaína"
170390,1703909,"TO","Tocantins",17,"Caseara",170003,"Paraíso do Tocantins",1701,"Palmas"
170410,1704105,"TO","Tocantins",17,"Centenário",170006,"Guaraí",1702,"Araguaína"
170460,1704600,"TO","Tocantins",17,"Chapada de Areia",170003,"Paraíso do Tocantins",1701,"Palmas"
170510,1705102,"TO","Tocantins",17,"Chapada da Natividade",170002,"Porto Nacional",1701,"Palmas"
170550,1705508,"TO","Tocantins",17,"Colinas do Tocantins",170007,"Colinas do Tocantins",1702,"Araguaína"
170555,1705557,"TO","Tocantins",17,"Combinado",170011,"Dianópolis",1703,"Gurupi"
170560,1705607,"TO","Tocantins",17,"Conceição do Tocantins",170011,"Dianópolis",1703,"Gurupi"
170600,1706001,"TO","Tocantins",17,"Couto Magalhães",170006,"Guaraí",1702,"Araguaína"
170610,1706100,"TO","Tocantins",17,"Cristalândia",170003,"Paraíso do Tocantins",1701,"Palmas"
170625,1706258,"TO","Tocantins",17,"Crixás do Tocantins",170010,"Gurupi",1703,"Gurupi"
170650,1706506,"TO","Tocantins",17,"Darcinópolis",170005,"Araguaína",1702,"Araguaína"
170700,1707009,"TO","Tocantins",17,"Dianópolis",170011,"Dianópolis",1703,"Gurupi"
170710,1707108,"TO","Tocantins",17,"Divinópolis do Tocantins",170003,"Paraíso do Tocantins",1701,"Palmas"
170720,1707207,"TO","Tocantins",17,"Dois Irmãos do Tocantins",170004,"Miracema do Tocantins",1701,"Palmas"
170730,1707306,"TO","Tocantins",17,"Dueré",170010,"Gurupi",1703,"Gurupi"
170740,1707405,"TO","Tocantins",17,"Esperantina",170009,"Araguatins",1702,"Araguaína"
170755,1707553,"TO","Tocantins",17,"Fátima",170002,"Porto Nacional",1701,"Palmas"
170765,1707652,"TO","Tocantins",17,"Figueirópolis",170010,"Gurupi",1703,"Gurupi"
170770,1707702,"TO","Tocantins",17,"Filadélfia",170005,"Araguaína",1702,"Araguaína"
170820,1708205,"TO","Tocantins",17,"Formoso do Araguaia",170010,"Gurupi",1703,"Gurupi"
170825,1708254,"TO","Tocantins",17,"Tabocão",170006,"Guaraí",1702,"Araguaína"
170830,1708304,"TO","Tocantins",17,"Goianorte",170006,"Guaraí",1702,"Araguaína"
170900,1709005,"TO","Tocantins",17,"Goiatins",170005,"Araguaína",1702,"Araguaína"
170930,1709302,"TO","Tocantins",17,"Guaraí",170006,"Guaraí",1702,"Araguaína"
170950,1709500,"TO","Tocantins",17,"Gurupi",170010,"Gurupi",1703,"Gurupi"
170980,1709807,"TO","Tocantins",17,"Ipueiras",170002,"Porto Nacional",1701,"Palmas"
171050,1710508,"TO","Tocantins",17,"Itacajá",170007,"Colinas do Tocantins",1702,"Araguaína"
171070,1710706,"TO","Tocantins",17,"Itaguatins",170009,"Araguatins",1702,"Araguaína"
171090,1710904,"TO","Tocantins",17,"Itapiratins",170007,"Colinas do Tocantins",1702,"Araguaína"
171110,1711100,"TO","Tocantins",17,"Itaporã do Tocantins",170006,"Guaraí",1702,"Araguaína"
171150,1711506,"TO","Tocantins",17,"Jaú do Tocantins",170010,"Gurupi",1703,"Gurupi"
171180,1711803,"TO","Tocantins",17,"Juarina",170007,"Colinas do Tocantins",1702,"Araguaína"
171190,1711902,"TO","Tocantins",17,"Lagoa da Confusão",170003,"Paraíso do Tocantins",1701,"Palmas"
171195,1711951,"TO","Tocantins",17,"Lagoa do Tocantins",170001,"Palmas",1701,"Palmas"
171200,1712009,"TO","Tocantins",17,"Lajeado",170001,"Palmas",1701,"Palmas"
171215,1712157,"TO","Tocantins",17,"Lavandeira",170011,"Dianópolis",1703,"Gurupi"
171240,1712405,"TO","Tocantins",17,"Lizarda",170001,"Palmas",1701,"Palmas"
171245,1712454,"TO","Tocantins",17,"Luzinópolis",170008,"Tocantinópolis",1702,"Araguaína"
171250,1712504,"TO","Tocantins",17,"Marianópolis do Tocantins",170003,"Paraíso do Tocantins",1701,"Palmas"
171270,1712702,"TO","Tocantins",17,"Mateiros",170001,"Palmas",1701,"Palmas"
171280,1712801,"TO","Tocantins",17,"Maurilândia do Tocantins",170008,"Tocantinópolis",1702,"Araguaína"
171320,1713205,"TO","Tocantins",17,"Miracema do Tocantins",170004,"Miracema do Tocantins",1701,"Palmas"
171330,1713304,"TO","Tocantins",17,"Miranorte",170004,"Miracema do Tocantins",1701,"Palmas"
171360,1713601,"TO","Tocantins",17,"Monte do Carmo",170002,"Porto Nacional",1701,"Palmas"
171370,1713700,"TO","Tocantins",17,"Monte Santo do Tocantins",170003,"Paraíso do Tocantins",1701,"Palmas"
171380,1713809,"TO","Tocantins",17,"Palmeiras do Tocantins",170008,"Tocantinópolis",1702,"Araguaína"
171395,1713957,"TO","Tocantins",17,"Muricilândia",170005,"Araguaína",1702,"Araguaína"
171420,1714203,"TO","Tocantins",17,"Natividade",170002,"Porto Nacional",1701,"Palmas"
171430,1714302,"TO","Tocantins",17,"Nazaré",170008,"Tocantinópolis",1702,"Araguaína"
171488,1714880,"TO","Tocantins",17,"Nova Olinda",170005,"Araguaína",1702,"Araguaína"
171500,1715002,"TO","Tocantins",17,"Nova Rosalândia",170003,"Paraíso do Tocantins",1701,"Palmas"
171510,1715101,"TO","Tocantins",17,"Novo Acordo",170001,"Palmas",1701,"Palmas"
171515,1715150,"TO","Tocantins",17,"Novo Alegre",170011,"Dianópolis",1703,"Gurupi"
171525,1715259,"TO","Tocantins",17,"Novo Jardim",170011,"Dianópolis",1703,"Gurupi"
171550,1715507,"TO","Tocantins",17,"Oliveira de Fátima",170002,"Porto Nacional",1701,"Palmas"
171570,1715705,"TO","Tocantins",17,"Palmeirante",170007,"Colinas do Tocantins",1702,"Araguaína"
171575,1715754,"TO","Tocantins",17,"Palmeirópolis",170010,"Gurupi",1703,"Gurupi"
171610,1716109,"TO","Tocantins",17,"Paraíso do Tocantins",170003,"Paraíso do Tocantins",1701,"Palmas"
171620,1716208,"TO","Tocantins",17,"Paranã",170010,"Gurupi",1703,"Gurupi"
171630,1716307,"TO","Tocantins",17,"Pau D'Arco",170005,"Araguaína",1702,"Araguaína"
171650,1716505,"TO","Tocantins",17,"Pedro Afonso",170006,"Guaraí",1702,"Araguaína"
171660,1716604,"TO","Tocantins",17,"Peixe",170010,"Gurupi",1703,"Gurupi"
171665,1716653,"TO","Tocantins",17,"Pequizeiro",170006,"Guaraí",1702,"Araguaína"
171670,1716703,"TO","Tocantins",17,"Colméia",170006,"Guaraí",1702,"Araguaína"
171700,1717008,"TO","Tocantins",17,"Pindorama do Tocantins",170002,"Porto Nacional",1701,"Palmas"
171720,1717206,"TO","Tocantins",17,"Piraquê",170005,"Araguaína",1702,"Araguaína"
171750,1717503,"TO","Tocantins",17,"Pium",170003,"Paraíso do Tocantins",1701,"Palmas"
171780,1717800,"TO","Tocantins",17,"Ponte Alta do Bom Jesus",170011,"Dianópolis",1703,"Gurupi"
171790,1717909,"TO","Tocantins",17,"Ponte Alta do Tocantins",170002,"Porto Nacional",1701,"Palmas"
171800,1718006,"TO","Tocantins",17,"Porto Alegre do Tocantins",170011,"Dianópolis",1703,"Gurupi"
171820,1718204,"TO","Tocantins",17,"Porto Nacional",170002,"Porto Nacional",1701,"Palmas"
171830,1718303,"TO","Tocantins",17,"Praia Norte",170009,"Araguatins",1702,"Araguaína"
171840,1718402,"TO","Tocantins",17,"Presidente Kennedy",170006,"Guaraí",1702,"Araguaína"
171845,1718451,"TO","Tocantins",17,"Pugmil",170003,"Paraíso do Tocantins",1701,"Palmas"
171850,1718501,"TO","Tocantins",17,"Recursolândia",170006,"Guaraí",1702,"Araguaína"
171855,1718550,"TO","Tocantins",17,"Riachinho",170005,"Araguaína",1702,"Araguaína"
171865,1718659,"TO","Tocantins",17,"Rio da Conceição",170011,"Dianópolis",1703,"Gurupi"
171870,1718709,"TO","Tocantins",17,"Rio dos Bois",170004,"Miracema do Tocantins",1701,"Palmas"
171875,1718758,"TO","Tocantins",17,"Rio Sono",170001,"Palmas",1701,"Palmas"
171880,1718808,"TO","Tocantins",17,"Sampaio",170009,"Araguatins",1702,"Araguaína"
171884,1718840,"TO","Tocantins",17,"Sandolândia",170010,"Gurupi",1703,"Gurupi"
171886,1718865,"TO","Tocantins",17,"Santa Fé do Araguaia",170005,"Araguaína",1702,"Araguaína"
171888,1718881,"TO","Tocantins",17,"Santa Maria do Tocantins",170006,"Guaraí",1702,"Araguaína"
171889,1718899,"TO","Tocantins",17,"Santa Rita do Tocantins",170002,"Porto Nacional",1701,"Palmas"
171890,1718907,"TO","Tocantins",17,"Santa Rosa do Tocantins",170002,"Porto Nacional",1701,"Palmas"
171900,1719004,"TO","Tocantins",17,"Santa Tereza do Tocantins",170001,"Palmas",1701,"Palmas"
172000,1720002,"TO","Tocantins",17,"Santa Terezinha do Tocantins",170008,"Tocantinópolis",1702,"Araguaína"
172010,1720101,"TO","Tocantins",17,"São Bento do Tocantins",170009,"Araguatins",1702,"Araguaína"
172015,1720150,"TO","Tocantins",17,"São Félix do Tocantins",170001,"Palmas",1701,"Palmas"
172020,1720200,"TO","Tocantins",17,"São Miguel do Tocantins",170009,"Araguatins",1702,"Araguaína"
172025,1720259,"TO","Tocantins",17,"São Salvador do Tocantins",170010,"Gurupi",1703,"Gurupi"
172030,1720309,"TO","Tocantins",17,"São Sebastião do Tocantins",170009,"Araguatins",1702,"Araguaína"
172049,1720499,"TO","Tocantins",17,"São Valério",170010,"Gurupi",1703,"Gurupi"
172065,1720655,"TO","Tocantins",17,"Silvanópolis",170002,"Porto Nacional",1701,"Palmas"
172080,1720804,"TO","Tocantins",17,"Sítio Novo do Tocantins",170009,"Araguatins",1702,"Araguaína"
172085,1720853,"TO","Tocantins",17,"Sucupira",170010,"Gurupi",1703,"Gurupi"
172090,1720903,"TO","Tocantins",17,"Taguatinga",170011,"Dianópolis",1703,"Gurupi"
172093,1720937,"TO","Tocantins",17,"Taipas do Tocantins",170011,"Dianópolis",1703,"Gurupi"
172097,1720978,"TO","Tocantins",17,"Talismã",170010,"Gurupi",1703,"Gurupi"
172100,1721000,"TO","Tocantins",17,"Palmas",170001,"Palmas",1701,"Palmas"
172110,1721109,"TO","Tocantins",17,"Tocantínia",170004,"Miracema do Tocantins",1701,"Palmas"
172120,1721208,"TO","Tocantins",17,"Tocantinópolis",170008,"Tocantinópolis",1702,"Araguaína"
172125,1721257,"TO","Tocantins",17,"Tupirama",170006,"Guaraí",1702,"Araguaína"
172130,1721307,"TO","Tocantins",17,"Tupiratins",170007,"Colinas do Tocantins",1702,"Araguaína"
172208,1722081,"TO","Tocantins",17,"Wanderlândia",170005,"Araguaína",1702,"Araguaína"
172210,1722107,"TO","Tocantins",17,"Xambioá",170005,"Araguaína",1702,"Araguaína"
210005,2100055,"MA","Maranhão",21,"Açailândia",210021,"Açailândia",2105,"Imperatriz"
210010,2100105,"MA","Maranhão",21,"Afonso Cunha",210013,"Caxias",2103,"Caxias"
210015,2100154,"MA","Maranhão",21,"Água Doce do Maranhão",210007,"Tutóia - Araioses",2101,"São Luís"
210020,2100204,"MA","Maranhão",21,"Alcântara",210001,"São Luís",2101,"São Luís"
210030,2100303,"MA","Maranhão",21,"Aldeias Altas",210013,"Caxias",2103,"Caxias"
210040,2100402,"MA","Maranhão",21,"Altamira do Maranhão",210010,"Bacabal",2102,"Santa Inês - Bacabal"
210043,2100436,"MA","Maranhão",21,"Alto Alegre do Maranhão",210010,"Bacabal",2102,"Santa Inês - Bacabal"
210047,2100477,"MA","Maranhão",21,"Alto Alegre do Pindaré",210009,"Santa Inês",2102,"Santa Inês - Bacabal"
210050,2100501,"MA","Maranhão",21,"Alto Parnaíba",210022,"Balsas",2105,"Imperatriz"
210055,2100550,"MA","Maranhão",21,"Amapá do Maranhão",210011,"Governador Nunes Freire",2102,"Santa Inês - Bacabal"
210060,2100600,"MA","Maranhão",21,"Amarante do Maranhão",210019,"Imperatriz",2105,"Imperatriz"
210070,2100709,"MA","Maranhão",21,"Anajatuba",210004,"Itapecuru Mirim",2101,"São Luís"
210080,2100808,"MA","Maranhão",21,"Anapurus",210003,"Chapadinha",2101,"São Luís"
210083,2100832,"MA","Maranhão",21,"Apicum-Açu",210008,"Cururupu",2101,"São Luís"
210087,2100873,"MA","Maranhão",21,"Araguanã",210009,"Santa Inês",2102,"Santa Inês - Bacabal"
210090,2100907,"MA","Maranhão",21,"Araioses",210007,"Tutóia - Araioses",2101,"São Luís"
210095,2100956,"MA","Maranhão",21,"Arame",210020,"Barra do Corda",2105,"Imperatriz"
210100,2101004,"MA","Maranhão",21,"Arari",210005,"Viana",2101,"São Luís"
210110,2101103,"MA","Maranhão",21,"Axixá",210001,"São Luís",2101,"São Luís"
210120,2101202,"MA","Maranhão",21,"Bacabal",210010,"Bacabal",2102,"Santa Inês - Bacabal"
210125,2101251,"MA","Maranhão",21,"Bacabeira",210001,"São Luís",2101,"São Luís"
210130,2101301,"MA","Maranhão",21,"Bacuri",210008,"Cururupu",2101,"São Luís"
210135,2101350,"MA","Maranhão",21,"Bacurituba",210002,"Pinheiro",2101,"São Luís"
210140,2101400,"MA","Maranhão",21,"Balsas",210022,"Balsas",2105,"Imperatriz"
210150,2101509,"MA","Maranhão",21,"Barão de Grajaú",210017,"São João dos Patos",2104,"Presidente Dutra"
210160,2101608,"MA","Maranhão",21,"Barra do Corda",210020,"Barra do Corda",2105,"Imperatriz"
210170,2101707,"MA","Maranhão",21,"Barreirinhas",210006,"Barreirinhas",2101,"São Luís"
210173,2101731,"MA","Maranhão",21,"Belágua",210003,"Chapadinha",2101,"São Luís"
210177,2101772,"MA","Maranhão",21,"Bela Vista do Maranhão",210009,"Santa Inês",2102,"Santa Inês - Bacabal"
210180,2101806,"MA","Maranhão",21,"Benedito Leite",210017,"São João dos Patos",2104,"Presidente Dutra"
210190,2101905,"MA","Maranhão",21,"Bequimão",210002,"Pinheiro",2101,"São Luís"
210193,2101939,"MA","Maranhão",21,"Bernardo do Mearim",210012,"Pedreiras",2102,"Santa Inês - Bacabal"
210197,2101970,"MA","Maranhão",21,"Boa Vista do Gurupi",210011,"Governador Nunes Freire",2102,"Santa Inês - Bacabal"
210200,2102002,"MA","Maranhão",21,"Bom Jardim",210009,"Santa Inês",2102,"Santa Inês - Bacabal"
210203,2102036,"MA","Maranhão",21,"Bom Jesus das Selvas",210021,"Açailândia",2105,"Imperatriz"
210207,2102077,"MA","Maranhão",21,"Bom Lugar",210010,"Bacabal",2102,"Santa Inês - Bacabal"
210210,2102101,"MA","Maranhão",21,"Brejo",210003,"Chapadinha",2101,"São Luís"
210215,2102150,"MA","Maranhão",21,"Brejo de Areia",210010,"Bacabal",2102,"Santa Inês - Bacabal"
210220,2102200,"MA","Maranhão",21,"Buriti",210003,"Chapadinha",2101,"São Luís"
210230,2102309,"MA","Maranhão",21,"Buriti Bravo",210014,"Timon",2103,"Caxias"
210232,2102325,"MA","Maranhão",21,"Buriticupu",210021,"Açailândia",2105,"Imperatriz"
210235,2102358,"MA","Maranhão",21,"Buritirana",210019,"Imperatriz",2105,"Imperatriz"
210237,2102374,"MA","Maranhão",21,"Cachoeira Grande",210001,"São Luís",2101,"São Luís"
210240,2102408,"MA","Maranhão",21,"Cajapió",210005,"Viana",2101,"São Luís"
210250,2102507,"MA","Maranhão",21,"Cajari",210005,"Viana",2101,"São Luís"
210255,2102556,"MA","Maranhão",21,"Campestre do Maranhão",210019,"Imperatriz",2105,"Imperatriz"
210260,2102606,"MA","Maranhão",21,"Cândido Mendes",210011,"Governador Nunes Freire",2102,"Santa Inês - Bacabal"
210270,2102705,"MA","Maranhão",21,"Cantanhede",210004,"Itapecuru Mirim",2101,"São Luís"
210275,2102754,"MA","Maranhão",21,"Capinzal do Norte",210012,"Pedreiras",2102,"Santa Inês - Bacabal"
210280,2102804,"MA","Maranhão",21,"Carolina",210022,"Balsas",2105,"Imperatriz"
210290,2102903,"MA","Maranhão",21,"Carutapera",210011,"Governador Nunes Freire",2102,"Santa Inês - Bacabal"
210300,2103000,"MA","Maranhão",21,"Caxias",210013,"Caxias",2103,"Caxias"
210310,2103109,"MA","Maranhão",21,"Cedral",210008,"Cururupu",2101,"São Luís"
210312,2103125,"MA","Maranhão",21,"Central do Maranhão",210008,"Cururupu",2101,"São Luís"
210315,2103158,"MA","Maranhão",21,"Centro do Guilherme",210011,"Governador Nunes Freire",2102,"Santa Inês - Bacabal"
210317,2103174,"MA","Maranhão",21,"Centro Novo do Maranhão",210011,"Governador Nunes Freire",2102,"Santa Inês - Bacabal"
210320,2103208,"MA","Maranhão",21,"Chapadinha",210003,"Chapadinha",2101,"São Luís"
210325,2103257,"MA","Maranhão",21,"Cidelândia",210019,"Imperatriz",2105,"Imperatriz"
210330,2103307,"MA","Maranhão",21,"Codó",210015,"Codó",2103,"Caxias"
210340,2103406,"MA","Maranhão",21,"Coelho Neto",210013,"Caxias",2103,"Caxias"
210350,2103505,"MA","Maranhão",21,"Colinas",210018,"Colinas",2104,"Presidente Dutra"
210355,2103554,"MA","Maranhão",21,"Conceição do Lago-Açu",210010,"Bacabal",2102,"Santa Inês - Bacabal"
210360,2103604,"MA","Maranhão",21,"Coroatá",210015,"Codó",2103,"Caxias"
210370,2103703,"MA","Maranhão",21,"Cururupu",210008,"Cururupu",2101,"São Luís"
210375,2103752,"MA","Maranhão",21,"Davinópolis",210019,"Imperatriz",2105,"Imperatriz"
210380,2103802,"MA","Maranhão",21,"Dom Pedro",210016,"Presidente Dutra",2104,"Presidente Dutra"
210390,2103901,"MA","Maranhão",21,"Duque Bacelar",210013,"Caxias",2103,"Caxias"
210400,2104008,"MA","Maranhão",21,"Esperantinópolis",210012,"Pedreiras",2102,"Santa Inês - Bacabal"
210405,2104057,"MA","Maranhão",21,"Estreito",210019,"Imperatriz",2105,"Imperatriz"
210407,2104073,"MA","Maranhão",21,"Feira Nova do Maranhão",210022,"Balsas",2105,"Imperatriz"
210408,2104081,"MA","Maranhão",21,"Fernando Falcão",210020,"Barra do Corda",2105,"Imperatriz"
210409,2104099,"MA","Maranhão",21,"Formosa da Serra Negra",210020,"Barra do Corda",2105,"Imperatriz"
210410,2104107,"MA","Maranhão",21,"Fortaleza dos Nogueiras",210022,"Balsas",2105,"Imperatriz"
210420,2104206,"MA","Maranhão",21,"Fortuna",210016,"Presidente Dutra",2104,"Presidente Dutra"
210430,2104305,"MA","Maranhão",21,"Godofredo Viana",210011,"Governador Nunes Freire",2102,"Santa Inês - Bacabal"
210440,2104404,"MA","Maranhão",21,"Gonçalves Dias",210016,"Presidente Dutra",2104,"Presidente Dutra"
210450,2104503,"MA","Maranhão",21,"Governador Archer",210016,"Presidente Dutra",2104,"Presidente Dutra"
210455,2104552,"MA","Maranhão",21,"Governador Edison Lobão",210019,"Imperatriz",2105,"Imperatriz"
210460,2104602,"MA","Maranhão",21,"Governador Eugênio Barros",210016,"Presidente Dutra",2104,"Presidente Dutra"
210462,2104628,"MA","Maranhão",21,"Governador Luiz Rocha",210016,"Presidente Dutra",2104,"Presidente Dutra"
210465,2104651,"MA","Maranhão",21,"Governador Newton Bello",210009,"Santa Inês",2102,"Santa Inês - Bacabal"
210467,2104677,"MA","Maranhão",21,"Governador Nunes Freire",210011,"Governador Nunes Freire",2102,"Santa Inês - Bacabal"
210470,2104701,"MA","Maranhão",21,"Graça Aranha",210016,"Presidente Dutra",2104,"Presidente Dutra"
210480,2104800,"MA","Maranhão",21,"Grajaú",210020,"Barra do Corda",2105,"Imperatriz"
210490,2104909,"MA","Maranhão",21,"Guimarães",210008,"Cururupu",2101,"São Luís"
210500,2105005,"MA","Maranhão",21,"Humberto de Campos",210006,"Barreirinhas",2101,"São Luís"
210510,2105104,"MA","Maranhão",21,"Icatu",210001,"São Luís",2101,"São Luís"
210515,2105153,"MA","Maranhão",21,"Igarapé do Meio",210009,"Santa Inês",2102,"Santa Inês - Bacabal"
210520,2105203,"MA","Maranhão",21,"Igarapé Grande",210012,"Pedreiras",2102,"Santa Inês - Bacabal"
210530,2105302,"MA","Maranhão",21,"Imperatriz",210019,"Imperatriz",2105,"Imperatriz"
210535,2105351,"MA","Maranhão",21,"Itaipava do Grajaú",210020,"Barra do Corda",2105,"Imperatriz"
210540,2105401,"MA","Maranhão",21,"Itapecuru Mirim",210004,"Itapecuru Mirim",2101,"São Luís"
210542,2105427,"MA","Maranhão",21,"Itinga do Maranhão",210021,"Açailândia",2105,"Imperatriz"
210545,2105450,"MA","Maranhão",21,"Jatobá",210018,"Colinas",2104,"Presidente Dutra"
210547,2105476,"MA","Maranhão",21,"Jenipapo dos Vieiras",210020,"Barra do Corda",2105,"Imperatriz"
210550,2105500,"MA","Maranhão",21,"João Lisboa",210019,"Imperatriz",2105,"Imperatriz"
210560,2105609,"MA","Maranhão",21,"Joselândia",210012,"Pedreiras",2102,"Santa Inês - Bacabal"
210565,2105658,"MA","Maranhão",21,"Junco do Maranhão",210011,"Governador Nunes Freire",2102,"Santa Inês - Bacabal"
210570,2105708,"MA","Maranhão",21,"Lago da Pedra",210010,"Bacabal",2102,"Santa Inês - Bacabal"
210580,2105807,"MA","Maranhão",21,"Lago do Junco",210012,"Pedreiras",2102,"Santa Inês - Bacabal"
210590,2105906,"MA","Maranhão",21,"Lago Verde",210010,"Bacabal",2102,"Santa Inês - Bacabal"
210592,2105922,"MA","Maranhão",21,"Lagoa do Mato",210017,"São João dos Patos",2104,"Presidente Dutra"
210594,2105948,"MA","Maranhão",21,"Lago dos Rodrigues",210012,"Pedreiras",2102,"Santa Inês - Bacabal"
210596,2105963,"MA","Maranhão",21,"Lagoa Grande do Maranhão",210010,"Bacabal",2102,"Santa Inês - Bacabal"
210598,2105989,"MA","Maranhão",21,"Lajeado Novo",210019,"Imperatriz",2105,"Imperatriz"
210600,2106003,"MA","Maranhão",21,"Lima Campos",210012,"Pedreiras",2102,"Santa Inês - Bacabal"
210610,2106102,"MA","Maranhão",21,"Loreto",210022,"Balsas",2105,"Imperatriz"
210620,2106201,"MA","Maranhão",21,"Luís Domingues",210011,"Governador Nunes Freire",2102,"Santa Inês - Bacabal"
210630,2106300,"MA","Maranhão",21,"Magalhães de Almeida",210007,"Tutóia - Araioses",2101,"São Luís"
210632,2106326,"MA","Maranhão",21,"Maracaçumé",210011,"Governador Nunes Freire",2102,"Santa Inês - Bacabal"
210635,2106359,"MA","Maranhão",21,"Marajá do Sena",210010,"Bacabal",2102,"Santa Inês - Bacabal"
210637,2106375,"MA","Maranhão",21,"Maranhãozinho",210011,"Governador Nunes Freire",2102,"Santa Inês - Bacabal"
210640,2106409,"MA","Maranhão",21,"Mata Roma",210003,"Chapadinha",2101,"São Luís"
210650,2106508,"MA","Maranhão",21,"Matinha",210005,"Viana",2101,"São Luís"
210660,2106607,"MA","Maranhão",21,"Matões",210014,"Timon",2103,"Caxias"
210663,2106631,"MA","Maranhão",21,"Matões do Norte",210004,"Itapecuru Mirim",2101,"São Luís"
210667,2106672,"MA","Maranhão",21,"Milagres do Maranhão",210003,"Chapadinha",2101,"São Luís"
210670,2106706,"MA","Maranhão",21,"Mirador",210018,"Colinas",2104,"Presidente Dutra"
210675,2106755,"MA","Maranhão",21,"Miranda do Norte",210004,"Itapecuru Mirim",2101,"São Luís"
210680,2106805,"MA","Maranhão",21,"Mirinzal",210008,"Cururupu",2101,"São Luís"
210690,2106904,"MA","Maranhão",21,"Monção",210009,"Santa Inês",2102,"Santa Inês - Bacabal"
210700,2107001,"MA","Maranhão",21,"Montes Altos",210019,"Imperatriz",2105,"Imperatriz"
210710,2107100,"MA","Maranhão",21,"Morros",210001,"São Luís",2101,"São Luís"
210720,2107209,"MA","Maranhão",21,"Nina Rodrigues",210004,"Itapecuru Mirim",2101,"São Luís"
210725,2107258,"MA","Maranhão",21,"Nova Colinas",210022,"Balsas",2105,"Imperatriz"
210730,2107308,"MA","Maranhão",21,"Nova Iorque",210017,"São João dos Patos",2104,"Presidente Dutra"
210735,2107357,"MA","Maranhão",21,"Nova Olinda do Maranhão",210009,"Santa Inês",2102,"Santa Inês - Bacabal"
210740,2107407,"MA","Maranhão",21,"Olho d'Água das Cunhãs",210010,"Bacabal",2102,"Santa Inês - Bacabal"
210745,2107456,"MA","Maranhão",21,"Olinda Nova do Maranhão",210005,"Viana",2101,"São Luís"
210750,2107506,"MA","Maranhão",21,"Paço do Lumiar",210001,"São Luís",2101,"São Luís"
210760,2107605,"MA","Maranhão",21,"Palmeirândia",210002,"Pinheiro",2101,"São Luís"
210770,2107704,"MA","Maranhão",21,"Paraibano",210017,"São João dos Patos",2104,"Presidente Dutra"
210780,2107803,"MA","Maranhão",21,"Parnarama",210014,"Timon",2103,"Caxias"
210790,2107902,"MA","Maranhão",21,"Passagem Franca",210017,"São João dos Patos",2104,"Presidente Dutra"
210800,2108009,"MA","Maranhão",21,"Pastos Bons",210017,"São João dos Patos",2104,"Presidente Dutra"
210805,2108058,"MA","Maranhão",21,"Paulino Neves",210007,"Tutóia - Araioses",2101,"São Luís"
210810,2108108,"MA","Maranhão",21,"Paulo Ramos",210010,"Bacabal",2102,"Santa Inês - Bacabal"
210820,2108207,"MA","Maranhão",21,"Pedreiras",210012,"Pedreiras",2102,"Santa Inês - Bacabal"
210825,2108256,"MA","Maranhão",21,"Pedro do Rosário",210002,"Pinheiro",2101,"São Luís"
210830,2108306,"MA","Maranhão",21,"Penalva",210005,"Viana",2101,"São Luís"
210840,2108405,"MA","Maranhão",21,"Peri Mirim",210002,"Pinheiro",2101,"São Luís"
210845,2108454,"MA","Maranhão",21,"Peritoró",210015,"Codó",2103,"Caxias"
210850,2108504,"MA","Maranhão",21,"Pindaré-Mirim",210009,"Santa Inês",2102,"Santa Inês - Bacabal"
210860,2108603,"MA","Maranhão",21,"Pinheiro",210002,"Pinheiro",2101,"São Luís"
210870,2108702,"MA","Maranhão",21,"Pio XII",210009,"Santa Inês",2102,"Santa Inês - Bacabal"
210880,2108801,"MA","Maranhão",21,"Pirapemas",210004,"Itapecuru Mirim",2101,"São Luís"
210890,2108900,"MA","Maranhão",21,"Poção de Pedras",210012,"Pedreiras",2102,"Santa Inês - Bacabal"
210900,2109007,"MA","Maranhão",21,"Porto Franco",210019,"Imperatriz",2105,"Imperatriz"
210905,2109056,"MA","Maranhão",21,"Porto Rico do Maranhão",210008,"Cururupu",2101,"São Luís"
210910,2109106,"MA","Maranhão",21,"Presidente Dutra",210016,"Presidente Dutra",2104,"Presidente Dutra"
210920,2109205,"MA","Maranhão",21,"Presidente Juscelino",210001,"São Luís",2101,"São Luís"
210923,2109239,"MA","Maranhão",21,"Presidente Médici",210011,"Governador Nunes Freire",2102,"Santa Inês - Bacabal"
210927,2109270,"MA","Maranhão",21,"Presidente Sarney",210002,"Pinheiro",2101,"São Luís"
210930,2109304,"MA","Maranhão",21,"Presidente Vargas",210004,"Itapecuru Mirim",2101,"São Luís"
210940,2109403,"MA","Maranhão",21,"Primeira Cruz",210006,"Barreirinhas",2101,"São Luís"
210945,2109452,"MA","Maranhão",21,"Raposa",210001,"São Luís",2101,"São Luís"
210950,2109502,"MA","Maranhão",21,"Riachão",210022,"Balsas",2105,"Imperatriz"
210955,2109551,"MA","Maranhão",21,"Ribamar Fiquene",210019,"Imperatriz",2105,"Imperatriz"
210960,2109601,"MA","Maranhão",21,"Rosário",210001,"São Luís",2101,"São Luís"
210970,2109700,"MA","Maranhão",21,"Sambaíba",210022,"Balsas",2105,"Imperatriz"
210975,2109759,"MA","Maranhão",21,"Santa Filomena do Maranhão",210016,"Presidente Dutra",2104,"Presidente Dutra"
210980,2109809,"MA","Maranhão",21,"Santa Helena",210002,"Pinheiro",2101,"São Luís"
210990,2109908,"MA","Maranhão",21,"Santa Inês",210009,"Santa Inês",2102,"Santa Inês - Bacabal"
211000,2110005,"MA","Maranhão",21,"Santa Luzia",210009,"Santa Inês",2102,"Santa Inês - Bacabal"
211003,2110039,"MA","Maranhão",21,"Santa Luzia do Paruá",210011,"Governador Nunes Freire",2102,"Santa Inês - Bacabal"
211010,2110104,"MA","Maranhão",21,"Santa Quitéria do Maranhão",210003,"Chapadinha",2101,"São Luís"
211020,2110203,"MA","Maranhão",21,"Santa Rita",210001,"São Luís",2101,"São Luís"
211023,2110237,"MA","Maranhão",21,"Santana do Maranhão",210007,"Tutóia - Araioses",2101,"São Luís"
211027,2110278,"MA","Maranhão",21,"Santo Amaro do Maranhão",210006,"Barreirinhas",2101,"São Luís"
211030,2110302,"MA","Maranhão",21,"Santo Antônio dos Lopes",210012,"Pedreiras",2102,"Santa Inês - Bacabal"
211040,2110401,"MA","Maranhão",21,"São Benedito do Rio Preto",210003,"Chapadinha",2101,"São Luís"
211050,2110500,"MA","Maranhão",21,"São Bento",210002,"Pinheiro",2101,"São Luís"
211060,2110609,"MA","Maranhão",21,"São Bernardo",210007,"Tutóia - Araioses",2101,"São Luís"
211065,2110658,"MA","Maranhão",21,"São Domingos do Azeitão",210017,"São João dos Patos",2104,"Presidente Dutra"
211070,2110708,"MA","Maranhão",21,"São Domingos do Maranhão",210016,"Presidente Dutra",2104,"Presidente Dutra"
211080,2110807,"MA","Maranhão",21,"São Félix de Balsas",210022,"Balsas",2105,"Imperatriz"
211085,2110856,"MA","Maranhão",21,"São Francisco do Brejão",210021,"Açailândia",2105,"Imperatriz"
211090,2110906,"MA","Maranhão",21,"São Francisco do Maranhão",210017,"São João dos Patos",2104,"Presidente Dutra"
211100,2111003,"MA","Maranhão",21,"São João Batista",210005,"Viana",2101,"São Luís"
211102,2111029,"MA","Maranhão",21,"São João do Carú",210009,"Santa Inês",2102,"Santa Inês - Bacabal"
211105,2111052,"MA","Maranhão",21,"São João do Paraíso",210019,"Imperatriz",2105,"Imperatriz"
211107,2111078,"MA","Maranhão",21,"São João do Soter",210013,"Caxias",2103,"Caxias"
211110,2111102,"MA","Maranhão",21,"São João dos Patos",210017,"São João dos Patos",2104,"Presidente Dutra"
211120,2111201,"MA","Maranhão",21,"São José de Ribamar",210001,"São Luís",2101,"São Luís"
211125,2111250,"MA","Maranhão",21,"São José dos Basílios",210016,"Presidente Dutra",2104,"Presidente Dutra"
211130,2111300,"MA","Maranhão",21,"São Luís",210001,"São Luís",2101,"São Luís"
211140,2111409,"MA","Maranhão",21,"São Luís Gonzaga do Maranhão",210010,"Bacabal",2102,"Santa Inês - Bacabal"
211150,2111508,"MA","Maranhão",21,"São Mateus do Maranhão",210010,"Bacabal",2102,"Santa Inês - Bacabal"
211153,2111532,"MA","Maranhão",21,"São Pedro da Água Branca",210019,"Imperatriz",2105,"Imperatriz"
211157,2111573,"MA","Maranhão",21,"São Pedro dos Crentes",210020,"Barra do Corda",2105,"Imperatriz"
211160,2111607,"MA","Maranhão",21,"São Raimundo das Mangabeiras",210022,"Balsas",2105,"Imperatriz"
211163,2111631,"MA","Maranhão",21,"São Raimundo do Doca Bezerra",210012,"Pedreiras",2102,"Santa Inês - Bacabal"
211167,2111672,"MA","Maranhão",21,"São Roberto",210012,"Pedreiras",2102,"Santa Inês - Bacabal"
211170,2111706,"MA","Maranhão",21,"São Vicente Ferrer",210005,"Viana",2101,"São Luís"
211172,2111722,"MA","Maranhão",21,"Satubinha",210010,"Bacabal",2102,"Santa Inês - Bacabal"
211174,2111748,"MA","Maranhão",21,"Senador Alexandre Costa",210016,"Presidente Dutra",2104,"Presidente Dutra"
211176,2111763,"MA","Maranhão",21,"Senador La Rocque",210019,"Imperatriz",2105,"Imperatriz"
211178,2111789,"MA","Maranhão",21,"Serrano do Maranhão",210008,"Cururupu",2101,"São Luís"
211180,2111805,"MA","Maranhão",21,"Sítio Novo",210020,"Barra do Corda",2105,"Imperatriz"
211190,2111904,"MA","Maranhão",21,"Sucupira do Norte",210018,"Colinas",2104,"Presidente Dutra"
211195,2111953,"MA","Maranhão",21,"Sucupira do Riachão",210017,"São João dos Patos",2104,"Presidente Dutra"
211200,2112001,"MA","Maranhão",21,"Tasso Fragoso",210022,"Balsas",2105,"Imperatriz"
211210,2112100,"MA","Maranhão",21,"Timbiras",210015,"Codó",2103,"Caxias"
211220,2112209,"MA","Maranhão",21,"Timon",210014,"Timon",2103,"Caxias"
211223,2112233,"MA","Maranhão",21,"Trizidela do Vale",210012,"Pedreiras",2102,"Santa Inês - Bacabal"
211227,2112274,"MA","Maranhão",21,"Tufilândia",210009,"Santa Inês",2102,"Santa Inês - Bacabal"
211230,2112308,"MA","Maranhão",21,"Tuntum",210016,"Presidente Dutra",2104,"Presidente Dutra"
211240,2112407,"MA","Maranhão",21,"Turiaçu",210002,"Pinheiro",2101,"São Luís"
211245,2112456,"MA","Maranhão",21,"Turilândia",210002,"Pinheiro",2101,"São Luís"
211250,2112506,"MA","Maranhão",21,"Tutóia",210007,"Tutóia - Araioses",2101,"São Luís"
211260,2112605,"MA","Maranhão",21,"Urbano Santos",210003,"Chapadinha",2101,"São Luís"
211270,2112704,"MA","Maranhão",21,"Vargem Grande",210004,"Itapecuru Mirim",2101,"São Luís"
211280,2112803,"MA","Maranhão",21,"Viana",210005,"Viana",2101,"São Luís"
211285,2112852,"MA","Maranhão",21,"Vila Nova dos Martírios",210019,"Imperatriz",2105,"Imperatriz"
211290,2112902,"MA","Maranhão",21,"Vitória do Mearim",210005,"Viana",2101,"São Luís"
211300,2113009,"MA","Maranhão",21,"Vitorino Freire",210010,"Bacabal",2102,"Santa Inês - Bacabal"
211400,2114007,"MA","Maranhão",21,"Zé Doca",210009,"Santa Inês",2102,"Santa Inês - Bacabal"
220005,2200053,"PI","Piauí",22,"Acauã",220010,"Paulistana",2203,"Picos"
220010,2200103,"PI","Piauí",22,"Agricolândia",220002,"Amarante - Água Branca - Regeneração",2201,"Teresina"
220020,2200202,"PI","Piauí",22,"Água Branca",220002,"Amarante - Água Branca - Regeneração",2201,"Teresina"
220025,2200251,"PI","Piauí",22,"Alagoinha do Piauí",220009,"Picos",2203,"Picos"
220027,2200277,"PI","Piauí",22,"Alegrete do Piauí",220009,"Picos",2203,"Picos"
220030,2200301,"PI","Piauí",22,"Alto Longá",220001,"Teresina",2201,"Teresina"
220040,2200400,"PI","Piauí",22,"Altos",220001,"Teresina",2201,"Teresina"
220045,2200459,"PI","Piauí",22,"Alvorada do Gurguéia",220016,"Bom Jesus",2205,"Corrente - Bom Jesus"
220050,2200509,"PI","Piauí",22,"Amarante",220002,"Amarante - Água Branca - Regeneração",2201,"Teresina"
220060,2200608,"PI","Piauí",22,"Angical do Piauí",220002,"Amarante - Água Branca - Regeneração",2201,"Teresina"
220070,2200707,"PI","Piauí",22,"Anísio de Abreu",220013,"São Raimundo Nonato",2204,"São Raimundo Nonato"
220080,2200806,"PI","Piauí",22,"Antônio Almeida",220018,"Uruçuí",2206,"Floriano"
220090,2200905,"PI","Piauí",22,"Aroazes",220004,"Valença do Piauí",2201,"Teresina"
220095,2200954,"PI","Piauí",22,"Aroeiras do Itaim",220009,"Picos",2203,"Picos"
220100,2201002,"PI","Piauí",22,"Arraial",220017,"Floriano",2206,"Floriano"
220105,2201051,"PI","Piauí",22,"Assunção do Piauí",220003,"Campo Maior",2201,"Teresina"
220110,2201101,"PI","Piauí",22,"Avelino Lopes",220015,"Corrente",2205,"Corrente - Bom Jesus"
220115,2201150,"PI","Piauí",22,"Baixa Grande do Ribeiro",220018,"Uruçuí",2206,"Floriano"
220117,2201176,"PI","Piauí",22,"Barra D'Alcântara",220004,"Valença do Piauí",2201,"Teresina"
220120,2201200,"PI","Piauí",22,"Barras",220005,"Barras",2201,"Teresina"
220130,2201309,"PI","Piauí",22,"Barreiras do Piauí",220015,"Corrente",2205,"Corrente - Bom Jesus"
220140,2201408,"PI","Piauí",22,"Barro Duro",220002,"Amarante - Água Branca - Regeneração",2201,"Teresina"
220150,2201507,"PI","Piauí",22,"Batalha",220008,"Esperantina",2202,"Parnaíba"
220155,2201556,"PI","Piauí",22,"Bela Vista do Piauí",220012,"Simplício Mendes",2203,"Picos"
220157,2201572,"PI","Piauí",22,"Belém do Piauí",220009,"Picos",2203,"Picos"
220160,2201606,"PI","Piauí",22,"Beneditinos",220001,"Teresina",2201,"Teresina"
220170,2201705,"PI","Piauí",22,"Bertolínia",220018,"Uruçuí",2206,"Floriano"
220173,2201739,"PI","Piauí",22,"Betânia do Piauí",220010,"Paulistana",2203,"Picos"
220177,2201770,"PI","Piauí",22,"Boa Hora",220005,"Barras",2201,"Teresina"
220180,2201804,"PI","Piauí",22,"Bocaina",220009,"Picos",2203,"Picos"
220190,2201903,"PI","Piauí",22,"Bom Jesus",220016,"Bom Jesus",2205,"Corrente - Bom Jesus"
220191,2201919,"PI","Piauí",22,"Bom Princípio do Piauí",220006,"Parnaíba",2202,"Parnaíba"
220192,2201929,"PI","Piauí",22,"Bonfim do Piauí",220013,"São Raimundo Nonato",2204,"São Raimundo Nonato"
220194,2201945,"PI","Piauí",22,"Boqueirão do Piauí",220003,"Campo Maior",2201,"Teresina"
220196,2201960,"PI","Piauí",22,"Brasileira",220007,"Piripiri",2202,"Parnaíba"
220198,2201988,"PI","Piauí",22,"Brejo do Piauí",220019,"Canto do Buriti",2206,"Floriano"
220200,2202000,"PI","Piauí",22,"Buriti dos Lopes",220006,"Parnaíba",2202,"Parnaíba"
220202,2202026,"PI","Piauí",22,"Buriti dos Montes",220003,"Campo Maior",2201,"Teresina"
220205,2202059,"PI","Piauí",22,"Cabeceiras do Piauí",220005,"Barras",2201,"Teresina"
220207,2202075,"PI","Piauí",22,"Cajazeiras do Piauí",220011,"Oeiras",2203,"Picos"
220208,2202083,"PI","Piauí",22,"Cajueiro da Praia",220006,"Parnaíba",2202,"Parnaíba"
220209,2202091,"PI","Piauí",22,"Caldeirão Grande do Piauí",220009,"Picos",2203,"Picos"
220210,2202109,"PI","Piauí",22,"Campinas do Piauí",220012,"Simplício Mendes",2203,"Picos"
220211,2202117,"PI","Piauí",22,"Campo Alegre do Fidalgo",220014,"São João do Piauí",2204,"São Raimundo Nonato"
220213,2202133,"PI","Piauí",22,"Campo Grande do Piauí",220009,"Picos",2203,"Picos"
220217,2202174,"PI","Piauí",22,"Campo Largo do Piauí",220005,"Barras",2201,"Teresina"
220220,2202208,"PI","Piauí",22,"Campo Maior",220003,"Campo Maior",2201,"Teresina"
220225,2202251,"PI","Piauí",22,"Canavieira",220017,"Floriano",2206,"Floriano"
220230,2202307,"PI","Piauí",22,"Canto do Buriti",220019,"Canto do Buriti",2206,"Floriano"
220240,2202406,"PI","Piauí",22,"Capitão de Campos",220007,"Piripiri",2202,"Parnaíba"
220245,2202455,"PI","Piauí",22,"Capitão Gervásio Oliveira",220014,"São João do Piauí",2204,"São Raimundo Nonato"
220250,2202505,"PI","Piauí",22,"Caracol",220013,"São Raimundo Nonato",2204,"São Raimundo Nonato"
220253,2202539,"PI","Piauí",22,"Caraúbas do Piauí",220006,"Parnaíba",2202,"Parnaíba"
220255,2202554,"PI","Piauí",22,"Caridade do Piauí",220010,"Paulistana",2203,"Picos"
220260,2202604,"PI","Piauí",22,"Castelo do Piauí",220003,"Campo Maior",2201,"Teresina"
220265,2202653,"PI","Piauí",22,"Caxingó",220006,"Parnaíba",2202,"Parnaíba"
220270,2202703,"PI","Piauí",22,"Cocal",220006,"Parnaíba",2202,"Parnaíba"
220271,2202711,"PI","Piauí",22,"Cocal de Telha",220003,"Campo Maior",2201,"Teresina"
220272,2202729,"PI","Piauí",22,"Cocal dos Alves",220006,"Parnaíba",2202,"Parnaíba"
220273,2202737,"PI","Piauí",22,"Coivaras",220001,"Teresina",2201,"Teresina"
220275,2202752,"PI","Piauí",22,"Colônia do Gurguéia",220016,"Bom Jesus",2205,"Corrente - Bom Jesus"
220277,2202778,"PI","Piauí",22,"Colônia do Piauí",220011,"Oeiras",2203,"Picos"
220280,2202802,"PI","Piauí",22,"Conceição do Canindé",220012,"Simplício Mendes",2203,"Picos"
220285,2202851,"PI","Piauí",22,"Coronel José Dias",220013,"São Raimundo Nonato",2204,"São Raimundo Nonato"
220290,2202901,"PI","Piauí",22,"Corrente",220015,"Corrente",2205,"Corrente - Bom Jesus"
220300,2203008,"PI","Piauí",22,"Cristalândia do Piauí",220015,"Corrente",2205,"Corrente - Bom Jesus"
220310,2203107,"PI","Piauí",22,"Cristino Castro",220016,"Bom Jesus",2205,"Corrente - Bom Jesus"
220320,2203206,"PI","Piauí",22,"Curimatá",220015,"Corrente",2205,"Corrente - Bom Jesus"
220323,2203230,"PI","Piauí",22,"Currais",220016,"Bom Jesus",2205,"Corrente - Bom Jesus"
220325,2203255,"PI","Piauí",22,"Curralinhos",220001,"Teresina",2201,"Teresina"
220327,2203271,"PI","Piauí",22,"Curral Novo do Piauí",220010,"Paulistana",2203,"Picos"
220330,2203305,"PI","Piauí",22,"Demerval Lobão",220001,"Teresina",2201,"Teresina"
220335,2203354,"PI","Piauí",22,"Dirceu Arcoverde",220013,"São Raimundo Nonato",2204,"São Raimundo Nonato"
220340,2203404,"PI","Piauí",22,"Dom Expedito Lopes",220009,"Picos",2203,"Picos"
220342,2203420,"PI","Piauí",22,"Domingos Mourão",220007,"Piripiri",2202,"Parnaíba"
220345,2203453,"PI","Piauí",22,"Dom Inocêncio",220013,"São Raimundo Nonato",2204,"São Raimundo Nonato"
220350,2203503,"PI","Piauí",22,"Elesbão Veloso",220002,"Amarante - Água Branca - Regeneração",2201,"Teresina"
220360,2203602,"PI","Piauí",22,"Eliseu Martins",220019,"Canto do Buriti",2206,"Floriano"
220370,2203701,"PI","Piauí",22,"Esperantina",220008,"Esperantina",2202,"Parnaíba"
220375,2203750,"PI","Piauí",22,"Fartura do Piauí",220013,"São Raimundo Nonato",2204,"São Raimundo Nonato"
220380,2203800,"PI","Piauí",22,"Flores do Piauí",220019,"Canto do Buriti",2206,"Floriano"
220385,2203859,"PI","Piauí",22,"Floresta do Piauí",220011,"Oeiras",2203,"Picos"
220390,2203909,"PI","Piauí",22,"Floriano",220017,"Floriano",2206,"Floriano"
220400,2204006,"PI","Piauí",22,"Francinópolis",220002,"Amarante - Água Branca - Regeneração",2201,"Teresina"
220410,2204105,"PI","Piauí",22,"Francisco Ayres",220017,"Floriano",2206,"Floriano"
220415,2204154,"PI","Piauí",22,"Francisco Macedo",220009,"Picos",2203,"Picos"
220420,2204204,"PI","Piauí",22,"Francisco Santos",220009,"Picos",2203,"Picos"
220430,2204303,"PI","Piauí",22,"Fronteiras",220009,"Picos",2203,"Picos"
220435,2204352,"PI","Piauí",22,"Geminiano",220009,"Picos",2203,"Picos"
220440,2204402,"PI","Piauí",22,"Gilbués",220015,"Corrente",2205,"Corrente - Bom Jesus"
220450,2204501,"PI","Piauí",22,"Guadalupe",220017,"Floriano",2206,"Floriano"
220455,2204550,"PI","Piauí",22,"Guaribas",220013,"São Raimundo Nonato",2204,"São Raimundo Nonato"
220460,2204600,"PI","Piauí",22,"Hugo Napoleão",220002,"Amarante - Água Branca - Regeneração",2201,"Teresina"
220465,2204659,"PI","Piauí",22,"Ilha Grande",220006,"Parnaíba",2202,"Parnaíba"
220470,2204709,"PI","Piauí",22,"Inhuma",220004,"Valença do Piauí",2201,"Teresina"
220480,2204808,"PI","Piauí",22,"Ipiranga do Piauí",220004,"Valença do Piauí",2201,"Teresina"
220490,2204907,"PI","Piauí",22,"Isaías Coelho",220009,"Picos",2203,"Picos"
220500,2205003,"PI","Piauí",22,"Itainópolis",220009,"Picos",2203,"Picos"
220510,2205102,"PI","Piauí",22,"Itaueira",220017,"Floriano",2206,"Floriano"
220515,2205151,"PI","Piauí",22,"Jacobina do Piauí",220010,"Paulistana",2203,"Picos"
220520,2205201,"PI","Piauí",22,"Jaicós",220009,"Picos",2203,"Picos"
220525,2205250,"PI","Piauí",22,"Jardim do Mulato",220002,"Amarante - Água Branca - Regeneração",2201,"Teresina"
220527,2205276,"PI","Piauí",22,"Jatobá do Piauí",220003,"Campo Maior",2201,"Teresina"
220530,2205300,"PI","Piauí",22,"Jerumenha",220017,"Floriano",2206,"Floriano"
220535,2205359,"PI","Piauí",22,"João Costa",220014,"São João do Piauí",2204,"São Raimundo Nonato"
220540,2205409,"PI","Piauí",22,"Joaquim Pires",220008,"Esperantina",2202,"Parnaíba"
220545,2205458,"PI","Piauí",22,"Joca Marques",220008,"Esperantina",2202,"Parnaíba"
220550,2205508,"PI","Piauí",22,"José de Freitas",220001,"Teresina",2201,"Teresina"
220551,2205516,"PI","Piauí",22,"Juazeiro do Piauí",220003,"Campo Maior",2201,"Teresina"
220552,2205524,"PI","Piauí",22,"Júlio Borges",220015,"Corrente",2205,"Corrente - Bom Jesus"
220553,2205532,"PI","Piauí",22,"Jurema",220013,"São Raimundo Nonato",2204,"São Raimundo Nonato"
220554,2205540,"PI","Piauí",22,"Lagoinha do Piauí",220002,"Amarante - Água Branca - Regeneração",2201,"Teresina"
220555,2205557,"PI","Piauí",22,"Lagoa Alegre",220001,"Teresina",2201,"Teresina"
220556,2205565,"PI","Piauí",22,"Lagoa do Barro do Piauí",220014,"São João do Piauí",2204,"São Raimundo Nonato"
220557,2205573,"PI","Piauí",22,"Lagoa de São Francisco",220007,"Piripiri",2202,"Parnaíba"
220558,2205581,"PI","Piauí",22,"Lagoa do Piauí",220001,"Teresina",2201,"Teresina"
220559,2205599,"PI","Piauí",22,"Lagoa do Sítio",220004,"Valença do Piauí",2201,"Teresina"
220560,2205607,"PI","Piauí",22,"Landri Sales",220017,"Floriano",2206,"Floriano"
220570,2205706,"PI","Piauí",22,"Luís Correia",220006,"Parnaíba",2202,"Parnaíba"
220580,2205805,"PI","Piauí",22,"Luzilândia",220008,"Esperantina",2202,"Parnaíba"
220585,2205854,"PI","Piauí",22,"Madeiro",220008,"Esperantina",2202,"Parnaíba"
220590,2205904,"PI","Piauí",22,"Manoel Emídio",220018,"Uruçuí",2206,"Floriano"
220595,2205953,"PI","Piauí",22,"Marcolândia",220009,"Picos",2203,"Picos"
220600,2206001,"PI","Piauí",22,"Marcos Parente",220017,"Floriano",2206,"Floriano"
220605,2206050,"PI","Piauí",22,"Massapê do Piauí",220009,"Picos",2203,"Picos"
220610,2206100,"PI","Piauí",22,"Matias Olímpio",220008,"Esperantina",2202,"Parnaíba"
220620,2206209,"PI","Piauí",22,"Miguel Alves",220001,"Teresina",2201,"Teresina"
220630,2206308,"PI","Piauí",22,"Miguel Leão",220002,"Amarante - Água Branca - Regeneração",2201,"Teresina"
220635,2206357,"PI","Piauí",22,"Milton Brandão",220007,"Piripiri",2202,"Parnaíba"
220640,2206407,"PI","Piauí",22,"Monsenhor Gil",220001,"Teresina",2201,"Teresina"
220650,2206506,"PI","Piauí",22,"Monsenhor Hipólito",220009,"Picos",2203,"Picos"
220660,2206605,"PI","Piauí",22,"Monte Alegre do Piauí",220015,"Corrente",2205,"Corrente - Bom Jesus"
220665,2206654,"PI","Piauí",22,"Morro Cabeça no Tempo",220015,"Corrente",2205,"Corrente - Bom Jesus"
220667,2206670,"PI","Piauí",22,"Morro do Chapéu do Piauí",220008,"Esperantina",2202,"Parnaíba"
220669,2206696,"PI","Piauí",22,"Murici dos Portelas",220006,"Parnaíba",2202,"Parnaíba"
220670,2206704,"PI","Piauí",22,"Nazaré do Piauí",220017,"Floriano",2206,"Floriano"
220672,2206720,"PI","Piauí",22,"Nazária",220001,"Teresina",2201,"Teresina"
220675,2206753,"PI","Piauí",22,"Nossa Senhora de Nazaré",220003,"Campo Maior",2201,"Teresina"
220680,2206803,"PI","Piauí",22,"Nossa Senhora dos Remédios",220005,"Barras",2201,"Teresina"
220690,2206902,"PI","Piauí",22,"Novo Oriente do Piauí",220004,"Valença do Piauí",2201,"Teresina"
220695,2206951,"PI","Piauí",22,"Novo Santo Antônio",220001,"Teresina",2201,"Teresina"
220700,2207009,"PI","Piauí",22,"Oeiras",220011,"Oeiras",2203,"Picos"
220710,2207108,"PI","Piauí",22,"Olho D'Água do Piauí",220002,"Amarante - Água Branca - Regeneração",2201,"Teresina"
220720,2207207,"PI","Piauí",22,"Padre Marcos",220009,"Picos",2203,"Picos"
220730,2207306,"PI","Piauí",22,"Paes Landim",220012,"Simplício Mendes",2203,"Picos"
220735,2207355,"PI","Piauí",22,"Pajeú do Piauí",220019,"Canto do Buriti",2206,"Floriano"
220740,2207405,"PI","Piauí",22,"Palmeira do Piauí",220016,"Bom Jesus",2205,"Corrente - Bom Jesus"
220750,2207504,"PI","Piauí",22,"Palmeirais",220002,"Amarante - Água Branca - Regeneração",2201,"Teresina"
220755,2207553,"PI","Piauí",22,"Paquetá",220009,"Picos",2203,"Picos"
220760,2207603,"PI","Piauí",22,"Parnaguá",220015,"Corrente",2205,"Corrente - Bom Jesus"
220770,2207702,"PI","Piauí",22,"Parnaíba",220006,"Parnaíba",2202,"Parnaíba"
220775,2207751,"PI","Piauí",22,"Passagem Franca do Piauí",220002,"Amarante - Água Branca - Regeneração",2201,"Teresina"
220777,2207777,"PI","Piauí",22,"Patos do Piauí",220010,"Paulistana",2203,"Picos"
220779,2207793,"PI","Piauí",22,"Pau D'Arco do Piauí",220001,"Teresina",2201,"Teresina"
220780,2207801,"PI","Piauí",22,"Paulistana",220010,"Paulistana",2203,"Picos"
220785,2207850,"PI","Piauí",22,"Pavussu",220019,"Canto do Buriti",2206,"Floriano"
220790,2207900,"PI","Piauí",22,"Pedro II",220007,"Piripiri",2202,"Parnaíba"
220793,2207934,"PI","Piauí",22,"Pedro Laurentino",220014,"São João do Piauí",2204,"São Raimundo Nonato"
220795,2207959,"PI","Piauí",22,"Nova Santa Rita",220014,"São João do Piauí",2204,"São Raimundo Nonato"
220800,2208007,"PI","Piauí",22,"Picos",220009,"Picos",2203,"Picos"
220810,2208106,"PI","Piauí",22,"Pimenteiras",220004,"Valença do Piauí",2201,"Teresina"
220820,2208205,"PI","Piauí",22,"Pio IX",220009,"Picos",2203,"Picos"
220830,2208304,"PI","Piauí",22,"Piracuruca",220007,"Piripiri",2202,"Parnaíba"
220840,2208403,"PI","Piauí",22,"Piripiri",220007,"Piripiri",2202,"Parnaíba"
220850,2208502,"PI","Piauí",22,"Porto",220005,"Barras",2201,"Teresina"
220855,2208551,"PI","Piauí",22,"Porto Alegre do Piauí",220017,"Floriano",2206,"Floriano"
220860,2208601,"PI","Piauí",22,"Prata do Piauí",220002,"Amarante - Água Branca - Regeneração",2201,"Teresina"
220865,2208650,"PI","Piauí",22,"Queimada Nova",220010,"Paulistana",2203,"Picos"
220870,2208700,"PI","Piauí",22,"Redenção do Gurguéia",220016,"Bom Jesus",2205,"Corrente - Bom Jesus"
220880,2208809,"PI","Piauí",22,"Regeneração",220002,"Amarante - Água Branca - Regeneração",2201,"Teresina"
220885,2208858,"PI","Piauí",22,"Riacho Frio",220015,"Corrente",2205,"Corrente - Bom Jesus"
220887,2208874,"PI","Piauí",22,"Ribeira do Piauí",220014,"São João do Piauí",2204,"São Raimundo Nonato"
220890,2208908,"PI","Piauí",22,"Ribeiro Gonçalves",220018,"Uruçuí",2206,"Floriano"
220900,2209005,"PI","Piauí",22,"Rio Grande do Piauí",220019,"Canto do Buriti",2206,"Floriano"
220910,2209104,"PI","Piauí",22,"Santa Cruz do Piauí",220009,"Picos",2203,"Picos"
220915,2209153,"PI","Piauí",22,"Santa Cruz dos Milagres",220004,"Valença do Piauí",2201,"Teresina"
220920,2209203,"PI","Piauí",22,"Santa Filomena",220015,"Corrente",2205,"Corrente - Bom Jesus"
220930,2209302,"PI","Piauí",22,"Santa Luz",220016,"Bom Jesus",2205,"Corrente - Bom Jesus"
220935,2209351,"PI","Piauí",22,"Santana do Piauí",220009,"Picos",2203,"Picos"
220937,2209377,"PI","Piauí",22,"Santa Rosa do Piauí",220011,"Oeiras",2203,"Picos"
220940,2209401,"PI","Piauí",22,"Santo Antônio de Lisboa",220009,"Picos",2203,"Picos"
220945,2209450,"PI","Piauí",22,"Santo Antônio dos Milagres",220002,"Amarante - Água Branca - Regeneração",2201,"Teresina"
220950,2209500,"PI","Piauí",22,"Santo Inácio do Piauí",220011,"Oeiras",2203,"Picos"
220955,2209559,"PI","Piauí",22,"São Braz do Piauí",220013,"São Raimundo Nonato",2204,"São Raimundo Nonato"
220960,2209609,"PI","Piauí",22,"São Félix do Piauí",220002,"Amarante - Água Branca - Regeneração",2201,"Teresina"
220965,2209658,"PI","Piauí",22,"São Francisco de Assis do Piauí",220012,"Simplício Mendes",2203,"Picos"
220970,2209708,"PI","Piauí",22,"São Francisco do Piauí",220017,"Floriano",2206,"Floriano"
220975,2209757,"PI","Piauí",22,"São Gonçalo do Gurguéia",220015,"Corrente",2205,"Corrente - Bom Jesus"
220980,2209807,"PI","Piauí",22,"São Gonçalo do Piauí",220002,"Amarante - Água Branca - Regeneração",2201,"Teresina"
220985,2209856,"PI","Piauí",22,"São João da Canabrava",220009,"Picos",2203,"Picos"
220987,2209872,"PI","Piauí",22,"São João da Fronteira",220007,"Piripiri",2202,"Parnaíba"
220990,2209906,"PI","Piauí",22,"São João da Serra",220003,"Campo Maior",2201,"Teresina"
220995,2209955,"PI","Piauí",22,"São João da Varjota",220011,"Oeiras",2203,"Picos"
220997,2209971,"PI","Piauí",22,"São João do Arraial",220008,"Esperantina",2202,"Parnaíba"
221000,2210003,"PI","Piauí",22,"São João do Piauí",220014,"São João do Piauí",2204,"São Raimundo Nonato"
221005,2210052,"PI","Piauí",22,"São José do Divino",220007,"Piripiri",2202,"Parnaíba"
221010,2210102,"PI","Piauí",22,"São José do Peixe",220017,"Floriano",2206,"Floriano"
221020,2210201,"PI","Piauí",22,"São José do Piauí",220009,"Picos",2203,"Picos"
221030,2210300,"PI","Piauí",22,"São Julião",220009,"Picos",2203,"Picos"
221035,2210359,"PI","Piauí",22,"São Lourenço do Piauí",220013,"São Raimundo Nonato",2204,"São Raimundo Nonato"
221037,2210375,"PI","Piauí",22,"São Luis do Piauí",220009,"Picos",2203,"Picos"
221038,2210383,"PI","Piauí",22,"São Miguel da Baixa Grande",220002,"Amarante - Água Branca - Regeneração",2201,"Teresina"
221039,2210391,"PI","Piauí",22,"São Miguel do Fidalgo",220011,"Oeiras",2203,"Picos"
221040,2210409,"PI","Piauí",22,"São Miguel do Tapuio",220003,"Campo Maior",2201,"Teresina"
221050,2210508,"PI","Piauí",22,"São Pedro do Piauí",220002,"Amarante - Água Branca - Regeneração",2201,"Teresina"
221060,2210607,"PI","Piauí",22,"São Raimundo Nonato",220013,"São Raimundo Nonato",2204,"São Raimundo Nonato"
221062,2210623,"PI","Piauí",22,"Sebastião Barros",220015,"Corrente",2205,"Corrente - Bom Jesus"
221063,2210631,"PI","Piauí",22,"Sebastião Leal",220018,"Uruçuí",2206,"Floriano"
221065,2210656,"PI","Piauí",22,"Sigefredo Pacheco",220003,"Campo Maior",2201,"Teresina"
221070,2210706,"PI","Piauí",22,"Simões",220010,"Paulistana",2203,"Picos"
221080,2210805,"PI","Piauí",22,"Simplício Mendes",220012,"Simplício Mendes",2203,"Picos"
221090,2210904,"PI","Piauí",22,"Socorro do Piauí",220012,"Simplício Mendes",2203,"Picos"
221093,2210938,"PI","Piauí",22,"Sussuapara",220009,"Picos",2203,"Picos"
221095,2210953,"PI","Piauí",22,"Tamboril do Piauí",220019,"Canto do Buriti",2206,"Floriano"
221097,2210979,"PI","Piauí",22,"Tanque do Piauí",220011,"Oeiras",2203,"Picos"
221100,2211001,"PI","Piauí",22,"Teresina",220001,"Teresina",2201,"Teresina"
221110,2211100,"PI","Piauí",22,"União",220001,"Teresina",2201,"Teresina"
221120,2211209,"PI","Piauí",22,"Uruçuí",220018,"Uruçuí",2206,"Floriano"
221130,2211308,"PI","Piauí",22,"Valença do Piauí",220004,"Valença do Piauí",2201,"Teresina"
221135,2211357,"PI","Piauí",22,"Várzea Branca",220013,"São Raimundo Nonato",2204,"São Raimundo Nonato"
221140,2211407,"PI","Piauí",22,"Várzea Grande",220002,"Amarante - Água Branca - Regeneração",2201,"Teresina"
221150,2211506,"PI","Piauí",22,"Vera Mendes",220009,"Picos",2203,"Picos"
221160,2211605,"PI","Piauí",22,"Vila Nova do Piauí",220009,"Picos",2203,"Picos"
221170,2211704,"PI","Piauí",22,"Wall Ferraz",220009,"Picos",2203,"Picos"
230010,2300101,"CE","Ceará",23,"Abaiara",230012,"Brejo Santo",2304,"Juazeiro do Norte"
230015,2300150,"CE","Ceará",23,"Acarape",230003,"Redenção-Acarape",2301,"Fortaleza"
230020,2300200,"CE","Ceará",23,"Acaraú",230017,"Acaraú",2306,"Sobral"
230030,2300309,"CE","Ceará",23,"Acopiara",230009,"Iguatu",2303,"Iguatu"
230040,2300408,"CE","Ceará",23,"Aiuaba",230011,"Juazeiro do Norte",2304,"Juazeiro do Norte"
230050,2300507,"CE","Ceará",23,"Alcântaras",230015,"Sobral",2306,"Sobral"
230060,2300606,"CE","Ceará",23,"Altaneira",230011,"Juazeiro do Norte",2304,"Juazeiro do Norte"
230070,2300705,"CE","Ceará",23,"Alto Santo",230007,"Russas - Limoeiro do Norte",2302,"Quixadá"
230075,2300754,"CE","Ceará",23,"Amontada",230002,"Itapipoca",2301,"Fortaleza"
230080,2300804,"CE","Ceará",23,"Antonina do Norte",230011,"Juazeiro do Norte",2304,"Juazeiro do Norte"
230090,2300903,"CE","Ceará",23,"Apuiarés",230005,"Itapagé",2301,"Fortaleza"
230100,2301000,"CE","Ceará",23,"Aquiraz",230001,"Fortaleza",2301,"Fortaleza"
230110,2301109,"CE","Ceará",23,"Aracati",230008,"Aracati",2302,"Quixadá"
230120,2301208,"CE","Ceará",23,"Aracoiaba",230003,"Redenção-Acarape",2301,"Fortaleza"
230125,2301257,"CE","Ceará",23,"Ararendá",230013,"Crateús",2305,"Crateús"
230130,2301307,"CE","Ceará",23,"Araripe",230011,"Juazeiro do Norte",2304,"Juazeiro do Norte"
230140,2301406,"CE","Ceará",23,"Aratuba",230003,"Redenção-Acarape",2301,"Fortaleza"
230150,2301505,"CE","Ceará",23,"Arneiroz",230014,"Tauá",2305,"Crateús"
230160,2301604,"CE","Ceará",23,"Assaré",230011,"Juazeiro do Norte",2304,"Juazeiro do Norte"
230170,2301703,"CE","Ceará",23,"Aurora",230011,"Juazeiro do Norte",2304,"Juazeiro do Norte"
230180,2301802,"CE","Ceará",23,"Baixio",230010,"Icó",2303,"Iguatu"
230185,2301851,"CE","Ceará",23,"Banabuiú",230006,"Quixadá",2302,"Quixadá"
230190,2301901,"CE","Ceará",23,"Barbalha",230011,"Juazeiro do Norte",2304,"Juazeiro do Norte"
230195,2301950,"CE","Ceará",23,"Barreira",230003,"Redenção-Acarape",2301,"Fortaleza"
230200,2302008,"CE","Ceará",23,"Barro",230012,"Brejo Santo",2304,"Juazeiro do Norte"
230205,2302057,"CE","Ceará",23,"Barroquinha",230018,"Camocim",2306,"Sobral"
230210,2302107,"CE","Ceará",23,"Baturité",230003,"Redenção-Acarape",2301,"Fortaleza"
230220,2302206,"CE","Ceará",23,"Beberibe",230001,"Fortaleza",2301,"Fortaleza"
230230,2302305,"CE","Ceará",23,"Bela Cruz",230017,"Acaraú",2306,"Sobral"
230240,2302404,"CE","Ceará",23,"Boa Viagem",230004,"Canindé",2301,"Fortaleza"
230250,2302503,"CE","Ceará",23,"Brejo Santo",230012,"Brejo Santo",2304,"Juazeiro do Norte"
230260,2302602,"CE","Ceará",23,"Camocim",230018,"Camocim",2306,"Sobral"
230270,2302701,"CE","Ceará",23,"Campos Sales",230011,"Juazeiro do Norte",2304,"Juazeiro do Norte"
230280,2302800,"CE","Ceará",23,"Canindé",230004,"Canindé",2301,"Fortaleza"
230290,2302909,"CE","Ceará",23,"Capistrano",230003,"Redenção-Acarape",2301,"Fortaleza"
230300,2303006,"CE","Ceará",23,"Caridade",230004,"Canindé",2301,"Fortaleza"
230310,2303105,"CE","Ceará",23,"Cariré",230015,"Sobral",2306,"Sobral"
230320,2303204,"CE","Ceará",23,"Caririaçu",230011,"Juazeiro do Norte",2304,"Juazeiro do Norte"
230330,2303303,"CE","Ceará",23,"Cariús",230009,"Iguatu",2303,"Iguatu"
230340,2303402,"CE","Ceará",23,"Carnaubal",230016,"São Benedito - Ipu - Guaraciaba do Norte - Tianguá",2306,"Sobral"
230350,2303501,"CE","Ceará",23,"Cascavel",230001,"Fortaleza",2301,"Fortaleza"
230360,2303600,"CE","Ceará",23,"Catarina",230009,"Iguatu",2303,"Iguatu"
230365,2303659,"CE","Ceará",23,"Catunda",230015,"Sobral",2306,"Sobral"
230370,2303709,"CE","Ceará",23,"Caucaia",230001,"Fortaleza",2301,"Fortaleza"
230380,2303808,"CE","Ceará",23,"Cedro",230009,"Iguatu",2303,"Iguatu"
230390,2303907,"CE","Ceará",23,"Chaval",230018,"Camocim",2306,"Sobral"
230393,2303931,"CE","Ceará",23,"Choró",230006,"Quixadá",2302,"Quixadá"
230395,2303956,"CE","Ceará",23,"Chorozinho",230001,"Fortaleza",2301,"Fortaleza"
230400,2304004,"CE","Ceará",23,"Coreaú",230015,"Sobral",2306,"Sobral"
230410,2304103,"CE","Ceará",23,"Crateús",230013,"Crateús",2305,"Crateús"
230420,2304202,"CE","Ceará",23,"Crato",230011,"Juazeiro do Norte",2304,"Juazeiro do Norte"
230423,2304236,"CE","Ceará",23,"Croatá",230016,"São Benedito - Ipu - Guaraciaba do Norte - Tianguá",2306,"Sobral"
230425,2304251,"CE","Ceará",23,"Cruz",230017,"Acaraú",2306,"Sobral"
230426,2304269,"CE","Ceará",23,"Deputado Irapuan Pinheiro",230006,"Quixadá",2302,"Quixadá"
230427,2304277,"CE","Ceará",23,"Ereré",230007,"Russas - Limoeiro do Norte",2302,"Quixadá"
230428,2304285,"CE","Ceará",23,"Eusébio",230001,"Fortaleza",2301,"Fortaleza"
230430,2304301,"CE","Ceará",23,"Farias Brito",230011,"Juazeiro do Norte",2304,"Juazeiro do Norte"
230435,2304350,"CE","Ceará",23,"Forquilha",230015,"Sobral",2306,"Sobral"
230440,2304400,"CE","Ceará",23,"Fortaleza",230001,"Fortaleza",2301,"Fortaleza"
230445,2304459,"CE","Ceará",23,"Fortim",230008,"Aracati",2302,"Quixadá"
230450,2304509,"CE","Ceará",23,"Frecheirinha",230015,"Sobral",2306,"Sobral"
230460,2304608,"CE","Ceará",23,"General Sampaio",230005,"Itapagé",2301,"Fortaleza"
230465,2304657,"CE","Ceará",23,"Graça",230015,"Sobral",2306,"Sobral"
230470,2304707,"CE","Ceará",23,"Granja",230018,"Camocim",2306,"Sobral"
230480,2304806,"CE","Ceará",23,"Granjeiro",230011,"Juazeiro do Norte",2304,"Juazeiro do Norte"
230490,2304905,"CE","Ceará",23,"Groaíras",230015,"Sobral",2306,"Sobral"
230495,2304954,"CE","Ceará",23,"Guaiúba",230001,"Fortaleza",2301,"Fortaleza"
230500,2305001,"CE","Ceará",23,"Guaraciaba do Norte",230016,"São Benedito - Ipu - Guaraciaba do Norte - Tianguá",2306,"Sobral"
230510,2305100,"CE","Ceará",23,"Guaramiranga",230003,"Redenção-Acarape",2301,"Fortaleza"
230520,2305209,"CE","Ceará",23,"Hidrolândia",230015,"Sobral",2306,"Sobral"
230523,2305233,"CE","Ceará",23,"Horizonte",230001,"Fortaleza",2301,"Fortaleza"
230526,2305266,"CE","Ceará",23,"Ibaretama",230006,"Quixadá",2302,"Quixadá"
230530,2305308,"CE","Ceará",23,"Ibiapina",230016,"São Benedito - Ipu - Guaraciaba do Norte - Tianguá",2306,"Sobral"
230533,2305332,"CE","Ceará",23,"Ibicuitinga",230006,"Quixadá",2302,"Quixadá"
230535,2305357,"CE","Ceará",23,"Icapuí",230008,"Aracati",2302,"Quixadá"
230540,2305407,"CE","Ceará",23,"Icó",230010,"Icó",2303,"Iguatu"
230550,2305506,"CE","Ceará",23,"Iguatu",230009,"Iguatu",2303,"Iguatu"
230560,2305605,"CE","Ceará",23,"Independência",230013,"Crateús",2305,"Crateús"
230565,2305654,"CE","Ceará",23,"Ipaporanga",230013,"Crateús",2305,"Crateús"
230570,2305704,"CE","Ceará",23,"Ipaumirim",230010,"Icó",2303,"Iguatu"
230580,2305803,"CE","Ceará",23,"Ipu",230016,"São Benedito - Ipu - Guaraciaba do Norte - Tianguá",2306,"Sobral"
230590,2305902,"CE","Ceará",23,"Ipueiras",230016,"São Benedito - Ipu - Guaraciaba do Norte - Tianguá",2306,"Sobral"
230600,2306009,"CE","Ceará",23,"Iracema",230007,"Russas - Limoeiro do Norte",2302,"Quixadá"
230610,2306108,"CE","Ceará",23,"Irauçuba",230005,"Itapagé",2301,"Fortaleza"
230620,2306207,"CE","Ceará",23,"Itaiçaba",230008,"Aracati",2302,"Quixadá"
230625,2306256,"CE","Ceará",23,"Itaitinga",230001,"Fortaleza",2301,"Fortaleza"
230630,2306306,"CE","Ceará",23,"Itapajé",230005,"Itapagé",2301,"Fortaleza"
230640,2306405,"CE","Ceará",23,"Itapipoca",230002,"Itapipoca",2301,"Fortaleza"
230650,2306504,"CE","Ceará",23,"Itapiúna",230003,"Redenção-Acarape",2301,"Fortaleza"
230655,2306553,"CE","Ceará",23,"Itarema",230017,"Acaraú",2306,"Sobral"
230660,2306603,"CE","Ceará",23,"Itatira",230004,"Canindé",2301,"Fortaleza"
230670,2306702,"CE","Ceará",23,"Jaguaretama",230007,"Russas - Limoeiro do Norte",2302,"Quixadá"
230680,2306801,"CE","Ceará",23,"Jaguaribara",230007,"Russas - Limoeiro do Norte",2302,"Quixadá"
230690,2306900,"CE","Ceará",23,"Jaguaribe",230007,"Russas - Limoeiro do Norte",2302,"Quixadá"
230700,2307007,"CE","Ceará",23,"Jaguaruana",230008,"Aracati",2302,"Quixadá"
230710,2307106,"CE","Ceará",23,"Jardim",230011,"Juazeiro do Norte",2304,"Juazeiro do Norte"
230720,2307205,"CE","Ceará",23,"Jati",230012,"Brejo Santo",2304,"Juazeiro do Norte"
230725,2307254,"CE","Ceará",23,"Jijoca de Jericoacoara",230017,"Acaraú",2306,"Sobral"
230730,2307304,"CE","Ceará",23,"Juazeiro do Norte",230011,"Juazeiro do Norte",2304,"Juazeiro do Norte"
230740,2307403,"CE","Ceará",23,"Jucás",230009,"Iguatu",2303,"Iguatu"
230750,2307502,"CE","Ceará",23,"Lavras da Mangabeira",230011,"Juazeiro do Norte",2304,"Juazeiro do Norte"
230760,2307601,"CE","Ceará",23,"Limoeiro do Norte",230007,"Russas - Limoeiro do Norte",2302,"Quixadá"
230763,2307635,"CE","Ceará",23,"Madalena",230004,"Canindé",2301,"Fortaleza"
230765,2307650,"CE","Ceará",23,"Maracanaú",230001,"Fortaleza",2301,"Fortaleza"
230770,2307700,"CE","Ceará",23,"Maranguape",230001,"Fortaleza",2301,"Fortaleza"
230780,2307809,"CE","Ceará",23,"Marco",230017,"Acaraú",2306,"Sobral"
230790,2307908,"CE","Ceará",23,"Martinópole",230015,"Sobral",2306,"Sobral"
230800,2308005,"CE","Ceará",23,"Massapê",230015,"Sobral",2306,"Sobral"
230810,2308104,"CE","Ceará",23,"Mauriti",230012,"Brejo Santo",2304,"Juazeiro do Norte"
230820,2308203,"CE","Ceará",23,"Meruoca",230015,"Sobral",2306,"Sobral"
230830,2308302,"CE","Ceará",23,"Milagres",230012,"Brejo Santo",2304,"Juazeiro do Norte"
230835,2308351,"CE","Ceará",23,"Milhã",230006,"Quixadá",2302,"Quixadá"
230837,2308377,"CE","Ceará",23,"Miraíma",230002,"Itapipoca",2301,"Fortaleza"
230840,2308401,"CE","Ceará",23,"Missão Velha",230011,"Juazeiro do Norte",2304,"Juazeiro do Norte"
230850,2308500,"CE","Ceará",23,"Mombaça",230009,"Iguatu",2303,"Iguatu"
230860,2308609,"CE","Ceará",23,"Monsenhor Tabosa",230013,"Crateús",2305,"Crateús"
230870,2308708,"CE","Ceará",23,"Morada Nova",230007,"Russas - Limoeiro do Norte",2302,"Quixadá"
230880,2308807,"CE","Ceará",23,"Moraújo",230015,"Sobral",2306,"Sobral"
230890,2308906,"CE","Ceará",23,"Morrinhos",230015,"Sobral",2306,"Sobral"
230900,2309003,"CE","Ceará",23,"Mucambo",230015,"Sobral",2306,"Sobral"
230910,2309102,"CE","Ceará",23,"Mulungu",230003,"Redenção-Acarape",2301,"Fortaleza"
230920,2309201,"CE","Ceará",23,"Nova Olinda",230011,"Juazeiro do Norte",2304,"Juazeiro do Norte"
230930,2309300,"CE","Ceará",23,"Nova Russas",230013,"Crateús",2305,"Crateús"
230940,2309409,"CE","Ceará",23,"Novo Oriente",230013,"Crateús",2305,"Crateús"
230945,2309458,"CE","Ceará",23,"Ocara",230003,"Redenção-Acarape",2301,"Fortaleza"
230950,2309508,"CE","Ceará",23,"Orós",230010,"Icó",2303,"Iguatu"
230960,2309607,"CE","Ceará",23,"Pacajus",230001,"Fortaleza",2301,"Fortaleza"
230970,2309706,"CE","Ceará",23,"Pacatuba",230001,"Fortaleza",2301,"Fortaleza"
230980,2309805,"CE","Ceará",23,"Pacoti",230003,"Redenção-Acarape",2301,"Fortaleza"
230990,2309904,"CE","Ceará",23,"Pacujá",230015,"Sobral",2306,"Sobral"
231000,2310001,"CE","Ceará",23,"Palhano",230007,"Russas - Limoeiro do Norte",2302,"Quixadá"
231010,2310100,"CE","Ceará",23,"Palmácia",230001,"Fortaleza",2301,"Fortaleza"
231020,2310209,"CE","Ceará",23,"Paracuru",230001,"Fortaleza",2301,"Fortaleza"
231025,2310258,"CE","Ceará",23,"Paraipaba",230001,"Fortaleza",2301,"Fortaleza"
231030,2310308,"CE","Ceará",23,"Parambu",230014,"Tauá",2305,"Crateús"
231040,2310407,"CE","Ceará",23,"Paramoti",230004,"Canindé",2301,"Fortaleza"
231050,2310506,"CE","Ceará",23,"Pedra Branca",230006,"Quixadá",2302,"Quixadá"
231060,2310605,"CE","Ceará",23,"Penaforte",230012,"Brejo Santo",2304,"Juazeiro do Norte"
231070,2310704,"CE","Ceará",23,"Pentecoste",230005,"Itapagé",2301,"Fortaleza"
231080,2310803,"CE","Ceará",23,"Pereiro",230007,"Russas - Limoeiro do Norte",2302,"Quixadá"
231085,2310852,"CE","Ceará",23,"Pindoretama",230001,"Fortaleza",2301,"Fortaleza"
231090,2310902,"CE","Ceará",23,"Piquet Carneiro",230009,"Iguatu",2303,"Iguatu"
231095,2310951,"CE","Ceará",23,"Pires Ferreira",230016,"São Benedito - Ipu - Guaraciaba do Norte - Tianguá",2306,"Sobral"
231100,2311009,"CE","Ceará",23,"Poranga",230013,"Crateús",2305,"Crateús"
231110,2311108,"CE","Ceará",23,"Porteiras",230012,"Brejo Santo",2304,"Juazeiro do Norte"
231120,2311207,"CE","Ceará",23,"Potengi",230011,"Juazeiro do Norte",2304,"Juazeiro do Norte"
231123,2311231,"CE","Ceará",23,"Potiretama",230007,"Russas - Limoeiro do Norte",2302,"Quixadá"
231126,2311264,"CE","Ceará",23,"Quiterianópolis",230013,"Crateús",2305,"Crateús"
231130,2311306,"CE","Ceará",23,"Quixadá",230006,"Quixadá",2302,"Quixadá"
231135,2311355,"CE","Ceará",23,"Quixelô",230009,"Iguatu",2303,"Iguatu"
231140,2311405,"CE","Ceará",23,"Quixeramobim",230006,"Quixadá",2302,"Quixadá"
231150,2311504,"CE","Ceará",23,"Quixeré",230007,"Russas - Limoeiro do Norte",2302,"Quixadá"
231160,2311603,"CE","Ceará",23,"Redenção",230003,"Redenção-Acarape",2301,"Fortaleza"
231170,2311702,"CE","Ceará",23,"Reriutaba",230015,"Sobral",2306,"Sobral"
231180,2311801,"CE","Ceará",23,"Russas",230007,"Russas - Limoeiro do Norte",2302,"Quixadá"
231190,2311900,"CE","Ceará",23,"Saboeiro",230009,"Iguatu",2303,"Iguatu"
231195,2311959,"CE","Ceará",23,"Salitre",230011,"Juazeiro do Norte",2304,"Juazeiro do Norte"
231200,2312007,"CE","Ceará",23,"Santana do Acaraú",230015,"Sobral",2306,"Sobral"
231210,2312106,"CE","Ceará",23,"Santana do Cariri",230011,"Juazeiro do Norte",2304,"Juazeiro do Norte"
231220,2312205,"CE","Ceará",23,"Santa Quitéria",230015,"Sobral",2306,"Sobral"
231230,2312304,"CE","Ceará",23,"São Benedito",230016,"São Benedito - Ipu - Guaraciaba do Norte - Tianguá",2306,"Sobral"
231240,2312403,"CE","Ceará",23,"São Gonçalo do Amarante",230001,"Fortaleza",2301,"Fortaleza"
231250,2312502,"CE","Ceará",23,"São João do Jaguaribe",230007,"Russas - Limoeiro do Norte",2302,"Quixadá"
231260,2312601,"CE","Ceará",23,"São Luís do Curu",230001,"Fortaleza",2301,"Fortaleza"
231270,2312700,"CE","Ceará",23,"Senador Pompeu",230006,"Quixadá",2302,"Quixadá"
231280,2312809,"CE","Ceará",23,"Senador Sá",230015,"Sobral",2306,"Sobral"
231290,2312908,"CE","Ceará",23,"Sobral",230015,"Sobral",2306,"Sobral"
231300,2313005,"CE","Ceará",23,"Solonópole",230006,"Quixadá",2302,"Quixadá"
231310,2313104,"CE","Ceará",23,"Tabuleiro do Norte",230007,"Russas - Limoeiro do Norte",2302,"Quixadá"
231320,2313203,"CE","Ceará",23,"Tamboril",230013,"Crateús",2305,"Crateús"
231325,2313252,"CE","Ceará",23,"Tarrafas",230011,"Juazeiro do Norte",2304,"Juazeiro do Norte"
231330,2313302,"CE","Ceará",23,"Tauá",230014,"Tauá",2305,"Crateús"
231335,2313351,"CE","Ceará",23,"Tejuçuoca",230005,"Itapagé",2301,"Fortaleza"
231340,2313401,"CE","Ceará",23,"Tianguá",230016,"São Benedito - Ipu - Guaraciaba do Norte - Tianguá",2306,"Sobral"
231350,2313500,"CE","Ceará",23,"Trairi",230002,"Itapipoca",2301,"Fortaleza"
231355,2313559,"CE","Ceará",23,"Tururu",230002,"Itapipoca",2301,"Fortaleza"
231360,2313609,"CE","Ceará",23,"Ubajara",230016,"São Benedito - Ipu - Guaraciaba do Norte - Tianguá",2306,"Sobral"
231370,2313708,"CE","Ceará",23,"Umari",230010,"Icó",2303,"Iguatu"
231375,2313757,"CE","Ceará",23,"Umirim",230002,"Itapipoca",2301,"Fortaleza"
231380,2313807,"CE","Ceará",23,"Uruburetama",230002,"Itapipoca",2301,"Fortaleza"
231390,2313906,"CE","Ceará",23,"Uruoca",230015,"Sobral",2306,"Sobral"
231395,2313955,"CE","Ceará",23,"Varjota",230015,"Sobral",2306,"Sobral"
231400,2314003,"CE","Ceará",23,"Várzea Alegre",230011,"Juazeiro do Norte",2304,"Juazeiro do Norte"
231410,2314102,"CE","Ceará",23,"Viçosa do Ceará",230016,"São Benedito - Ipu - Guaraciaba do Norte - Tianguá",2306,"Sobral"
240010,2400109,"RN","Rio Grande do Norte",24,"Acari",240008,"Currais Novos",2402,"Caicó"
240020,2400208,"RN","Rio Grande do Norte",24,"Açu",240011,"Açu",2403,"Mossoró"
240030,2400307,"RN","Rio Grande do Norte",24,"Afonso Bezerra",240011,"Açu",2403,"Mossoró"
240040,2400406,"RN","Rio Grande do Norte",24,"Água Nova",240010,"Pau dos Ferros",2403,"Mossoró"
240050,2400505,"RN","Rio Grande do Norte",24,"Alexandria",240010,"Pau dos Ferros",2403,"Mossoró"
240060,2400604,"RN","Rio Grande do Norte",24,"Almino Afonso",240010,"Pau dos Ferros",2403,"Mossoró"
240070,2400703,"RN","Rio Grande do Norte",24,"Alto do Rodrigues",240011,"Açu",2403,"Mossoró"
240080,2400802,"RN","Rio Grande do Norte",24,"Angicos",240011,"Açu",2403,"Mossoró"
240090,2400901,"RN","Rio Grande do Norte",24,"Antônio Martins",240010,"Pau dos Ferros",2403,"Mossoró"
240100,2401008,"RN","Rio Grande do Norte",24,"Apodi",240009,"Mossoró",2403,"Mossoró"
240110,2401107,"RN","Rio Grande do Norte",24,"Areia Branca",240009,"Mossoró",2403,"Mossoró"
240120,2401206,"RN","Rio Grande do Norte",24,"Arês",240003,"Canguaretama",2401,"Natal"
240130,2401305,"RN","Rio Grande do Norte",24,"Campo Grande",240009,"Mossoró",2403,"Mossoró"
240140,2401404,"RN","Rio Grande do Norte",24,"Baía Formosa",240003,"Canguaretama",2401,"Natal"
240145,2401453,"RN","Rio Grande do Norte",24,"Baraúna",240009,"Mossoró",2403,"Mossoró"
240150,2401503,"RN","Rio Grande do Norte",24,"Barcelona",240006,"São Paulo do Potengi",2401,"Natal"
240160,2401602,"RN","Rio Grande do Norte",24,"Bento Fernandes",240001,"Natal",2401,"Natal"
240165,2401651,"RN","Rio Grande do Norte",24,"Bodó",240008,"Currais Novos",2402,"Caicó"
240170,2401701,"RN","Rio Grande do Norte",24,"Bom Jesus",240001,"Natal",2401,"Natal"
240180,2401800,"RN","Rio Grande do Norte",24,"Brejinho",240001,"Natal",2401,"Natal"
240185,2401859,"RN","Rio Grande do Norte",24,"Caiçara do Norte",240005,"João Câmara",2401,"Natal"
240190,2401909,"RN","Rio Grande do Norte",24,"Caiçara do Rio do Vento",240006,"São Paulo do Potengi",2401,"Natal"
240200,2402006,"RN","Rio Grande do Norte",24,"Caicó",240007,"Caicó",2402,"Caicó"
240210,2402105,"RN","Rio Grande do Norte",24,"Campo Redondo",240004,"Santa Cruz",2401,"Natal"
240220,2402204,"RN","Rio Grande do Norte",24,"Canguaretama",240003,"Canguaretama",2401,"Natal"
240230,2402303,"RN","Rio Grande do Norte",24,"Caraúbas",240009,"Mossoró",2403,"Mossoró"
240240,2402402,"RN","Rio Grande do Norte",24,"Carnaúba dos Dantas",240008,"Currais Novos",2402,"Caicó"
240250,2402501,"RN","Rio Grande do Norte",24,"Carnaubais",240011,"Açu",2403,"Mossoró"
240260,2402600,"RN","Rio Grande do Norte",24,"Ceará-Mirim",240001,"Natal",2401,"Natal"
240270,2402709,"RN","Rio Grande do Norte",24,"Cerro Corá",240008,"Currais Novos",2402,"Caicó"
240280,2402808,"RN","Rio Grande do Norte",24,"Coronel Ezequiel",240004,"Santa Cruz",2401,"Natal"
240290,2402907,"RN","Rio Grande do Norte",24,"Coronel João Pessoa",240010,"Pau dos Ferros",2403,"Mossoró"
240300,2403004,"RN","Rio Grande do Norte",24,"Cruzeta",240007,"Caicó",2402,"Caicó"
240310,2403103,"RN","Rio Grande do Norte",24,"Currais Novos",240008,"Currais Novos",2402,"Caicó"
240320,2403202,"RN","Rio Grande do Norte",24,"Doutor Severiano",240010,"Pau dos Ferros",2403,"Mossoró"
240325,2403251,"RN","Rio Grande do Norte",24,"Parnamirim",240001,"Natal",2401,"Natal"
240330,2403301,"RN","Rio Grande do Norte",24,"Encanto",240010,"Pau dos Ferros",2403,"Mossoró"
240340,2403400,"RN","Rio Grande do Norte",24,"Equador",240007,"Caicó",2402,"Caicó"
240350,2403509,"RN","Rio Grande do Norte",24,"Espírito Santo",240003,"Canguaretama",2401,"Natal"
240360,2403608,"RN","Rio Grande do Norte",24,"Extremoz",240001,"Natal",2401,"Natal"
240370,2403707,"RN","Rio Grande do Norte",24,"Felipe Guerra",240009,"Mossoró",2403,"Mossoró"
240375,2403756,"RN","Rio Grande do Norte",24,"Fernando Pedroza",240011,"Açu",2403,"Mossoró"
240380,2403806,"RN","Rio Grande do Norte",24,"Florânia",240008,"Currais Novos",2402,"Caicó"
240390,2403905,"RN","Rio Grande do Norte",24,"Francisco Dantas",240010,"Pau dos Ferros",2403,"Mossoró"
240400,2404002,"RN","Rio Grande do Norte",24,"Frutuoso Gomes",240010,"Pau dos Ferros",2403,"Mossoró"
240410,2404101,"RN","Rio Grande do Norte",24,"Galinhos",240005,"João Câmara",2401,"Natal"
240420,2404200,"RN","Rio Grande do Norte",24,"Goianinha",240003,"Canguaretama",2401,"Natal"
240430,2404309,"RN","Rio Grande do Norte",24,"Governador Dix-Sept Rosado",240009,"Mossoró",2403,"Mossoró"
240440,2404408,"RN","Rio Grande do Norte",24,"Grossos",240009,"Mossoró",2403,"Mossoró"
240450,2404507,"RN","Rio Grande do Norte",24,"Guamaré",240011,"Açu",2403,"Mossoró"
240460,2404606,"RN","Rio Grande do Norte",24,"Ielmo Marinho",240001,"Natal",2401,"Natal"
240470,2404705,"RN","Rio Grande do Norte",24,"Ipanguaçu",240011,"Açu",2403,"Mossoró"
240480,2404804,"RN","Rio Grande do Norte",24,"Ipueira",240007,"Caicó",2402,"Caicó"
240485,2404853,"RN","Rio Grande do Norte",24,"Itajá",240011,"Açu",2403,"Mossoró"
240490,2404903,"RN","Rio Grande do Norte",24,"Itaú",240009,"Mossoró",2403,"Mossoró"
240500,2405009,"RN","Rio Grande do Norte",24,"Jaçanã",240004,"Santa Cruz",2401,"Natal"
240510,2405108,"RN","Rio Grande do Norte",24,"Jandaíra",240005,"João Câmara",2401,"Natal"
240520,2405207,"RN","Rio Grande do Norte",24,"Janduís",240009,"Mossoró",2403,"Mossoró"
240530,2405306,"RN","Rio Grande do Norte",24,"Januário Cicco",240002,"Santo Antônio - Passa e Fica - Nova Cruz",2401,"Natal"
240540,2405405,"RN","Rio Grande do Norte",24,"Japi",240004,"Santa Cruz",2401,"Natal"
240550,2405504,"RN","Rio Grande do Norte",24,"Jardim de Angicos",240005,"João Câmara",2401,"Natal"
240560,2405603,"RN","Rio Grande do Norte",24,"Jardim de Piranhas",240007,"Caicó",2402,"Caicó"
240570,2405702,"RN","Rio Grande do Norte",24,"Jardim do Seridó",240007,"Caicó",2402,"Caicó"
240580,2405801,"RN","Rio Grande do Norte",24,"João Câmara",240005,"João Câmara",2401,"Natal"
240590,2405900,"RN","Rio Grande do Norte",24,"João Dias",240010,"Pau dos Ferros",2403,"Mossoró"
240600,2406007,"RN","Rio Grande do Norte",24,"José da Penha",240010,"Pau dos Ferros",2403,"Mossoró"
240610,2406106,"RN","Rio Grande do Norte",24,"Jucurutu",240007,"Caicó",2402,"Caicó"
240615,2406155,"RN","Rio Grande do Norte",24,"Jundiá",240001,"Natal",2401,"Natal"
240620,2406205,"RN","Rio Grande do Norte",24,"Lagoa d'Anta",240002,"Santo Antônio - Passa e Fica - Nova Cruz",2401,"Natal"
240630,2406304,"RN","Rio Grande do Norte",24,"Lagoa de Pedras",240002,"Santo Antônio - Passa e Fica - Nova Cruz",2401,"Natal"
240640,2406403,"RN","Rio Grande do Norte",24,"Lagoa de Velhos",240006,"São Paulo do Potengi",2401,"Natal"
240650,2406502,"RN","Rio Grande do Norte",24,"Lagoa Nova",240008,"Currais Novos",2402,"Caicó"
240660,2406601,"RN","Rio Grande do Norte",24,"Lagoa Salgada",240001,"Natal",2401,"Natal"
240670,2406700,"RN","Rio Grande do Norte",24,"Lajes",240011,"Açu",2403,"Mossoró"
240680,2406809,"RN","Rio Grande do Norte",24,"Lajes Pintadas",240004,"Santa Cruz",2401,"Natal"
240690,2406908,"RN","Rio Grande do Norte",24,"Lucrécia",240010,"Pau dos Ferros",2403,"Mossoró"
240700,2407005,"RN","Rio Grande do Norte",24,"Luís Gomes",240010,"Pau dos Ferros",2403,"Mossoró"
240710,2407104,"RN","Rio Grande do Norte",24,"Macaíba",240001,"Natal",2401,"Natal"
240720,2407203,"RN","Rio Grande do Norte",24,"Macau",240011,"Açu",2403,"Mossoró"
240725,2407252,"RN","Rio Grande do Norte",24,"Major Sales",240010,"Pau dos Ferros",2403,"Mossoró"
240730,2407302,"RN","Rio Grande do Norte",24,"Marcelino Vieira",240010,"Pau dos Ferros",2403,"Mossoró"
240740,2407401,"RN","Rio Grande do Norte",24,"Martins",240010,"Pau dos Ferros",2403,"Mossoró"
240750,2407500,"RN","Rio Grande do Norte",24,"Maxaranguape",240001,"Natal",2401,"Natal"
240760,2407609,"RN","Rio Grande do Norte",24,"Messias Targino",240009,"Mossoró",2403,"Mossoró"
240770,2407708,"RN","Rio Grande do Norte",24,"Montanhas",240003,"Canguaretama",2401,"Natal"
240780,2407807,"RN","Rio Grande do Norte",24,"Monte Alegre",240001,"Natal",2401,"Natal"
240790,2407906,"RN","Rio Grande do Norte",24,"Monte das Gameleiras",240002,"Santo Antônio - Passa e Fica - Nova Cruz",2401,"Natal"
240800,2408003,"RN","Rio Grande do Norte",24,"Mossoró",240009,"Mossoró",2403,"Mossoró"
240810,2408102,"RN","Rio Grande do Norte",24,"Natal",240001,"Natal",2401,"Natal"
240820,2408201,"RN","Rio Grande do Norte",24,"Nísia Floresta",240001,"Natal",2401,"Natal"
240830,2408300,"RN","Rio Grande do Norte",24,"Nova Cruz",240002,"Santo Antônio - Passa e Fica - Nova Cruz",2401,"Natal"
240840,2408409,"RN","Rio Grande do Norte",24,"Olho d'Água do Borges",240010,"Pau dos Ferros",2403,"Mossoró"
240850,2408508,"RN","Rio Grande do Norte",24,"Ouro Branco",240007,"Caicó",2402,"Caicó"
240860,2408607,"RN","Rio Grande do Norte",24,"Paraná",240010,"Pau dos Ferros",2403,"Mossoró"
240870,2408706,"RN","Rio Grande do Norte",24,"Paraú",240011,"Açu",2403,"Mossoró"
240880,2408805,"RN","Rio Grande do Norte",24,"Parazinho",240005,"João Câmara",2401,"Natal"
240890,2408904,"RN","Rio Grande do Norte",24,"Parelhas",240007,"Caicó",2402,"Caicó"
240895,2408953,"RN","Rio Grande do Norte",24,"Rio do Fogo",240001,"Natal",2401,"Natal"
240910,2409100,"RN","Rio Grande do Norte",24,"Passa e Fica",240002,"Santo Antônio - Passa e Fica - Nova Cruz",2401,"Natal"
240920,2409209,"RN","Rio Grande do Norte",24,"Passagem",240002,"Santo Antônio - Passa e Fica - Nova Cruz",2401,"Natal"
240930,2409308,"RN","Rio Grande do Norte",24,"Patu",240010,"Pau dos Ferros",2403,"Mossoró"
240933,2409332,"RN","Rio Grande do Norte",24,"Santa Maria",240006,"São Paulo do Potengi",2401,"Natal"
240940,2409407,"RN","Rio Grande do Norte",24,"Pau dos Ferros",240010,"Pau dos Ferros",2403,"Mossoró"
240950,2409506,"RN","Rio Grande do Norte",24,"Pedra Grande",240005,"João Câmara",2401,"Natal"
240960,2409605,"RN","Rio Grande do Norte",24,"Pedra Preta",240005,"João Câmara",2401,"Natal"
240970,2409704,"RN","Rio Grande do Norte",24,"Pedro Avelino",240005,"João Câmara",2401,"Natal"
240980,2409803,"RN","Rio Grande do Norte",24,"Pedro Velho",240003,"Canguaretama",2401,"Natal"
240990,2409902,"RN","Rio Grande do Norte",24,"Pendências",240011,"Açu",2403,"Mossoró"
241000,2410009,"RN","Rio Grande do Norte",24,"Pilões",240010,"Pau dos Ferros",2403,"Mossoró"
241010,2410108,"RN","Rio Grande do Norte",24,"Poço Branco",240001,"Natal",2401,"Natal"
241020,2410207,"RN","Rio Grande do Norte",24,"Portalegre",240010,"Pau dos Ferros",2403,"Mossoró"
241025,2410256,"RN","Rio Grande do Norte",24,"Porto do Mangue",240011,"Açu",2403,"Mossoró"
241030,2410306,"RN","Rio Grande do Norte",24,"Serra Caiada",240002,"Santo Antônio - Passa e Fica - Nova Cruz",2401,"Natal"
241040,2410405,"RN","Rio Grande do Norte",24,"Pureza",240001,"Natal",2401,"Natal"
241050,2410504,"RN","Rio Grande do Norte",24,"Rafael Fernandes",240010,"Pau dos Ferros",2403,"Mossoró"
241060,2410603,"RN","Rio Grande do Norte",24,"Rafael Godeiro",240010,"Pau dos Ferros",2403,"Mossoró"
241070,2410702,"RN","Rio Grande do Norte",24,"Riacho da Cruz",240010,"Pau dos Ferros",2403,"Mossoró"
241080,2410801,"RN","Rio Grande do Norte",24,"Riacho de Santana",240010,"Pau dos Ferros",2403,"Mossoró"
241090,2410900,"RN","Rio Grande do Norte",24,"Riachuelo",240006,"São Paulo do Potengi",2401,"Natal"
241100,2411007,"RN","Rio Grande do Norte",24,"Rodolfo Fernandes",240009,"Mossoró",2403,"Mossoró"
241105,2411056,"RN","Rio Grande do Norte",24,"Tibau",240009,"Mossoró",2403,"Mossoró"
241110,2411106,"RN","Rio Grande do Norte",24,"Ruy Barbosa",240006,"São Paulo do Potengi",2401,"Natal"
241120,2411205,"RN","Rio Grande do Norte",24,"Santa Cruz",240004,"Santa Cruz",2401,"Natal"
241140,2411403,"RN","Rio Grande do Norte",24,"Santana do Matos",240011,"Açu",2403,"Mossoró"
241142,2411429,"RN","Rio Grande do Norte",24,"Santana do Seridó",240007,"Caicó",2402,"Caicó"
241150,2411502,"RN","Rio Grande do Norte",24,"Santo Antônio",240002,"Santo Antônio - Passa e Fica - Nova Cruz",2401,"Natal"
241160,2411601,"RN","Rio Grande do Norte",24,"São Bento do Norte",240005,"João Câmara",2401,"Natal"
241170,2411700,"RN","Rio Grande do Norte",24,"São Bento do Trairí",240004,"Santa Cruz",2401,"Natal"
241180,2411809,"RN","Rio Grande do Norte",24,"São Fernando",240007,"Caicó",2402,"Caicó"
241190,2411908,"RN","Rio Grande do Norte",24,"São Francisco do Oeste",240010,"Pau dos Ferros",2403,"Mossoró"
241200,2412005,"RN","Rio Grande do Norte",24,"São Gonçalo do Amarante",240001,"Natal",2401,"Natal"
241210,2412104,"RN","Rio Grande do Norte",24,"São João do Sabugi",240007,"Caicó",2402,"Caicó"
241220,2412203,"RN","Rio Grande do Norte",24,"São José de Mipibu",240001,"Natal",2401,"Natal"
241230,2412302,"RN","Rio Grande do Norte",24,"São José do Campestre",240002,"Santo Antônio - Passa e Fica - Nova Cruz",2401,"Natal"
241240,2412401,"RN","Rio Grande do Norte",24,"São José do Seridó",240007,"Caicó",2402,"Caicó"
241250,2412500,"RN","Rio Grande do Norte",24,"São Miguel",240010,"Pau dos Ferros",2403,"Mossoró"
241255,2412559,"RN","Rio Grande do Norte",24,"São Miguel do Gostoso",240001,"Natal",2401,"Natal"
241260,2412609,"RN","Rio Grande do Norte",24,"São Paulo do Potengi",240006,"São Paulo do Potengi",2401,"Natal"
241270,2412708,"RN","Rio Grande do Norte",24,"São Pedro",240006,"São Paulo do Potengi",2401,"Natal"
241280,2412807,"RN","Rio Grande do Norte",24,"São Rafael",240011,"Açu",2403,"Mossoró"
241290,2412906,"RN","Rio Grande do Norte",24,"São Tomé",240006,"São Paulo do Potengi",2401,"Natal"
241300,2413003,"RN","Rio Grande do Norte",24,"São Vicente",240008,"Currais Novos",2402,"Caicó"
241310,2413102,"RN","Rio Grande do Norte",24,"Senador Elói de Souza",240006,"São Paulo do Potengi",2401,"Natal"
241320,2413201,"RN","Rio Grande do Norte",24,"Senador Georgino Avelino",240001,"Natal",2401,"Natal"
241330,2413300,"RN","Rio Grande do Norte",24,"Serra de São Bento",240002,"Santo Antônio - Passa e Fica - Nova Cruz",2401,"Natal"
241335,2413359,"RN","Rio Grande do Norte",24,"Serra do Mel",240009,"Mossoró",2403,"Mossoró"
241340,2413409,"RN","Rio Grande do Norte",24,"Serra Negra do Norte",240007,"Caicó",2402,"Caicó"
241350,2413508,"RN","Rio Grande do Norte",24,"Serrinha",240002,"Santo Antônio - Passa e Fica - Nova Cruz",2401,"Natal"
241355,2413557,"RN","Rio Grande do Norte",24,"Serrinha dos Pintos",240010,"Pau dos Ferros",2403,"Mossoró"
241360,2413607,"RN","Rio Grande do Norte",24,"Severiano Melo",240009,"Mossoró",2403,"Mossoró"
241370,2413706,"RN","Rio Grande do Norte",24,"Sítio Novo",240004,"Santa Cruz",2401,"Natal"
241380,2413805,"RN","Rio Grande do Norte",24,"Taboleiro Grande",240010,"Pau dos Ferros",2403,"Mossoró"
241390,2413904,"RN","Rio Grande do Norte",24,"Taipu",240001,"Natal",2401,"Natal"
241400,2414001,"RN","Rio Grande do Norte",24,"Tangará",240004,"Santa Cruz",2401,"Natal"
241410,2414100,"RN","Rio Grande do Norte",24,"Tenente Ananias",240010,"Pau dos Ferros",2403,"Mossoró"
241415,2414159,"RN","Rio Grande do Norte",24,"Tenente Laurentino Cruz",240008,"Currais Novos",2402,"Caicó"
241420,2414209,"RN","Rio Grande do Norte",24,"Tibau do Sul",240003,"Canguaretama",2401,"Natal"
241430,2414308,"RN","Rio Grande do Norte",24,"Timbaúba dos Batistas",240007,"Caicó",2402,"Caicó"
241440,2414407,"RN","Rio Grande do Norte",24,"Touros",240001,"Natal",2401,"Natal"
241445,2414456,"RN","Rio Grande do Norte",24,"Triunfo Potiguar",240011,"Açu",2403,"Mossoró"
241450,2414506,"RN","Rio Grande do Norte",24,"Umarizal",240010,"Pau dos Ferros",2403,"Mossoró"
241460,2414605,"RN","Rio Grande do Norte",24,"Upanema",240009,"Mossoró",2403,"Mossoró"
241470,2414704,"RN","Rio Grande do Norte",24,"Várzea",240002,"Santo Antônio - Passa e Fica - Nova Cruz",2401,"Natal"
241475,2414753,"RN","Rio Grande do Norte",24,"Venha-Ver",240010,"Pau dos Ferros",2403,"Mossoró"
241480,2414803,"RN","Rio Grande do Norte",24,"Vera Cruz",240001,"Natal",2401,"Natal"
241490,2414902,"RN","Rio Grande do Norte",24,"Viçosa",240010,"Pau dos Ferros",2403,"Mossoró"
241500,2415008,"RN","Rio Grande do Norte",24,"Vila Flor",240003,"Canguaretama",2401,"Natal"
250010,2500106,"PB","Paraíba",25,"Água Branca",250009,"Patos",2503,"Patos"
250020,2500205,"PB","Paraíba",25,"Aguiar",250010,"Itaporanga",2503,"Patos"
250030,2500304,"PB","Paraíba",25,"Alagoa Grande",250005,"Campina Grande",2502,"Campina Grande"
250040,2500403,"PB","Paraíba",25,"Alagoa Nova",250005,"Campina Grande",2502,"Campina Grande"
250050,2500502,"PB","Paraíba",25,"Alagoinha",250002,"Guarabira",2501,"João Pessoa"
250053,2500536,"PB","Paraíba",25,"Alcantil",250005,"Campina Grande",2502,"Campina Grande"
250057,2500577,"PB","Paraíba",25,"Algodão de Jandaíra",250005,"Campina Grande",2502,"Campina Grande"
250060,2500601,"PB","Paraíba",25,"Alhandra",250001,"João Pessoa",2501,"João Pessoa"
250070,2500700,"PB","Paraíba",25,"São João do Rio do Peixe",250015,"Cajazeiras",2504,"Sousa - Cajazeiras"
250073,2500734,"PB","Paraíba",25,"Amparo",250008,"Sumé",2502,"Campina Grande"
250077,2500775,"PB","Paraíba",25,"Aparecida",250014,"Sousa",2504,"Sousa - Cajazeiras"
250080,2500809,"PB","Paraíba",25,"Araçagi",250002,"Guarabira",2501,"João Pessoa"
250090,2500908,"PB","Paraíba",25,"Arara",250002,"Guarabira",2501,"João Pessoa"
250100,2501005,"PB","Paraíba",25,"Araruna",250002,"Guarabira",2501,"João Pessoa"
250110,2501104,"PB","Paraíba",25,"Areia",250005,"Campina Grande",2502,"Campina Grande"
250115,2501153,"PB","Paraíba",25,"Areia de Baraúnas",250009,"Patos",2503,"Patos"
250120,2501203,"PB","Paraíba",25,"Areial",250005,"Campina Grande",2502,"Campina Grande"
250130,2501302,"PB","Paraíba",25,"Aroeiras",250005,"Campina Grande",2502,"Campina Grande"
250135,2501351,"PB","Paraíba",25,"Assunção",250005,"Campina Grande",2502,"Campina Grande"
250140,2501401,"PB","Paraíba",25,"Baía da Traição",250003,"Mamanguape - Rio Tinto",2501,"João Pessoa"
250150,2501500,"PB","Paraíba",25,"Bananeiras",250002,"Guarabira",2501,"João Pessoa"
250153,2501534,"PB","Paraíba",25,"Baraúna",250006,"Cuité - Nova Floresta",2502,"Campina Grande"
250157,2501575,"PB","Paraíba",25,"Barra de Santana",250005,"Campina Grande",2502,"Campina Grande"
250160,2501609,"PB","Paraíba",25,"Barra de Santa Rosa",250006,"Cuité - Nova Floresta",2502,"Campina Grande"
250170,2501708,"PB","Paraíba",25,"Barra de São Miguel",250005,"Campina Grande",2502,"Campina Grande"
250180,2501807,"PB","Paraíba",25,"Bayeux",250001,"João Pessoa",2501,"João Pessoa"
250190,2501906,"PB","Paraíba",25,"Belém",250002,"Guarabira",2501,"João Pessoa"
250200,2502003,"PB","Paraíba",25,"Belém do Brejo do Cruz",250011,"Catolé do Rocha - São Bento",2503,"Patos"
250205,2502052,"PB","Paraíba",25,"Bernardino Batista",250014,"Sousa",2504,"Sousa - Cajazeiras"
250210,2502102,"PB","Paraíba",25,"Boa Ventura",250010,"Itaporanga",2503,"Patos"
250215,2502151,"PB","Paraíba",25,"Boa Vista",250005,"Campina Grande",2502,"Campina Grande"
250220,2502201,"PB","Paraíba",25,"Bom Jesus",250015,"Cajazeiras",2504,"Sousa - Cajazeiras"
250230,2502300,"PB","Paraíba",25,"Bom Sucesso",250011,"Catolé do Rocha - São Bento",2503,"Patos"
250240,2502409,"PB","Paraíba",25,"Bonito de Santa Fé",250015,"Cajazeiras",2504,"Sousa - Cajazeiras"
250250,2502508,"PB","Paraíba",25,"Boqueirão",250005,"Campina Grande",2502,"Campina Grande"
250260,2502607,"PB","Paraíba",25,"Igaracy",250010,"Itaporanga",2503,"Patos"
250270,2502706,"PB","Paraíba",25,"Borborema",250002,"Guarabira",2501,"João Pessoa"
250280,2502805,"PB","Paraíba",25,"Brejo do Cruz",250011,"Catolé do Rocha - São Bento",2503,"Patos"
250290,2502904,"PB","Paraíba",25,"Brejo dos Santos",250011,"Catolé do Rocha - São Bento",2503,"Patos"
250300,2503001,"PB","Paraíba",25,"Caaporã",250001,"João Pessoa",2501,"João Pessoa"
250310,2503100,"PB","Paraíba",25,"Cabaceiras",250005,"Campina Grande",2502,"Campina Grande"
250320,2503209,"PB","Paraíba",25,"Cabedelo",250001,"João Pessoa",2501,"João Pessoa"
250330,2503308,"PB","Paraíba",25,"Cachoeira dos Índios",250015,"Cajazeiras",2504,"Sousa - Cajazeiras"
250340,2503407,"PB","Paraíba",25,"Cacimba de Areia",250009,"Patos",2503,"Patos"
250350,2503506,"PB","Paraíba",25,"Cacimba de Dentro",250002,"Guarabira",2501,"João Pessoa"
250355,2503555,"PB","Paraíba",25,"Cacimbas",250009,"Patos",2503,"Patos"
250360,2503605,"PB","Paraíba",25,"Caiçara",250002,"Guarabira",2501,"João Pessoa"
250370,2503704,"PB","Paraíba",25,"Cajazeiras",250015,"Cajazeiras",2504,"Sousa - Cajazeiras"
250375,2503753,"PB","Paraíba",25,"Cajazeirinhas",250012,"Pombal",2503,"Patos"
250380,2503803,"PB","Paraíba",25,"Caldas Brandão",250001,"João Pessoa",2501,"João Pessoa"
250390,2503902,"PB","Paraíba",25,"Camalaú",250007,"Monteiro",2502,"Campina Grande"
250400,2504009,"PB","Paraíba",25,"Campina Grande",250005,"Campina Grande",2502,"Campina Grande"
250403,2504033,"PB","Paraíba",25,"Capim",250003,"Mamanguape - Rio Tinto",2501,"João Pessoa"
250407,2504074,"PB","Paraíba",25,"Caraúbas",250005,"Campina Grande",2502,"Campina Grande"
250410,2504108,"PB","Paraíba",25,"Carrapateira",250015,"Cajazeiras",2504,"Sousa - Cajazeiras"
250415,2504157,"PB","Paraíba",25,"Casserengue",250002,"Guarabira",2501,"João Pessoa"
250420,2504207,"PB","Paraíba",25,"Catingueira",250009,"Patos",2503,"Patos"
250430,2504306,"PB","Paraíba",25,"Catolé do Rocha",250011,"Catolé do Rocha - São Bento",2503,"Patos"
250435,2504355,"PB","Paraíba",25,"Caturité",250005,"Campina Grande",2502,"Campina Grande"
250440,2504405,"PB","Paraíba",25,"Conceição",250010,"Itaporanga",2503,"Patos"
250450,2504504,"PB","Paraíba",25,"Condado",250012,"Pombal",2503,"Patos"
250460,2504603,"PB","Paraíba",25,"Conde",250001,"João Pessoa",2501,"João Pessoa"
250470,2504702,"PB","Paraíba",25,"Congo",250008,"Sumé",2502,"Campina Grande"
250480,2504801,"PB","Paraíba",25,"Coremas",250009,"Patos",2503,"Patos"
250485,2504850,"PB","Paraíba",25,"Coxixola",250008,"Sumé",2502,"Campina Grande"
250490,2504900,"PB","Paraíba",25,"Cruz do Espírito Santo",250001,"João Pessoa",2501,"João Pessoa"
250500,2505006,"PB","Paraíba",25,"Cubati",250005,"Campina Grande",2502,"Campina Grande"
250510,2505105,"PB","Paraíba",25,"Cuité",250006,"Cuité - Nova Floresta",2502,"Campina Grande"
250520,2505204,"PB","Paraíba",25,"Cuitegi",250002,"Guarabira",2501,"João Pessoa"
250523,2505238,"PB","Paraíba",25,"Cuité de Mamanguape",250001,"João Pessoa",2501,"João Pessoa"
250527,2505279,"PB","Paraíba",25,"Curral de Cima",250003,"Mamanguape - Rio Tinto",2501,"João Pessoa"
250530,2505303,"PB","Paraíba",25,"Curral Velho",250010,"Itaporanga",2503,"Patos"
250535,2505352,"PB","Paraíba",25,"Damião",250006,"Cuité - Nova Floresta",2502,"Campina Grande"
250540,2505402,"PB","Paraíba",25,"Desterro",250009,"Patos",2503,"Patos"
250550,2505501,"PB","Paraíba",25,"Vista Serrana",250009,"Patos",2503,"Patos"
250560,2505600,"PB","Paraíba",25,"Diamante",250010,"Itaporanga",2503,"Patos"
250570,2505709,"PB","Paraíba",25,"Dona Inês",250002,"Guarabira",2501,"João Pessoa"
250580,2505808,"PB","Paraíba",25,"Duas Estradas",250002,"Guarabira",2501,"João Pessoa"
250590,2505907,"PB","Paraíba",25,"Emas",250009,"Patos",2503,"Patos"
250600,2506004,"PB","Paraíba",25,"Esperança",250005,"Campina Grande",2502,"Campina Grande"
250610,2506103,"PB","Paraíba",25,"Fagundes",250005,"Campina Grande",2502,"Campina Grande"
250620,2506202,"PB","Paraíba",25,"Frei Martinho",250006,"Cuité - Nova Floresta",2502,"Campina Grande"
250625,2506251,"PB","Paraíba",25,"Gado Bravo",250005,"Campina Grande",2502,"Campina Grande"
250630,2506301,"PB","Paraíba",25,"Guarabira",250002,"Guarabira",2501,"João Pessoa"
250640,2506400,"PB","Paraíba",25,"Gurinhém",250001,"João Pessoa",2501,"João Pessoa"
250650,2506509,"PB","Paraíba",25,"Gurjão",250005,"Campina Grande",2502,"Campina Grande"
250660,2506608,"PB","Paraíba",25,"Ibiara",250010,"Itaporanga",2503,"Patos"
250670,2506707,"PB","Paraíba",25,"Imaculada",250009,"Patos",2503,"Patos"
250680,2506806,"PB","Paraíba",25,"Ingá",250005,"Campina Grande",2502,"Campina Grande"
250690,2506905,"PB","Paraíba",25,"Itabaiana",250004,"Itabaiana",2501,"João Pessoa"
250700,2507002,"PB","Paraíba",25,"Itaporanga",250010,"Itaporanga",2503,"Patos"
250710,2507101,"PB","Paraíba",25,"Itapororoca",250003,"Mamanguape - Rio Tinto",2501,"João Pessoa"
250720,2507200,"PB","Paraíba",25,"Itatuba",250005,"Campina Grande",2502,"Campina Grande"
250730,2507309,"PB","Paraíba",25,"Jacaraú",250003,"Mamanguape - Rio Tinto",2501,"João Pessoa"
250740,2507408,"PB","Paraíba",25,"Jericó",250011,"Catolé do Rocha - São Bento",2503,"Patos"
250750,2507507,"PB","Paraíba",25,"João Pessoa",250001,"João Pessoa",2501,"João Pessoa"
250760,2507606,"PB","Paraíba",25,"Juarez Távora",250001,"João Pessoa",2501,"João Pessoa"
250770,2507705,"PB","Paraíba",25,"Juazeirinho",250005,"Campina Grande",2502,"Campina Grande"
250780,2507804,"PB","Paraíba",25,"Junco do Seridó",250005,"Campina Grande",2502,"Campina Grande"
250790,2507903,"PB","Paraíba",25,"Juripiranga",250001,"João Pessoa",2501,"João Pessoa"
250800,2508000,"PB","Paraíba",25,"Juru",250013,"Princesa Isabel",2503,"Patos"
250810,2508109,"PB","Paraíba",25,"Lagoa",250012,"Pombal",2503,"Patos"
250820,2508208,"PB","Paraíba",25,"Lagoa de Dentro",250002,"Guarabira",2501,"João Pessoa"
250830,2508307,"PB","Paraíba",25,"Lagoa Seca",250005,"Campina Grande",2502,"Campina Grande"
250840,2508406,"PB","Paraíba",25,"Lastro",250014,"Sousa",2504,"Sousa - Cajazeiras"
250850,2508505,"PB","Paraíba",25,"Livramento",250008,"Sumé",2502,"Campina Grande"
250855,2508554,"PB","Paraíba",25,"Logradouro",250002,"Guarabira",2501,"João Pessoa"
250860,2508604,"PB","Paraíba",25,"Lucena",250001,"João Pessoa",2501,"João Pessoa"
250870,2508703,"PB","Paraíba",25,"Mãe d'Água",250009,"Patos",2503,"Patos"
250880,2508802,"PB","Paraíba",25,"Malta",250009,"Patos",2503,"Patos"
250890,2508901,"PB","Paraíba",25,"Mamanguape",250003,"Mamanguape - Rio Tinto",2501,"João Pessoa"
250900,2509008,"PB","Paraíba",25,"Manaíra",250013,"Princesa Isabel",2503,"Patos"
250905,2509057,"PB","Paraíba",25,"Marcação",250003,"Mamanguape - Rio Tinto",2501,"João Pessoa"
250910,2509107,"PB","Paraíba",25,"Mari",250001,"João Pessoa",2501,"João Pessoa"
250915,2509156,"PB","Paraíba",25,"Marizópolis",250014,"Sousa",2504,"Sousa - Cajazeiras"
250920,2509206,"PB","Paraíba",25,"Massaranduba",250005,"Campina Grande",2502,"Campina Grande"
250930,2509305,"PB","Paraíba",25,"Mataraca",250003,"Mamanguape - Rio Tinto",2501,"João Pessoa"
250933,2509339,"PB","Paraíba",25,"Matinhas",250005,"Campina Grande",2502,"Campina Grande"
250937,2509370,"PB","Paraíba",25,"Mato Grosso",250011,"Catolé do Rocha - São Bento",2503,"Patos"
250939,2509396,"PB","Paraíba",25,"Maturéia",250009,"Patos",2503,"Patos"
250940,2509404,"PB","Paraíba",25,"Mogeiro",250004,"Itabaiana",2501,"João Pessoa"
250950,2509503,"PB","Paraíba",25,"Montadas",250005,"Campina Grande",2502,"Campina Grande"
250960,2509602,"PB","Paraíba",25,"Monte Horebe",250015,"Cajazeiras",2504,"Sousa - Cajazeiras"
250970,2509701,"PB","Paraíba",25,"Monteiro",250007,"Monteiro",2502,"Campina Grande"
250980,2509800,"PB","Paraíba",25,"Mulungu",250002,"Guarabira",2501,"João Pessoa"
250990,2509909,"PB","Paraíba",25,"Natuba",250004,"Itabaiana",2501,"João Pessoa"
251000,2510006,"PB","Paraíba",25,"Nazarezinho",250014,"Sousa",2504,"Sousa - Cajazeiras"
251010,2510105,"PB","Paraíba",25,"Nova Floresta",250006,"Cuité - Nova Floresta",2502,"Campina Grande"
251020,2510204,"PB","Paraíba",25,"Nova Olinda",250010,"Itaporanga",2503,"Patos"
251030,2510303,"PB","Paraíba",25,"Nova Palmeira",250006,"Cuité - Nova Floresta",2502,"Campina Grande"
251040,2510402,"PB","Paraíba",25,"Olho d'Água",250009,"Patos",2503,"Patos"
251050,2510501,"PB","Paraíba",25,"Olivedos",250005,"Campina Grande",2502,"Campina Grande"
251060,2510600,"PB","Paraíba",25,"Ouro Velho",250007,"Monteiro",2502,"Campina Grande"
251065,2510659,"PB","Paraíba",25,"Parari",250008,"Sumé",2502,"Campina Grande"
251070,2510709,"PB","Paraíba",25,"Passagem",250009,"Patos",2503,"Patos"
251080,2510808,"PB","Paraíba",25,"Patos",250009,"Patos",2503,"Patos"
251090,2510907,"PB","Paraíba",25,"Paulista",250012,"Pombal",2503,"Patos"
251100,2511004,"PB","Paraíba",25,"Pedra Branca",250010,"Itaporanga",2503,"Patos"
251110,2511103,"PB","Paraíba",25,"Pedra Lavrada",250006,"Cuité - Nova Floresta",2502,"Campina Grande"
251120,2511202,"PB","Paraíba",25,"Pedras de Fogo",250001,"João Pessoa",2501,"João Pessoa"
251130,2511301,"PB","Paraíba",25,"Piancó",250010,"Itaporanga",2503,"Patos"
251140,2511400,"PB","Paraíba",25,"Picuí",250006,"Cuité - Nova Floresta",2502,"Campina Grande"
251150,2511509,"PB","Paraíba",25,"Pilar",250001,"João Pessoa",2501,"João Pessoa"
251160,2511608,"PB","Paraíba",25,"Pilões",250002,"Guarabira",2501,"João Pessoa"
251170,2511707,"PB","Paraíba",25,"Pilõezinhos",250002,"Guarabira",2501,"João Pessoa"
251180,2511806,"PB","Paraíba",25,"Pirpirituba",250002,"Guarabira",2501,"João Pessoa"
251190,2511905,"PB","Paraíba",25,"Pitimbu",250001,"João Pessoa",2501,"João Pessoa"
251200,2512002,"PB","Paraíba",25,"Pocinhos",250005,"Campina Grande",2502,"Campina Grande"
251203,2512036,"PB","Paraíba",25,"Poço Dantas",250014,"Sousa",2504,"Sousa - Cajazeiras"
251207,2512077,"PB","Paraíba",25,"Poço de José de Moura",250015,"Cajazeiras",2504,"Sousa - Cajazeiras"
251210,2512101,"PB","Paraíba",25,"Pombal",250012,"Pombal",2503,"Patos"
251220,2512200,"PB","Paraíba",25,"Prata",250007,"Monteiro",2502,"Campina Grande"
251230,2512309,"PB","Paraíba",25,"Princesa Isabel",250013,"Princesa Isabel",2503,"Patos"
251240,2512408,"PB","Paraíba",25,"Puxinanã",250005,"Campina Grande",2502,"Campina Grande"
251250,2512507,"PB","Paraíba",25,"Queimadas",250005,"Campina Grande",2502,"Campina Grande"
251260,2512606,"PB","Paraíba",25,"Quixaba",250009,"Patos",2503,"Patos"
251270,2512705,"PB","Paraíba",25,"Remígio",250005,"Campina Grande",2502,"Campina Grande"
251272,2512721,"PB","Paraíba",25,"Pedro Régis",250003,"Mamanguape - Rio Tinto",2501,"João Pessoa"
251274,2512747,"PB","Paraíba",25,"Riachão",250002,"Guarabira",2501,"João Pessoa"
251275,2512754,"PB","Paraíba",25,"Riachão do Bacamarte",250005,"Campina Grande",2502,"Campina Grande"
251276,2512762,"PB","Paraíba",25,"Riachão do Poço",250001,"João Pessoa",2501,"João Pessoa"
251278,2512788,"PB","Paraíba",25,"Riacho de Santo Antônio",250005,"Campina Grande",2502,"Campina Grande"
251280,2512804,"PB","Paraíba",25,"Riacho dos Cavalos",250011,"Catolé do Rocha - São Bento",2503,"Patos"
251290,2512903,"PB","Paraíba",25,"Rio Tinto",250003,"Mamanguape - Rio Tinto",2501,"João Pessoa"
251300,2513000,"PB","Paraíba",25,"Salgadinho",250009,"Patos",2503,"Patos"
251310,2513109,"PB","Paraíba",25,"Salgado de São Félix",250004,"Itabaiana",2501,"João Pessoa"
251315,2513158,"PB","Paraíba",25,"Santa Cecília",250005,"Campina Grande",2502,"Campina Grande"
251320,2513208,"PB","Paraíba",25,"Santa Cruz",250014,"Sousa",2504,"Sousa - Cajazeiras"
251330,2513307,"PB","Paraíba",25,"Santa Helena",250015,"Cajazeiras",2504,"Sousa - Cajazeiras"
251335,2513356,"PB","Paraíba",25,"Santa Inês",250010,"Itaporanga",2503,"Patos"
251340,2513406,"PB","Paraíba",25,"Santa Luzia",250009,"Patos",2503,"Patos"
251350,2513505,"PB","Paraíba",25,"Santana de Mangueira",250010,"Itaporanga",2503,"Patos"
251360,2513604,"PB","Paraíba",25,"Santana dos Garrotes",250010,"Itaporanga",2503,"Patos"
251365,2513653,"PB","Paraíba",25,"Joca Claudino",250014,"Sousa",2504,"Sousa - Cajazeiras"
251370,2513703,"PB","Paraíba",25,"Santa Rita",250001,"João Pessoa",2501,"João Pessoa"
251380,2513802,"PB","Paraíba",25,"Santa Teresinha",250009,"Patos",2503,"Patos"
251385,2513851,"PB","Paraíba",25,"Santo André",250005,"Campina Grande",2502,"Campina Grande"
251390,2513901,"PB","Paraíba",25,"São Bento",250011,"Catolé do Rocha - São Bento",2503,"Patos"
251392,2513927,"PB","Paraíba",25,"São Bentinho",250012,"Pombal",2503,"Patos"
251394,2513943,"PB","Paraíba",25,"São Domingos do Cariri",250005,"Campina Grande",2502,"Campina Grande"
251396,2513968,"PB","Paraíba",25,"São Domingos",250012,"Pombal",2503,"Patos"
251398,2513984,"PB","Paraíba",25,"São Francisco",250014,"Sousa",2504,"Sousa - Cajazeiras"
251400,2514008,"PB","Paraíba",25,"São João do Cariri",250005,"Campina Grande",2502,"Campina Grande"
251410,2514107,"PB","Paraíba",25,"São João do Tigre",250007,"Monteiro",2502,"Campina Grande"
251420,2514206,"PB","Paraíba",25,"São José da Lagoa Tapada",250014,"Sousa",2504,"Sousa - Cajazeiras"
251430,2514305,"PB","Paraíba",25,"São José de Caiana",250010,"Itaporanga",2503,"Patos"
251440,2514404,"PB","Paraíba",25,"São José de Espinharas",250009,"Patos",2503,"Patos"
251445,2514453,"PB","Paraíba",25,"São José dos Ramos",250004,"Itabaiana",2501,"João Pessoa"
251450,2514503,"PB","Paraíba",25,"São José de Piranhas",250015,"Cajazeiras",2504,"Sousa - Cajazeiras"
251455,2514552,"PB","Paraíba",25,"São José de Princesa",250013,"Princesa Isabel",2503,"Patos"
251460,2514602,"PB","Paraíba",25,"São José do Bonfim",250009,"Patos",2503,"Patos"
251465,2514651,"PB","Paraíba",25,"São José do Brejo do Cruz",250011,"Catolé do Rocha - São Bento",2503,"Patos"
251470,2514701,"PB","Paraíba",25,"São José do Sabugi",250009,"Patos",2503,"Patos"
251480,2514800,"PB","Paraíba",25,"São José dos Cordeiros",250008,"Sumé",2502,"Campina Grande"
251490,2514909,"PB","Paraíba",25,"São Mamede",250009,"Patos",2503,"Patos"
251500,2515005,"PB","Paraíba",25,"São Miguel de Taipu",250001,"João Pessoa",2501,"João Pessoa"
251510,2515104,"PB","Paraíba",25,"São Sebastião de Lagoa de Roça",250005,"Campina Grande",2502,"Campina Grande"
251520,2515203,"PB","Paraíba",25,"São Sebastião do Umbuzeiro",250007,"Monteiro",2502,"Campina Grande"
251530,2515302,"PB","Paraíba",25,"Sapé",250001,"João Pessoa",2501,"João Pessoa"
251540,2515401,"PB","Paraíba",25,"São Vicente do Seridó",250005,"Campina Grande",2502,"Campina Grande"
251550,2515500,"PB","Paraíba",25,"Serra Branca",250008,"Sumé",2502,"Campina Grande"
251560,2515609,"PB","Paraíba",25,"Serra da Raiz",250002,"Guarabira",2501,"João Pessoa"
251570,2515708,"PB","Paraíba",25,"Serra Grande",250015,"Cajazeiras",2504,"Sousa - Cajazeiras"
251580,2515807,"PB","Paraíba",25,"Serra Redonda",250005,"Campina Grande",2502,"Campina Grande"
251590,2515906,"PB","Paraíba",25,"Serraria",250002,"Guarabira",2501,"João Pessoa"
251593,2515930,"PB","Paraíba",25,"Sertãozinho",250002,"Guarabira",2501,"João Pessoa"
251597,2515971,"PB","Paraíba",25,"Sobrado",250001,"João Pessoa",2501,"João Pessoa"
251600,2516003,"PB","Paraíba",25,"Solânea",250002,"Guarabira",2501,"João Pessoa"
251610,2516102,"PB","Paraíba",25,"Soledade",250005,"Campina Grande",2502,"Campina Grande"
251615,2516151,"PB","Paraíba",25,"Sossêgo",250006,"Cuité - Nova Floresta",2502,"Campina Grande"
251620,2516201,"PB","Paraíba",25,"Sousa",250014,"Sousa",2504,"Sousa - Cajazeiras"
251630,2516300,"PB","Paraíba",25,"Sumé",250008,"Sumé",2502,"Campina Grande"
251640,2516409,"PB","Paraíba",25,"Tacima",250002,"Guarabira",2501,"João Pessoa"
251650,2516508,"PB","Paraíba",25,"Taperoá",250005,"Campina Grande",2502,"Campina Grande"
251660,2516607,"PB","Paraíba",25,"Tavares",250013,"Princesa Isabel",2503,"Patos"
251670,2516706,"PB","Paraíba",25,"Teixeira",250009,"Patos",2503,"Patos"
251675,2516755,"PB","Paraíba",25,"Tenório",250005,"Campina Grande",2502,"Campina Grande"
251680,2516805,"PB","Paraíba",25,"Triunfo",250015,"Cajazeiras",2504,"Sousa - Cajazeiras"
251690,2516904,"PB","Paraíba",25,"Uiraúna",250014,"Sousa",2504,"Sousa - Cajazeiras"
251700,2517001,"PB","Paraíba",25,"Umbuzeiro",250005,"Campina Grande",2502,"Campina Grande"
251710,2517100,"PB","Paraíba",25,"Várzea",250009,"Patos",2503,"Patos"
251720,2517209,"PB","Paraíba",25,"Vieirópolis",250014,"Sousa",2504,"Sousa - Cajazeiras"
251740,2517407,"PB","Paraíba",25,"Zabelê",250007,"Monteiro",2502,"Campina Grande"
260005,2600054,"PE","Pernambuco",26,"Abreu e Lima",260001,"Recife",2601,"Recife"
260010,2600104,"PE","Pernambuco",26,"Afogados da Ingazeira",260014,"Afogados da Ingazeira",2603,"Serra Talhada"
260020,2600203,"PE","Pernambuco",26,"Afrânio",260015,"Petrolina",2604,"Petrolina"
260030,2600302,"PE","Pernambuco",26,"Agrestina",260009,"Caruaru",2602,"Caruaru"
260040,2600401,"PE","Pernambuco",26,"Água Preta",260003,"Palmares",2601,"Recife"
260050,2600500,"PE","Pernambuco",26,"Águas Belas",260010,"Garanhuns",2602,"Caruaru"
260060,2600609,"PE","Pernambuco",26,"Alagoinha",260012,"Belo Jardim – Pesqueira",2602,"Caruaru"
260070,2600708,"PE","Pernambuco",26,"Aliança",260002,"Goiana – Timbaúba",2601,"Recife"
260080,2600807,"PE","Pernambuco",26,"Altinho",260009,"Caruaru",2602,"Caruaru"
260090,2600906,"PE","Pernambuco",26,"Amaraji",260018,"Escada - Ribeirão",2601,"Recife"
260100,2601003,"PE","Pernambuco",26,"Angelim",260010,"Garanhuns",2602,"Caruaru"
260105,2601052,"PE","Pernambuco",26,"Araçoiaba",260001,"Recife",2601,"Recife"
260110,2601102,"PE","Pernambuco",26,"Araripina",260016,"Araripina",2604,"Petrolina"
260120,2601201,"PE","Pernambuco",26,"Arcoverde",260011,"Arcoverde",2602,"Caruaru"
260130,2601300,"PE","Pernambuco",26,"Barra de Guabiraba",260009,"Caruaru",2602,"Caruaru"
260140,2601409,"PE","Pernambuco",26,"Barreiros",260007,"Barreiros - Sirinhaém",2601,"Recife"
260150,2601508,"PE","Pernambuco",26,"Belém de Maria",260003,"Palmares",2601,"Recife"
260160,2601607,"PE","Pernambuco",26,"Belém do São Francisco",260017,"Salgueiro",2604,"Petrolina"
260170,2601706,"PE","Pernambuco",26,"Belo Jardim",260012,"Belo Jardim – Pesqueira",2602,"Caruaru"
260180,2601805,"PE","Pernambuco",26,"Betânia",260013,"Serra Talhada",2603,"Serra Talhada"
260190,2601904,"PE","Pernambuco",26,"Bezerros",260009,"Caruaru",2602,"Caruaru"
260200,2602001,"PE","Pernambuco",26,"Bodocó",260016,"Araripina",2604,"Petrolina"
260210,2602100,"PE","Pernambuco",26,"Bom Conselho",260010,"Garanhuns",2602,"Caruaru"
260220,2602209,"PE","Pernambuco",26,"Bom Jardim",260004,"Limoeiro",2601,"Recife"
260230,2602308,"PE","Pernambuco",26,"Bonito",260009,"Caruaru",2602,"Caruaru"
260240,2602407,"PE","Pernambuco",26,"Brejão",260010,"Garanhuns",2602,"Caruaru"
260250,2602506,"PE","Pernambuco",26,"Brejinho",260014,"Afogados da Ingazeira",2603,"Serra Talhada"
260260,2602605,"PE","Pernambuco",26,"Brejo da Madre de Deus",260009,"Caruaru",2602,"Caruaru"
260270,2602704,"PE","Pernambuco",26,"Buenos Aires",260006,"Carpina",2601,"Recife"
260280,2602803,"PE","Pernambuco",26,"Buíque",260011,"Arcoverde",2602,"Caruaru"
260290,2602902,"PE","Pernambuco",26,"Cabo de Santo Agostinho",260001,"Recife",2601,"Recife"
260300,2603009,"PE","Pernambuco",26,"Cabrobó",260017,"Salgueiro",2604,"Petrolina"
260310,2603108,"PE","Pernambuco",26,"Cachoeirinha",260009,"Caruaru",2602,"Caruaru"
260320,2603207,"PE","Pernambuco",26,"Caetés",260010,"Garanhuns",2602,"Caruaru"
260330,2603306,"PE","Pernambuco",26,"Calçado",260010,"Garanhuns",2602,"Caruaru"
260340,2603405,"PE","Pernambuco",26,"Calumbi",260013,"Serra Talhada",2603,"Serra Talhada"
260345,2603454,"PE","Pernambuco",26,"Camaragibe",260001,"Recife",2601,"Recife"
260350,2603504,"PE","Pernambuco",26,"Camocim de São Félix",260009,"Caruaru",2602,"Caruaru"
260360,2603603,"PE","Pernambuco",26,"Camutanga",260002,"Goiana – Timbaúba",2601,"Recife"
260370,2603702,"PE","Pernambuco",26,"Canhotinho",260010,"Garanhuns",2602,"Caruaru"
260380,2603801,"PE","Pernambuco",26,"Capoeiras",260010,"Garanhuns",2602,"Caruaru"
260390,2603900,"PE","Pernambuco",26,"Carnaíba",260014,"Afogados da Ingazeira",2603,"Serra Talhada"
260392,2603926,"PE","Pernambuco",26,"Carnaubeira da Penha",260013,"Serra Talhada",2603,"Serra Talhada"
260400,2604007,"PE","Pernambuco",26,"Carpina",260006,"Carpina",2601,"Recife"
260410,2604106,"PE","Pernambuco",26,"Caruaru",260009,"Caruaru",2602,"Caruaru"
260415,2604155,"PE","Pernambuco",26,"Casinhas",260008,"Surubim",2601,"Recife"
260420,2604205,"PE","Pernambuco",26,"Catende",260003,"Palmares",2601,"Recife"
260430,2604304,"PE","Pernambuco",26,"Cedro",260017,"Salgueiro",2604,"Petrolina"
260440,2604403,"PE","Pernambuco",26,"Chã de Alegria",260005,"Vitória de Santo Antão",2601,"Recife"
260450,2604502,"PE","Pernambuco",26,"Chã Grande",260009,"Caruaru",2602,"Caruaru"
260460,2604601,"PE","Pernambuco",26,"Condado",260002,"Goiana – Timbaúba",2601,"Recife"
260470,2604700,"PE","Pernambuco",26,"Correntes",260010,"Garanhuns",2602,"Caruaru"
260480,2604809,"PE","Pernambuco",26,"Cortês",260018,"Escada - Ribeirão",2601,"Recife"
260490,2604908,"PE","Pernambuco",26,"Cumaru",260009,"Caruaru",2602,"Caruaru"
260500,2605004,"PE","Pernambuco",26,"Cupira",260009,"Caruaru",2602,"Caruaru"
260510,2605103,"PE","Pernambuco",26,"Custódia",260011,"Arcoverde",2602,"Caruaru"
260515,2605152,"PE","Pernambuco",26,"Dormentes",260015,"Petrolina",2604,"Petrolina"
260520,2605202,"PE","Pernambuco",26,"Escada",260018,"Escada - Ribeirão",2601,"Recife"
260530,2605301,"PE","Pernambuco",26,"Exu",260016,"Araripina",2604,"Petrolina"
260540,2605400,"PE","Pernambuco",26,"Feira Nova",260004,"Limoeiro",2601,"Recife"
260545,2605459,"PE","Pernambuco",26,"Fernando de Noronha",260001,"Recife",2601,"Recife"
260550,2605509,"PE","Pernambuco",26,"Ferreiros",260002,"Goiana – Timbaúba",2601,"Recife"
260560,2605608,"PE","Pernambuco",26,"Flores",260013,"Serra Talhada",2603,"Serra Talhada"
260570,2605707,"PE","Pernambuco",26,"Floresta",260013,"Serra Talhada",2603,"Serra Talhada"
260580,2605806,"PE","Pernambuco",26,"Frei Miguelinho",260008,"Surubim",2601,"Recife"
260590,2605905,"PE","Pernambuco",26,"Gameleira",260003,"Palmares",2601,"Recife"
260600,2606002,"PE","Pernambuco",26,"Garanhuns",260010,"Garanhuns",2602,"Caruaru"
260610,2606101,"PE","Pernambuco",26,"Glória do Goitá",260005,"Vitória de Santo Antão",2601,"Recife"
260620,2606200,"PE","Pernambuco",26,"Goiana",260002,"Goiana – Timbaúba",2601,"Recife"
260630,2606309,"PE","Pernambuco",26,"Granito",260016,"Araripina",2604,"Petrolina"
260640,2606408,"PE","Pernambuco",26,"Gravatá",260009,"Caruaru",2602,"Caruaru"
260650,2606507,"PE","Pernambuco",26,"Iati",260010,"Garanhuns",2602,"Caruaru"
260660,2606606,"PE","Pernambuco",26,"Ibimirim",260011,"Arcoverde",2602,"Caruaru"
260670,2606705,"PE","Pernambuco",26,"Ibirajuba",260009,"Caruaru",2602,"Caruaru"
260680,2606804,"PE","Pernambuco",26,"Igarassu",260001,"Recife",2601,"Recife"
260690,2606903,"PE","Pernambuco",26,"Iguaracy",260014,"Afogados da Ingazeira",2603,"Serra Talhada"
260700,2607000,"PE","Pernambuco",26,"Inajá",260011,"Arcoverde",2602,"Caruaru"
260710,2607109,"PE","Pernambuco",26,"Ingazeira",260014,"Afogados da Ingazeira",2603,"Serra Talhada"
260720,2607208,"PE","Pernambuco",26,"Ipojuca",260001,"Recife",2601,"Recife"
260730,2607307,"PE","Pernambuco",26,"Ipubi",260016,"Araripina",2604,"Petrolina"
260740,2607406,"PE","Pernambuco",26,"Itacuruba",260017,"Salgueiro",2604,"Petrolina"
260750,2607505,"PE","Pernambuco",26,"Itaíba",260011,"Arcoverde",2602,"Caruaru"
260760,2607604,"PE","Pernambuco",26,"Ilha de Itamaracá",260001,"Recife",2601,"Recife"
260765,2607653,"PE","Pernambuco",26,"Itambé",260002,"Goiana – Timbaúba",2601,"Recife"
260770,2607703,"PE","Pernambuco",26,"Itapetim",260014,"Afogados da Ingazeira",2603,"Serra Talhada"
260775,2607752,"PE","Pernambuco",26,"Itapissuma",260001,"Recife",2601,"Recife"
260780,2607802,"PE","Pernambuco",26,"Itaquitinga",260002,"Goiana – Timbaúba",2601,"Recife"
260790,2607901,"PE","Pernambuco",26,"Jaboatão dos Guararapes",260001,"Recife",2601,"Recife"
260795,2607950,"PE","Pernambuco",26,"Jaqueira",260003,"Palmares",2601,"Recife"
260800,2608008,"PE","Pernambuco",26,"Jataúba",260009,"Caruaru",2602,"Caruaru"
260805,2608057,"PE","Pernambuco",26,"Jatobá",260013,"Serra Talhada",2603,"Serra Talhada"
260810,2608107,"PE","Pernambuco",26,"João Alfredo",260004,"Limoeiro",2601,"Recife"
260820,2608206,"PE","Pernambuco",26,"Joaquim Nabuco",260003,"Palmares",2601,"Recife"
260825,2608255,"PE","Pernambuco",26,"Jucati",260010,"Garanhuns",2602,"Caruaru"
260830,2608305,"PE","Pernambuco",26,"Jupi",260010,"Garanhuns",2602,"Caruaru"
260840,2608404,"PE","Pernambuco",26,"Jurema",260010,"Garanhuns",2602,"Caruaru"
260845,2608453,"PE","Pernambuco",26,"Lagoa do Carro",260006,"Carpina",2601,"Recife"
260850,2608503,"PE","Pernambuco",26,"Lagoa de Itaenga",260006,"Carpina",2601,"Recife"
260860,2608602,"PE","Pernambuco",26,"Lagoa do Ouro",260010,"Garanhuns",2602,"Caruaru"
260870,2608701,"PE","Pernambuco",26,"Lagoa dos Gatos",260009,"Caruaru",2602,"Caruaru"
260875,2608750,"PE","Pernambuco",26,"Lagoa Grande",260015,"Petrolina",2604,"Petrolina"
260880,2608800,"PE","Pernambuco",26,"Lajedo",260010,"Garanhuns",2602,"Caruaru"
260890,2608909,"PE","Pernambuco",26,"Limoeiro",260004,"Limoeiro",2601,"Recife"
260900,2609006,"PE","Pernambuco",26,"Macaparana",260002,"Goiana – Timbaúba",2601,"Recife"
260910,2609105,"PE","Pernambuco",26,"Machados",260004,"Limoeiro",2601,"Recife"
260915,2609154,"PE","Pernambuco",26,"Manari",260011,"Arcoverde",2602,"Caruaru"
260920,2609204,"PE","Pernambuco",26,"Maraial",260003,"Palmares",2601,"Recife"
260930,2609303,"PE","Pernambuco",26,"Mirandiba",260013,"Serra Talhada",2603,"Serra Talhada"
260940,2609402,"PE","Pernambuco",26,"Moreno",260001,"Recife",2601,"Recife"
260950,2609501,"PE","Pernambuco",26,"Nazaré da Mata",260006,"Carpina",2601,"Recife"
260960,2609600,"PE","Pernambuco",26,"Olinda",260001,"Recife",2601,"Recife"
260970,2609709,"PE","Pernambuco",26,"Orobó",260004,"Limoeiro",2601,"Recife"
260980,2609808,"PE","Pernambuco",26,"Orocó",260015,"Petrolina",2604,"Petrolina"
260990,2609907,"PE","Pernambuco",26,"Ouricuri",260016,"Araripina",2604,"Petrolina"
261000,2610004,"PE","Pernambuco",26,"Palmares",260003,"Palmares",2601,"Recife"
261010,2610103,"PE","Pernambuco",26,"Palmeirina",260010,"Garanhuns",2602,"Caruaru"
261020,2610202,"PE","Pernambuco",26,"Panelas",260009,"Caruaru",2602,"Caruaru"
261030,2610301,"PE","Pernambuco",26,"Paranatama",260010,"Garanhuns",2602,"Caruaru"
261040,2610400,"PE","Pernambuco",26,"Parnamirim",260017,"Salgueiro",2604,"Petrolina"
261050,2610509,"PE","Pernambuco",26,"Passira",260004,"Limoeiro",2601,"Recife"
261060,2610608,"PE","Pernambuco",26,"Paudalho",260001,"Recife",2601,"Recife"
261070,2610707,"PE","Pernambuco",26,"Paulista",260001,"Recife",2601,"Recife"
261080,2610806,"PE","Pernambuco",26,"Pedra",260011,"Arcoverde",2602,"Caruaru"
261090,2610905,"PE","Pernambuco",26,"Pesqueira",260012,"Belo Jardim – Pesqueira",2602,"Caruaru"
261100,2611002,"PE","Pernambuco",26,"Petrolândia",260013,"Serra Talhada",2603,"Serra Talhada"
261110,2611101,"PE","Pernambuco",26,"Petrolina",260015,"Petrolina",2604,"Petrolina"
261120,2611200,"PE","Pernambuco",26,"Poção",260012,"Belo Jardim – Pesqueira",2602,"Caruaru"
261130,2611309,"PE","Pernambuco",26,"Pombos",260005,"Vitória de Santo Antão",2601,"Recife"
261140,2611408,"PE","Pernambuco",26,"Primavera",260018,"Escada - Ribeirão",2601,"Recife"
261150,2611507,"PE","Pernambuco",26,"Quipapá",260010,"Garanhuns",2602,"Caruaru"
261153,2611533,"PE","Pernambuco",26,"Quixaba",260014,"Afogados da Ingazeira",2603,"Serra Talhada"
261160,2611606,"PE","Pernambuco",26,"Recife",260001,"Recife",2601,"Recife"
261170,2611705,"PE","Pernambuco",26,"Riacho das Almas",260009,"Caruaru",2602,"Caruaru"
261180,2611804,"PE","Pernambuco",26,"Ribeirão",260018,"Escada - Ribeirão",2601,"Recife"
261190,2611903,"PE","Pernambuco",26,"Rio Formoso",260007,"Barreiros - Sirinhaém",2601,"Recife"
261200,2612000,"PE","Pernambuco",26,"Sairé",260009,"Caruaru",2602,"Caruaru"
261210,2612109,"PE","Pernambuco",26,"Salgadinho",260004,"Limoeiro",2601,"Recife"
261220,2612208,"PE","Pernambuco",26,"Salgueiro",260017,"Salgueiro",2604,"Petrolina"
261230,2612307,"PE","Pernambuco",26,"Saloá",260010,"Garanhuns",2602,"Caruaru"
261240,2612406,"PE","Pernambuco",26,"Sanharó",260012,"Belo Jardim – Pesqueira",2602,"Caruaru"
261245,2612455,"PE","Pernambuco",26,"Santa Cruz",260016,"Araripina",2604,"Petrolina"
261247,2612471,"PE","Pernambuco",26,"Santa Cruz da Baixa Verde",260013,"Serra Talhada",2603,"Serra Talhada"
261250,2612505,"PE","Pernambuco",26,"Santa Cruz do Capibaribe",260009,"Caruaru",2602,"Caruaru"
261255,2612554,"PE","Pernambuco",26,"Santa Filomena",260016,"Araripina",2604,"Petrolina"
261260,2612604,"PE","Pernambuco",26,"Santa Maria da Boa Vista",260015,"Petrolina",2604,"Petrolina"
261270,2612703,"PE","Pernambuco",26,"Santa Maria do Cambucá",260008,"Surubim",2601,"Recife"
261280,2612802,"PE","Pernambuco",26,"Santa Terezinha",260014,"Afogados da Ingazeira",2603,"Serra Talhada"
261290,2612901,"PE","Pernambuco",26,"São Benedito do Sul",260003,"Palmares",2601,"Recife"
261300,2613008,"PE","Pernambuco",26,"São Bento do Una",260012,"Belo Jardim – Pesqueira",2602,"Caruaru"
261310,2613107,"PE","Pernambuco",26,"São Caitano",260009,"Caruaru",2602,"Caruaru"
261320,2613206,"PE","Pernambuco",26,"São João",260010,"Garanhuns",2602,"Caruaru"
261330,2613305,"PE","Pernambuco",26,"São Joaquim do Monte",260009,"Caruaru",2602,"Caruaru"
261340,2613404,"PE","Pernambuco",26,"São José da Coroa Grande",260007,"Barreiros - Sirinhaém",2601,"Recife"
261350,2613503,"PE","Pernambuco",26,"São José do Belmonte",260013,"Serra Talhada",2603,"Serra Talhada"
261360,2613602,"PE","Pernambuco",26,"São José do Egito",260014,"Afogados da Ingazeira",2603,"Serra Talhada"
261370,2613701,"PE","Pernambuco",26,"São Lourenço da Mata",260001,"Recife",2601,"Recife"
261380,2613800,"PE","Pernambuco",26,"São Vicente Férrer",260002,"Goiana – Timbaúba",2601,"Recife"
261390,2613909,"PE","Pernambuco",26,"Serra Talhada",260013,"Serra Talhada",2603,"Serra Talhada"
261400,2614006,"PE","Pernambuco",26,"Serrita",260017,"Salgueiro",2604,"Petrolina"
261410,2614105,"PE","Pernambuco",26,"Sertânia",260011,"Arcoverde",2602,"Caruaru"
261420,2614204,"PE","Pernambuco",26,"Sirinhaém",260007,"Barreiros - Sirinhaém",2601,"Recife"
261430,2614303,"PE","Pernambuco",26,"Moreilândia",260016,"Araripina",2604,"Petrolina"
261440,2614402,"PE","Pernambuco",26,"Solidão",260014,"Afogados da Ingazeira",2603,"Serra Talhada"
261450,2614501,"PE","Pernambuco",26,"Surubim",260008,"Surubim",2601,"Recife"
261460,2614600,"PE","Pernambuco",26,"Tabira",260014,"Afogados da Ingazeira",2603,"Serra Talhada"
261470,2614709,"PE","Pernambuco",26,"Tacaimbó",260012,"Belo Jardim – Pesqueira",2602,"Caruaru"
261480,2614808,"PE","Pernambuco",26,"Tacaratu",260013,"Serra Talhada",2603,"Serra Talhada"
261485,2614857,"PE","Pernambuco",26,"Tamandaré",260007,"Barreiros - Sirinhaém",2601,"Recife"
261500,2615003,"PE","Pernambuco",26,"Taquaritinga do Norte",260009,"Caruaru",2602,"Caruaru"
261510,2615102,"PE","Pernambuco",26,"Terezinha",260010,"Garanhuns",2602,"Caruaru"
261520,2615201,"PE","Pernambuco",26,"Terra Nova",260017,"Salgueiro",2604,"Petrolina"
261530,2615300,"PE","Pernambuco",26,"Timbaúba",260002,"Goiana – Timbaúba",2601,"Recife"
261540,2615409,"PE","Pernambuco",26,"Toritama",260009,"Caruaru",2602,"Caruaru"
261550,2615508,"PE","Pernambuco",26,"Tracunhaém",260006,"Carpina",2601,"Recife"
261560,2615607,"PE","Pernambuco",26,"Trindade",260016,"Araripina",2604,"Petrolina"
261570,2615706,"PE","Pernambuco",26,"Triunfo",260013,"Serra Talhada",2603,"Serra Talhada"
261580,2615805,"PE","Pernambuco",26,"Tupanatinga",260011,"Arcoverde",2602,"Caruaru"
261590,2615904,"PE","Pernambuco",26,"Tuparetama",260014,"Afogados da Ingazeira",2603,"Serra Talhada"
261600,2616001,"PE","Pernambuco",26,"Venturosa",260011,"Arcoverde",2602,"Caruaru"
261610,2616100,"PE","Pernambuco",26,"Verdejante",260017,"Salgueiro",2604,"Petrolina"
261618,2616183,"PE","Pernambuco",26,"Vertente do Lério",260008,"Surubim",2601,"Recife"
261620,2616209,"PE","Pernambuco",26,"Vertentes",260008,"Surubim",2601,"Recife"
261630,2616308,"PE","Pernambuco",26,"Vicência",260002,"Goiana – Timbaúba",2601,"Recife"
261640,2616407,"PE","Pernambuco",26,"Vitória de Santo Antão",260005,"Vitória de Santo Antão",2601,"Recife"
261650,2616506,"PE","Pernambuco",26,"Xexéu",260003,"Palmares",2601,"Recife"
270010,2700102,"AL","Alagoas",27,"Água Branca",270009,"Delmiro Gouveia",2702,"Arapiraca"
270020,2700201,"AL","Alagoas",27,"Anadia",270004,"São Miguel dos Campos",2701,"Maceió"
270030,2700300,"AL","Alagoas",27,"Arapiraca",270007,"Arapiraca",2702,"Arapiraca"
270040,2700409,"AL","Alagoas",27,"Atalaia",270006,"Atalaia",2701,"Maceió"
270050,2700508,"AL","Alagoas",27,"Barra de Santo Antônio",270001,"Maceió",2701,"Maceió"
270060,2700607,"AL","Alagoas",27,"Barra de São Miguel",270001,"Maceió",2701,"Maceió"
270070,2700706,"AL","Alagoas",27,"Batalha",270011,"Pão de Açúcar - Olho d'Água das Flores – Batalha",2702,"Arapiraca"
270080,2700805,"AL","Alagoas",27,"Belém",270008,"Palmeira dos Índios",2702,"Arapiraca"
270090,2700904,"AL","Alagoas",27,"Belo Monte",270011,"Pão de Açúcar - Olho d'Água das Flores – Batalha",2702,"Arapiraca"
270100,2701001,"AL","Alagoas",27,"Boca da Mata",270004,"São Miguel dos Campos",2701,"Maceió"
270110,2701100,"AL","Alagoas",27,"Branquinha",270005,"União dos Palmares",2701,"Maceió"
270120,2701209,"AL","Alagoas",27,"Cacimbinhas",270008,"Palmeira dos Índios",2702,"Arapiraca"
270130,2701308,"AL","Alagoas",27,"Cajueiro",270006,"Atalaia",2701,"Maceió"
270135,2701357,"AL","Alagoas",27,"Campestre",270002,"Porto Calvo - São Luís do Quitunde",2701,"Maceió"
270140,2701407,"AL","Alagoas",27,"Campo Alegre",270004,"São Miguel dos Campos",2701,"Maceió"
270150,2701506,"AL","Alagoas",27,"Campo Grande",270007,"Arapiraca",2702,"Arapiraca"
270160,2701605,"AL","Alagoas",27,"Canapi",270010,"Santana do Ipanema",2702,"Arapiraca"
270170,2701704,"AL","Alagoas",27,"Capela",270006,"Atalaia",2701,"Maceió"
270180,2701803,"AL","Alagoas",27,"Carneiros",270010,"Santana do Ipanema",2702,"Arapiraca"
270190,2701902,"AL","Alagoas",27,"Chã Preta",270006,"Atalaia",2701,"Maceió"
270200,2702009,"AL","Alagoas",27,"Coité do Nóia",270007,"Arapiraca",2702,"Arapiraca"
270210,2702108,"AL","Alagoas",27,"Colônia Leopoldina",270002,"Porto Calvo - São Luís do Quitunde",2701,"Maceió"
270220,2702207,"AL","Alagoas",27,"Coqueiro Seco",270001,"Maceió",2701,"Maceió"
270230,2702306,"AL","Alagoas",27,"Coruripe",270003,"Penedo",2701,"Maceió"
270235,2702355,"AL","Alagoas",27,"Craíbas",270007,"Arapiraca",2702,"Arapiraca"
270240,2702405,"AL","Alagoas",27,"Delmiro Gouveia",270009,"Delmiro Gouveia",2702,"Arapiraca"
270250,2702504,"AL","Alagoas",27,"Dois Riachos",270010,"Santana do Ipanema",2702,"Arapiraca"
270255,2702553,"AL","Alagoas",27,"Estrela de Alagoas",270008,"Palmeira dos Índios",2702,"Arapiraca"
270260,2702603,"AL","Alagoas",27,"Feira Grande",270007,"Arapiraca",2702,"Arapiraca"
270270,2702702,"AL","Alagoas",27,"Feliz Deserto",270003,"Penedo",2701,"Maceió"
270280,2702801,"AL","Alagoas",27,"Flexeiras",270001,"Maceió",2701,"Maceió"
270290,2702900,"AL","Alagoas",27,"Girau do Ponciano",270007,"Arapiraca",2702,"Arapiraca"
270300,2703007,"AL","Alagoas",27,"Ibateguara",270005,"União dos Palmares",2701,"Maceió"
270310,2703106,"AL","Alagoas",27,"Igaci",270008,"Palmeira dos Índios",2702,"Arapiraca"
270320,2703205,"AL","Alagoas",27,"Igreja Nova",270003,"Penedo",2701,"Maceió"
270330,2703304,"AL","Alagoas",27,"Inhapi",270009,"Delmiro Gouveia",2702,"Arapiraca"
270340,2703403,"AL","Alagoas",27,"Jacaré dos Homens",270011,"Pão de Açúcar - Olho d'Água das Flores – Batalha",2702,"Arapiraca"
270350,2703502,"AL","Alagoas",27,"Jacuípe",270002,"Porto Calvo - São Luís do Quitunde",2701,"Maceió"
270360,2703601,"AL","Alagoas",27,"Japaratinga",270002,"Porto Calvo - São Luís do Quitunde",2701,"Maceió"
270370,2703700,"AL","Alagoas",27,"Jaramataia",270007,"Arapiraca",2702,"Arapiraca"
270375,2703759,"AL","Alagoas",27,"Jequiá da Praia",270004,"São Miguel dos Campos",2701,"Maceió"
270380,2703809,"AL","Alagoas",27,"Joaquim Gomes",270001,"Maceió",2701,"Maceió"
270390,2703908,"AL","Alagoas",27,"Jundiá",270002,"Porto Calvo - São Luís do Quitunde",2701,"Maceió"
270400,2704005,"AL","Alagoas",27,"Junqueiro",270007,"Arapiraca",2702,"Arapiraca"
270410,2704104,"AL","Alagoas",27,"Lagoa da Canoa",270007,"Arapiraca",2702,"Arapiraca"
270420,2704203,"AL","Alagoas",27,"Limoeiro de Anadia",270007,"Arapiraca",2702,"Arapiraca"
270430,2704302,"AL","Alagoas",27,"Maceió",270001,"Maceió",2701,"Maceió"
270440,2704401,"AL","Alagoas",27,"Major Isidoro",270008,"Palmeira dos Índios",2702,"Arapiraca"
270450,2704500,"AL","Alagoas",27,"Maragogi",270002,"Porto Calvo - São Luís do Quitunde",2701,"Maceió"
270460,2704609,"AL","Alagoas",27,"Maravilha",270010,"Santana do Ipanema",2702,"Arapiraca"
270470,2704708,"AL","Alagoas",27,"Marechal Deodoro",270001,"Maceió",2701,"Maceió"
270480,2704807,"AL","Alagoas",27,"Maribondo",270007,"Arapiraca",2702,"Arapiraca"
270490,2704906,"AL","Alagoas",27,"Mar Vermelho",270006,"Atalaia",2701,"Maceió"
270500,2705002,"AL","Alagoas",27,"Mata Grande",270009,"Delmiro Gouveia",2702,"Arapiraca"
270510,2705101,"AL","Alagoas",27,"Matriz de Camaragibe",270002,"Porto Calvo - São Luís do Quitunde",2701,"Maceió"
270520,2705200,"AL","Alagoas",27,"Messias",270001,"Maceió",2701,"Maceió"
270530,2705309,"AL","Alagoas",27,"Minador do Negrão",270008,"Palmeira dos Índios",2702,"Arapiraca"
270540,2705408,"AL","Alagoas",27,"Monteirópolis",270011,"Pão de Açúcar - Olho d'Água das Flores – Batalha",2702,"Arapiraca"
270550,2705507,"AL","Alagoas",27,"Murici",270005,"União dos Palmares",2701,"Maceió"
270560,2705606,"AL","Alagoas",27,"Novo Lino",270002,"Porto Calvo - São Luís do Quitunde",2701,"Maceió"
270570,2705705,"AL","Alagoas",27,"Olho d'Água das Flores",270011,"Pão de Açúcar - Olho d'Água das Flores – Batalha",2702,"Arapiraca"
270580,2705804,"AL","Alagoas",27,"Olho d'Água do Casado",270009,"Delmiro Gouveia",2702,"Arapiraca"
270590,2705903,"AL","Alagoas",27,"Olho d'Água Grande",270007,"Arapiraca",2702,"Arapiraca"
270600,2706000,"AL","Alagoas",27,"Olivença",270010,"Santana do Ipanema",2702,"Arapiraca"
270610,2706109,"AL","Alagoas",27,"Ouro Branco",270010,"Santana do Ipanema",2702,"Arapiraca"
270620,2706208,"AL","Alagoas",27,"Palestina",270011,"Pão de Açúcar - Olho d'Água das Flores – Batalha",2702,"Arapiraca"
270630,2706307,"AL","Alagoas",27,"Palmeira dos Índios",270008,"Palmeira dos Índios",2702,"Arapiraca"
270640,2706406,"AL","Alagoas",27,"Pão de Açúcar",270011,"Pão de Açúcar - Olho d'Água das Flores – Batalha",2702,"Arapiraca"
270642,2706422,"AL","Alagoas",27,"Pariconha",270009,"Delmiro Gouveia",2702,"Arapiraca"
270644,2706448,"AL","Alagoas",27,"Paripueira",270001,"Maceió",2701,"Maceió"
270650,2706505,"AL","Alagoas",27,"Passo de Camaragibe",270002,"Porto Calvo - São Luís do Quitunde",2701,"Maceió"
270660,2706604,"AL","Alagoas",27,"Paulo Jacinto",270008,"Palmeira dos Índios",2702,"Arapiraca"
270670,2706703,"AL","Alagoas",27,"Penedo",270003,"Penedo",2701,"Maceió"
270680,2706802,"AL","Alagoas",27,"Piaçabuçu",270003,"Penedo",2701,"Maceió"
270690,2706901,"AL","Alagoas",27,"Pilar",270001,"Maceió",2701,"Maceió"
270700,2707008,"AL","Alagoas",27,"Pindoba",270006,"Atalaia",2701,"Maceió"
270710,2707107,"AL","Alagoas",27,"Piranhas",270009,"Delmiro Gouveia",2702,"Arapiraca"
270720,2707206,"AL","Alagoas",27,"Poço das Trincheiras",270010,"Santana do Ipanema",2702,"Arapiraca"
270730,2707305,"AL","Alagoas",27,"Porto Calvo",270002,"Porto Calvo - São Luís do Quitunde",2701,"Maceió"
270740,2707404,"AL","Alagoas",27,"Porto de Pedras",270002,"Porto Calvo - São Luís do Quitunde",2701,"Maceió"
270750,2707503,"AL","Alagoas",27,"Porto Real do Colégio",270003,"Penedo",2701,"Maceió"
270760,2707602,"AL","Alagoas",27,"Quebrangulo",270008,"Palmeira dos Índios",2702,"Arapiraca"
270770,2707701,"AL","Alagoas",27,"Rio Largo",270001,"Maceió",2701,"Maceió"
270780,2707800,"AL","Alagoas",27,"Roteiro",270004,"São Miguel dos Campos",2701,"Maceió"
270790,2707909,"AL","Alagoas",27,"Santa Luzia do Norte",270001,"Maceió",2701,"Maceió"
270800,2708006,"AL","Alagoas",27,"Santana do Ipanema",270010,"Santana do Ipanema",2702,"Arapiraca"
270810,2708105,"AL","Alagoas",27,"Santana do Mundaú",270005,"União dos Palmares",2701,"Maceió"
270820,2708204,"AL","Alagoas",27,"São Brás",270003,"Penedo",2701,"Maceió"
270830,2708303,"AL","Alagoas",27,"São José da Laje",270005,"União dos Palmares",2701,"Maceió"
270840,2708402,"AL","Alagoas",27,"São José da Tapera",270011,"Pão de Açúcar - Olho d'Água das Flores – Batalha",2702,"Arapiraca"
270850,2708501,"AL","Alagoas",27,"São Luís do Quitunde",270002,"Porto Calvo - São Luís do Quitunde",2701,"Maceió"
270860,2708600,"AL","Alagoas",27,"São Miguel dos Campos",270004,"São Miguel dos Campos",2701,"Maceió"
270870,2708709,"AL","Alagoas",27,"São Miguel dos Milagres",270002,"Porto Calvo - São Luís do Quitunde",2701,"Maceió"
270880,2708808,"AL","Alagoas",27,"São Sebastião",270007,"Arapiraca",2702,"Arapiraca"
270890,2708907,"AL","Alagoas",27,"Satuba",270001,"Maceió",2701,"Maceió"
270895,2708956,"AL","Alagoas",27,"Senador Rui Palmeira",270010,"Santana do Ipanema",2702,"Arapiraca"
270900,2709004,"AL","Alagoas",27,"Tanque d'Arca",270007,"Arapiraca",2702,"Arapiraca"
270910,2709103,"AL","Alagoas",27,"Taquarana",270007,"Arapiraca",2702,"Arapiraca"
270915,2709152,"AL","Alagoas",27,"Teotônio Vilela",270007,"Arapiraca",2702,"Arapiraca"
270920,2709202,"AL","Alagoas",27,"Traipu",270007,"Arapiraca",2702,"Arapiraca"
270930,2709301,"AL","Alagoas",27,"União dos Palmares",270005,"União dos Palmares",2701,"Maceió"
270940,2709400,"AL","Alagoas",27,"Viçosa",270006,"Atalaia",2701,"Maceió"
280010,2800100,"SE","Sergipe",28,"Amparo do São Francisco",280003,"Propriá",2801,"Aracaju"
280020,2800209,"SE","Sergipe",28,"Aquidabã",280003,"Propriá",2801,"Aracaju"
280030,2800308,"SE","Sergipe",28,"Aracaju",280001,"Aracaju",2801,"Aracaju"
280040,2800407,"SE","Sergipe",28,"Arauá",280002,"Estância",2801,"Aracaju"
280050,2800506,"SE","Sergipe",28,"Areia Branca",280004,"Itabaiana",2802,"Itabaiana"
280060,2800605,"SE","Sergipe",28,"Barra dos Coqueiros",280001,"Aracaju",2801,"Aracaju"
280067,2800670,"SE","Sergipe",28,"Boquim",280002,"Estância",2801,"Aracaju"
280070,2800704,"SE","Sergipe",28,"Brejo Grande",280003,"Propriá",2801,"Aracaju"
280100,2801009,"SE","Sergipe",28,"Campo do Brito",280004,"Itabaiana",2802,"Itabaiana"
280110,2801108,"SE","Sergipe",28,"Canhoba",280003,"Propriá",2801,"Aracaju"
280120,2801207,"SE","Sergipe",28,"Canindé de São Francisco",280006,"Nossa Senhora da Glória",2802,"Itabaiana"
280130,2801306,"SE","Sergipe",28,"Capela",280001,"Aracaju",2801,"Aracaju"
280140,2801405,"SE","Sergipe",28,"Carira",280004,"Itabaiana",2802,"Itabaiana"
280150,2801504,"SE","Sergipe",28,"Carmópolis",280001,"Aracaju",2801,"Aracaju"
280160,2801603,"SE","Sergipe",28,"Cedro de São João",280003,"Propriá",2801,"Aracaju"
280170,2801702,"SE","Sergipe",28,"Cristinápolis",280002,"Estância",2801,"Aracaju"
280190,2801900,"SE","Sergipe",28,"Cumbe",280001,"Aracaju",2801,"Aracaju"
280200,2802007,"SE","Sergipe",28,"Divina Pastora",280001,"Aracaju",2801,"Aracaju"
280210,2802106,"SE","Sergipe",28,"Estância",280002,"Estância",2801,"Aracaju"
280220,2802205,"SE","Sergipe",28,"Feira Nova",280006,"Nossa Senhora da Glória",2802,"Itabaiana"
280230,2802304,"SE","Sergipe",28,"Frei Paulo",280004,"Itabaiana",2802,"Itabaiana"
280240,2802403,"SE","Sergipe",28,"Gararu",280006,"Nossa Senhora da Glória",2802,"Itabaiana"
280250,2802502,"SE","Sergipe",28,"General Maynard",280001,"Aracaju",2801,"Aracaju"
280260,2802601,"SE","Sergipe",28,"Gracho Cardoso",280006,"Nossa Senhora da Glória",2802,"Itabaiana"
280270,2802700,"SE","Sergipe",28,"Ilha das Flores",280003,"Propriá",2801,"Aracaju"
280280,2802809,"SE","Sergipe",28,"Indiaroba",280002,"Estância",2801,"Aracaju"
280290,2802908,"SE","Sergipe",28,"Itabaiana",280004,"Itabaiana",2802,"Itabaiana"
280300,2803005,"SE","Sergipe",28,"Itabaianinha",280002,"Estância",2801,"Aracaju"
280310,2803104,"SE","Sergipe",28,"Itabi",280006,"Nossa Senhora da Glória",2802,"Itabaiana"
280320,2803203,"SE","Sergipe",28,"Itaporanga d'Ajuda",280001,"Aracaju",2801,"Aracaju"
280330,2803302,"SE","Sergipe",28,"Japaratuba",280001,"Aracaju",2801,"Aracaju"
280340,2803401,"SE","Sergipe",28,"Japoatã",280003,"Propriá",2801,"Aracaju"
280350,2803500,"SE","Sergipe",28,"Lagarto",280005,"Lagarto",2802,"Itabaiana"
280360,2803609,"SE","Sergipe",28,"Laranjeiras",280001,"Aracaju",2801,"Aracaju"
280370,2803708,"SE","Sergipe",28,"Macambira",280004,"Itabaiana",2802,"Itabaiana"
280380,2803807,"SE","Sergipe",28,"Malhada dos Bois",280003,"Propriá",2801,"Aracaju"
280390,2803906,"SE","Sergipe",28,"Malhador",280004,"Itabaiana",2802,"Itabaiana"
280400,2804003,"SE","Sergipe",28,"Maruim",280001,"Aracaju",2801,"Aracaju"
280410,2804102,"SE","Sergipe",28,"Moita Bonita",280004,"Itabaiana",2802,"Itabaiana"
280420,2804201,"SE","Sergipe",28,"Monte Alegre de Sergipe",280006,"Nossa Senhora da Glória",2802,"Itabaiana"
280430,2804300,"SE","Sergipe",28,"Muribeca",280003,"Propriá",2801,"Aracaju"
280440,2804409,"SE","Sergipe",28,"Neópolis",280003,"Propriá",2801,"Aracaju"
280445,2804458,"SE","Sergipe",28,"Nossa Senhora Aparecida",280004,"Itabaiana",2802,"Itabaiana"
280450,2804508,"SE","Sergipe",28,"Nossa Senhora da Glória",280006,"Nossa Senhora da Glória",2802,"Itabaiana"
280460,2804607,"SE","Sergipe",28,"Nossa Senhora das Dores",280001,"Aracaju",2801,"Aracaju"
280470,2804706,"SE","Sergipe",28,"Nossa Senhora de Lourdes",280003,"Propriá",2801,"Aracaju"
280480,2804805,"SE","Sergipe",28,"Nossa Senhora do Socorro",280001,"Aracaju",2801,"Aracaju"
280490,2804904,"SE","Sergipe",28,"Pacatuba",280003,"Propriá",2801,"Aracaju"
280500,2805000,"SE","Sergipe",28,"Pedra Mole",280004,"Itabaiana",2802,"Itabaiana"
280510,2805109,"SE","Sergipe",28,"Pedrinhas",280002,"Estância",2801,"Aracaju"
280520,2805208,"SE","Sergipe",28,"Pinhão",280004,"Itabaiana",2802,"Itabaiana"
280530,2805307,"SE","Sergipe",28,"Pirambu",280001,"Aracaju",2801,"Aracaju"
280540,2805406,"SE","Sergipe",28,"Poço Redondo",280006,"Nossa Senhora da Glória",2802,"Itabaiana"
280550,2805505,"SE","Sergipe",28,"Poço Verde",280005,"Lagarto",2802,"Itabaiana"
280560,2805604,"SE","Sergipe",28,"Porto da Folha",280006,"Nossa Senhora da Glória",2802,"Itabaiana"
280570,2805703,"SE","Sergipe",28,"Propriá",280003,"Propriá",2801,"Aracaju"
280580,2805802,"SE","Sergipe",28,"Riachão do Dantas",280005,"Lagarto",2802,"Itabaiana"
280590,2805901,"SE","Sergipe",28,"Riachuelo",280001,"Aracaju",2801,"Aracaju"
280600,2806008,"SE","Sergipe",28,"Ribeirópolis",280004,"Itabaiana",2802,"Itabaiana"
280610,2806107,"SE","Sergipe",28,"Rosário do Catete",280001,"Aracaju",2801,"Aracaju"
280620,2806206,"SE","Sergipe",28,"Salgado",280005,"Lagarto",2802,"Itabaiana"
280630,2806305,"SE","Sergipe",28,"Santa Luzia do Itanhy",280002,"Estância",2801,"Aracaju"
280640,2806404,"SE","Sergipe",28,"Santana do São Francisco",280003,"Propriá",2801,"Aracaju"
280650,2806503,"SE","Sergipe",28,"Santa Rosa de Lima",280001,"Aracaju",2801,"Aracaju"
280660,2806602,"SE","Sergipe",28,"Santo Amaro das Brotas",280001,"Aracaju",2801,"Aracaju"
280670,2806701,"SE","Sergipe",28,"São Cristóvão",280001,"Aracaju",2801,"Aracaju"
280680,2806800,"SE","Sergipe",28,"São Domingos",280004,"Itabaiana",2802,"Itabaiana"
280690,2806909,"SE","Sergipe",28,"São Francisco",280003,"Propriá",2801,"Aracaju"
280700,2807006,"SE","Sergipe",28,"São Miguel do Aleixo",280004,"Itabaiana",2802,"Itabaiana"
280710,2807105,"SE","Sergipe",28,"Simão Dias",280005,"Lagarto",2802,"Itabaiana"
280720,2807204,"SE","Sergipe",28,"Siriri",280001,"Aracaju",2801,"Aracaju"
280730,2807303,"SE","Sergipe",28,"Telha",280003,"Propriá",2801,"Aracaju"
280740,2807402,"SE","Sergipe",28,"Tobias Barreto",280005,"Lagarto",2802,"Itabaiana"
280750,2807501,"SE","Sergipe",28,"Tomar do Geru",280002,"Estância",2801,"Aracaju"
280760,2807600,"SE","Sergipe",28,"Umbaúba",280002,"Estância",2801,"Aracaju"
290010,2900108,"BA","Bahia",29,"Abaíra",290013,"Brumado",2904,"Vitória da Conquista"
290020,2900207,"BA","Bahia",29,"Abaré",290024,"Paulo Afonso",2909,"Paulo Afonso"
290030,2900306,"BA","Bahia",29,"Acajutiba",290002,"Alagoinhas",2901,"Salvador"
290035,2900355,"BA","Bahia",29,"Adustina",290027,"Cícero Dantas",2909,"Paulo Afonso"
290040,2900405,"BA","Bahia",29,"Água Fria",290029,"Feira de Santana",2910,"Feira de Santana"
290050,2900504,"BA","Bahia",29,"Érico Cardoso",290013,"Brumado",2904,"Vitória da Conquista"
290060,2900603,"BA","Bahia",29,"Aiquara",290012,"Jequié",2904,"Vitória da Conquista"
290070,2900702,"BA","Bahia",29,"Alagoinhas",290002,"Alagoinhas",2901,"Salvador"
290080,2900801,"BA","Bahia",29,"Alcobaça",290008,"Teixeira de Freitas",2903,"Ilhéus – Itabuna"
290090,2900900,"BA","Bahia",29,"Almadina",290007,"Ilhéus – Itabuna",2903,"Ilhéus – Itabuna"
290100,2901007,"BA","Bahia",29,"Amargosa",290003,"Santo Antônio de Jesus",2902,"Santo Antônio de Jesus"
290110,2901106,"BA","Bahia",29,"Amélia Rodrigues",290029,"Feira de Santana",2910,"Feira de Santana"
290115,2901155,"BA","Bahia",29,"América Dourada",290020,"Irecê",2907,"Irecê"
290120,2901205,"BA","Bahia",29,"Anagé",290011,"Vitória da Conquista",2904,"Vitória da Conquista"
290130,2901304,"BA","Bahia",29,"Andaraí",290031,"Itaberaba",2910,"Feira de Santana"
290135,2901353,"BA","Bahia",29,"Andorinha",290023,"Senhor do Bonfim",2908,"Juazeiro"
290140,2901403,"BA","Bahia",29,"Angical",290018,"Barreiras",2906,"Barreiras"
290150,2901502,"BA","Bahia",29,"Anguera",290029,"Feira de Santana",2910,"Feira de Santana"
290160,2901601,"BA","Bahia",29,"Antas",290027,"Cícero Dantas",2909,"Paulo Afonso"
290170,2901700,"BA","Bahia",29,"Antônio Cardoso",290029,"Feira de Santana",2910,"Feira de Santana"
290180,2901809,"BA","Bahia",29,"Antônio Gonçalves",290023,"Senhor do Bonfim",2908,"Juazeiro"
290190,2901908,"BA","Bahia",29,"Aporá",290002,"Alagoinhas",2901,"Salvador"
290195,2901957,"BA","Bahia",29,"Apuarema",290012,"Jequié",2904,"Vitória da Conquista"
290200,2902005,"BA","Bahia",29,"Aracatu",290013,"Brumado",2904,"Vitória da Conquista"
290205,2902054,"BA","Bahia",29,"Araçás",290002,"Alagoinhas",2901,"Salvador"
290210,2902104,"BA","Bahia",29,"Araci",290033,"Serrinha",2910,"Feira de Santana"
290220,2902203,"BA","Bahia",29,"Aramari",290002,"Alagoinhas",2901,"Salvador"
290225,2902252,"BA","Bahia",29,"Arataca",290010,"Camacan",2903,"Ilhéus – Itabuna"
290230,2902302,"BA","Bahia",29,"Aratuípe",290006,"Nazaré – Maragogipe",2902,"Santo Antônio de Jesus"
290240,2902401,"BA","Bahia",29,"Aurelino Leal",290007,"Ilhéus – Itabuna",2903,"Ilhéus – Itabuna"
290250,2902500,"BA","Bahia",29,"Baianópolis",290018,"Barreiras",2906,"Barreiras"
290260,2902609,"BA","Bahia",29,"Baixa Grande",290029,"Feira de Santana",2910,"Feira de Santana"
290265,2902658,"BA","Bahia",29,"Banzaê",290025,"Ribeira do Pombal",2909,"Paulo Afonso"
290270,2902708,"BA","Bahia",29,"Barra",290021,"Xique-Xique – Barra",2907,"Irecê"
290280,2902807,"BA","Bahia",29,"Barra da Estiva",290011,"Vitória da Conquista",2904,"Vitória da Conquista"
290290,2902906,"BA","Bahia",29,"Barra do Choça",290011,"Vitória da Conquista",2904,"Vitória da Conquista"
290300,2903003,"BA","Bahia",29,"Barra do Mendes",290020,"Irecê",2907,"Irecê"
290310,2903102,"BA","Bahia",29,"Barra do Rocha",290014,"Ipiaú",2904,"Vitória da Conquista"
290320,2903201,"BA","Bahia",29,"Barreiras",290018,"Barreiras",2906,"Barreiras"
290323,2903235,"BA","Bahia",29,"Barro Alto",290020,"Irecê",2907,"Irecê"
290327,2903276,"BA","Bahia",29,"Barrocas",290033,"Serrinha",2910,"Feira de Santana"
290330,2903300,"BA","Bahia",29,"Barro Preto",290007,"Ilhéus – Itabuna",2903,"Ilhéus – Itabuna"
290340,2903409,"BA","Bahia",29,"Belmonte",290009,"Eunápolis - Porto Seguro",2903,"Ilhéus – Itabuna"
290350,2903508,"BA","Bahia",29,"Belo Campo",290011,"Vitória da Conquista",2904,"Vitória da Conquista"
290360,2903607,"BA","Bahia",29,"Biritinga",290033,"Serrinha",2910,"Feira de Santana"
290370,2903706,"BA","Bahia",29,"Boa Nova",290011,"Vitória da Conquista",2904,"Vitória da Conquista"
290380,2903805,"BA","Bahia",29,"Boa Vista do Tupim",290031,"Itaberaba",2910,"Feira de Santana"
290390,2903904,"BA","Bahia",29,"Bom Jesus da Lapa",290017,"Bom Jesus da Lapa",2905,"Guanambi"
290395,2903953,"BA","Bahia",29,"Bom Jesus da Serra",290011,"Vitória da Conquista",2904,"Vitória da Conquista"
290400,2904001,"BA","Bahia",29,"Boninal",290034,"Seabra",2910,"Feira de Santana"
290405,2904050,"BA","Bahia",29,"Bonito",290020,"Irecê",2907,"Irecê"
290410,2904100,"BA","Bahia",29,"Boquira",290017,"Bom Jesus da Lapa",2905,"Guanambi"
290420,2904209,"BA","Bahia",29,"Botuporã",290016,"Guanambi",2905,"Guanambi"
290430,2904308,"BA","Bahia",29,"Brejões",290003,"Santo Antônio de Jesus",2902,"Santo Antônio de Jesus"
290440,2904407,"BA","Bahia",29,"Brejolândia",290018,"Barreiras",2906,"Barreiras"
290450,2904506,"BA","Bahia",29,"Brotas de Macaúbas",290021,"Xique-Xique – Barra",2907,"Irecê"
290460,2904605,"BA","Bahia",29,"Brumado",290013,"Brumado",2904,"Vitória da Conquista"
290470,2904704,"BA","Bahia",29,"Buerarema",290007,"Ilhéus – Itabuna",2903,"Ilhéus – Itabuna"
290475,2904753,"BA","Bahia",29,"Buritirama",290021,"Xique-Xique – Barra",2907,"Irecê"
290480,2904803,"BA","Bahia",29,"Caatiba",290011,"Vitória da Conquista",2904,"Vitória da Conquista"
290485,2904852,"BA","Bahia",29,"Cabaceiras do Paraguaçu",290004,"Cruz das Almas",2902,"Santo Antônio de Jesus"
290490,2904902,"BA","Bahia",29,"Cachoeira",290004,"Cruz das Almas",2902,"Santo Antônio de Jesus"
290500,2905008,"BA","Bahia",29,"Caculé",290016,"Guanambi",2905,"Guanambi"
290510,2905107,"BA","Bahia",29,"Caém",290030,"Jacobina",2910,"Feira de Santana"
290515,2905156,"BA","Bahia",29,"Caetanos",290011,"Vitória da Conquista",2904,"Vitória da Conquista"
290520,2905206,"BA","Bahia",29,"Caetité",290016,"Guanambi",2905,"Guanambi"
290530,2905305,"BA","Bahia",29,"Cafarnaum",290020,"Irecê",2907,"Irecê"
290540,2905404,"BA","Bahia",29,"Cairu",290005,"Valença",2902,"Santo Antônio de Jesus"
290550,2905503,"BA","Bahia",29,"Caldeirão Grande",290030,"Jacobina",2910,"Feira de Santana"
290560,2905602,"BA","Bahia",29,"Camacan",290010,"Camacan",2903,"Ilhéus – Itabuna"
290570,2905701,"BA","Bahia",29,"Camaçari",290001,"Salvador",2901,"Salvador"
290580,2905800,"BA","Bahia",29,"Camamu",290005,"Valença",2902,"Santo Antônio de Jesus"
290590,2905909,"BA","Bahia",29,"Campo Alegre de Lourdes",290022,"Juazeiro",2908,"Juazeiro"
290600,2906006,"BA","Bahia",29,"Campo Formoso",290023,"Senhor do Bonfim",2908,"Juazeiro"
290610,2906105,"BA","Bahia",29,"Canápolis",290019,"Santa Maria da Vitoria",2906,"Barreiras"
290620,2906204,"BA","Bahia",29,"Canarana",290020,"Irecê",2907,"Irecê"
290630,2906303,"BA","Bahia",29,"Canavieiras",290010,"Camacan",2903,"Ilhéus – Itabuna"
290640,2906402,"BA","Bahia",29,"Candeal",290029,"Feira de Santana",2910,"Feira de Santana"
290650,2906501,"BA","Bahia",29,"Candeias",290001,"Salvador",2901,"Salvador"
290660,2906600,"BA","Bahia",29,"Candiba",290016,"Guanambi",2905,"Guanambi"
290670,2906709,"BA","Bahia",29,"Cândido Sales",290011,"Vitória da Conquista",2904,"Vitória da Conquista"
290680,2906808,"BA","Bahia",29,"Cansanção",290026,"Euclides da Cunha",2909,"Paulo Afonso"
290682,2906824,"BA","Bahia",29,"Canudos",290026,"Euclides da Cunha",2909,"Paulo Afonso"
290685,2906857,"BA","Bahia",29,"Capela do Alto Alegre",290029,"Feira de Santana",2910,"Feira de Santana"
290687,2906873,"BA","Bahia",29,"Capim Grosso",290030,"Jacobina",2910,"Feira de Santana"
290689,2906899,"BA","Bahia",29,"Caraíbas",290011,"Vitória da Conquista",2904,"Vitória da Conquista"
290690,2906907,"BA","Bahia",29,"Caravelas",290008,"Teixeira de Freitas",2903,"Ilhéus – Itabuna"
290700,2907004,"BA","Bahia",29,"Cardeal da Silva",290002,"Alagoinhas",2901,"Salvador"
290710,2907103,"BA","Bahia",29,"Carinhanha",290016,"Guanambi",2905,"Guanambi"
290720,2907202,"BA","Bahia",29,"Casa Nova",290022,"Juazeiro",2908,"Juazeiro"
290730,2907301,"BA","Bahia",29,"Castro Alves",290004,"Cruz das Almas",2902,"Santo Antônio de Jesus"
290740,2907400,"BA","Bahia",29,"Catolândia",290018,"Barreiras",2906,"Barreiras"
290750,2907509,"BA","Bahia",29,"Catu",290001,"Salvador",2901,"Salvador"
290755,2907558,"BA","Bahia",29,"Caturama",290013,"Brumado",2904,"Vitória da Conquista"
290760,2907608,"BA","Bahia",29,"Central",290020,"Irecê",2907,"Irecê"
290770,2907707,"BA","Bahia",29,"Chorrochó",290024,"Paulo Afonso",2909,"Paulo Afonso"
290780,2907806,"BA","Bahia",29,"Cícero Dantas",290027,"Cícero Dantas",2909,"Paulo Afonso"
290790,2907905,"BA","Bahia",29,"Cipó",290025,"Ribeira do Pombal",2909,"Paulo Afonso"
290800,2908002,"BA","Bahia",29,"Coaraci",290007,"Ilhéus – Itabuna",2903,"Ilhéus – Itabuna"
290810,2908101,"BA","Bahia",29,"Cocos",290019,"Santa Maria da Vitoria",2906,"Barreiras"
290820,2908200,"BA","Bahia",29,"Conceição da Feira",290029,"Feira de Santana",2910,"Feira de Santana"
290830,2908309,"BA","Bahia",29,"Conceição do Almeida",290004,"Cruz das Almas",2902,"Santo Antônio de Jesus"
290840,2908408,"BA","Bahia",29,"Conceição do Coité",290032,"Conceição do Coité",2910,"Feira de Santana"
290850,2908507,"BA","Bahia",29,"Conceição do Jacuípe",290029,"Feira de Santana",2910,"Feira de Santana"
290860,2908606,"BA","Bahia",29,"Conde",290002,"Alagoinhas",2901,"Salvador"
290870,2908705,"BA","Bahia",29,"Condeúba",290011,"Vitória da Conquista",2904,"Vitória da Conquista"
290880,2908804,"BA","Bahia",29,"Contendas do Sincorá",290011,"Vitória da Conquista",2904,"Vitória da Conquista"
290890,2908903,"BA","Bahia",29,"Coração de Maria",290029,"Feira de Santana",2910,"Feira de Santana"
290900,2909000,"BA","Bahia",29,"Cordeiros",290011,"Vitória da Conquista",2904,"Vitória da Conquista"
290910,2909109,"BA","Bahia",29,"Coribe",290019,"Santa Maria da Vitoria",2906,"Barreiras"
290920,2909208,"BA","Bahia",29,"Coronel João Sá",290028,"Jeremoabo",2909,"Paulo Afonso"
290930,2909307,"BA","Bahia",29,"Correntina",290019,"Santa Maria da Vitoria",2906,"Barreiras"
290940,2909406,"BA","Bahia",29,"Cotegipe",290018,"Barreiras",2906,"Barreiras"
290950,2909505,"BA","Bahia",29,"Cravolândia",290012,"Jequié",2904,"Vitória da Conquista"
290960,2909604,"BA","Bahia",29,"Crisópolis",290002,"Alagoinhas",2901,"Salvador"
290970,2909703,"BA","Bahia",29,"Cristópolis",290018,"Barreiras",2906,"Barreiras"
290980,2909802,"BA","Bahia",29,"Cruz das Almas",290004,"Cruz das Almas",2902,"Santo Antônio de Jesus"
290990,2909901,"BA","Bahia",29,"Curaçá",290022,"Juazeiro",2908,"Juazeiro"
291000,2910008,"BA","Bahia",29,"Dário Meira",290014,"Ipiaú",2904,"Vitória da Conquista"
291005,2910057,"BA","Bahia",29,"Dias d'Ávila",290001,"Salvador",2901,"Salvador"
291010,2910107,"BA","Bahia",29,"Dom Basílio",290013,"Brumado",2904,"Vitória da Conquista"
291020,2910206,"BA","Bahia",29,"Dom Macedo Costa",290003,"Santo Antônio de Jesus",2902,"Santo Antônio de Jesus"
291030,2910305,"BA","Bahia",29,"Elísio Medrado",290003,"Santo Antônio de Jesus",2902,"Santo Antônio de Jesus"
291040,2910404,"BA","Bahia",29,"Encruzilhada",290011,"Vitória da Conquista",2904,"Vitória da Conquista"
291050,2910503,"BA","Bahia",29,"Entre Rios",290002,"Alagoinhas",2901,"Salvador"
291060,2910602,"BA","Bahia",29,"Esplanada",290002,"Alagoinhas",2901,"Salvador"
291070,2910701,"BA","Bahia",29,"Euclides da Cunha",290026,"Euclides da Cunha",2909,"Paulo Afonso"
291072,2910727,"BA","Bahia",29,"Eunápolis",290009,"Eunápolis - Porto Seguro",2903,"Ilhéus – Itabuna"
291075,2910750,"BA","Bahia",29,"Fátima",290027,"Cícero Dantas",2909,"Paulo Afonso"
291077,2910776,"BA","Bahia",29,"Feira da Mata",290016,"Guanambi",2905,"Guanambi"
291080,2910800,"BA","Bahia",29,"Feira de Santana",290029,"Feira de Santana",2910,"Feira de Santana"
291085,2910859,"BA","Bahia",29,"Filadélfia",290023,"Senhor do Bonfim",2908,"Juazeiro"
291090,2910909,"BA","Bahia",29,"Firmino Alves",290007,"Ilhéus – Itabuna",2903,"Ilhéus – Itabuna"
291100,2911006,"BA","Bahia",29,"Floresta Azul",290007,"Ilhéus – Itabuna",2903,"Ilhéus – Itabuna"
291110,2911105,"BA","Bahia",29,"Formosa do Rio Preto",290018,"Barreiras",2906,"Barreiras"
291120,2911204,"BA","Bahia",29,"Gandu",290014,"Ipiaú",2904,"Vitória da Conquista"
291125,2911253,"BA","Bahia",29,"Gavião",290029,"Feira de Santana",2910,"Feira de Santana"
291130,2911303,"BA","Bahia",29,"Gentio do Ouro",290021,"Xique-Xique – Barra",2907,"Irecê"
291140,2911402,"BA","Bahia",29,"Glória",290024,"Paulo Afonso",2909,"Paulo Afonso"
291150,2911501,"BA","Bahia",29,"Gongogi",290014,"Ipiaú",2904,"Vitória da Conquista"
291160,2911600,"BA","Bahia",29,"Governador Mangabeira",290004,"Cruz das Almas",2902,"Santo Antônio de Jesus"
291165,2911659,"BA","Bahia",29,"Guajeru",290016,"Guanambi",2905,"Guanambi"
291170,2911709,"BA","Bahia",29,"Guanambi",290016,"Guanambi",2905,"Guanambi"
291180,2911808,"BA","Bahia",29,"Guaratinga",290009,"Eunápolis - Porto Seguro",2903,"Ilhéus – Itabuna"
291185,2911857,"BA","Bahia",29,"Heliópolis",290027,"Cícero Dantas",2909,"Paulo Afonso"
291190,2911907,"BA","Bahia",29,"Iaçu",290031,"Itaberaba",2910,"Feira de Santana"
291200,2912004,"BA","Bahia",29,"Ibiassucê",290016,"Guanambi",2905,"Guanambi"
291210,2912103,"BA","Bahia",29,"Ibicaraí",290007,"Ilhéus – Itabuna",2903,"Ilhéus – Itabuna"
291220,2912202,"BA","Bahia",29,"Ibicoara",290011,"Vitória da Conquista",2904,"Vitória da Conquista"
291230,2912301,"BA","Bahia",29,"Ibicuí",290007,"Ilhéus – Itabuna",2903,"Ilhéus – Itabuna"
291240,2912400,"BA","Bahia",29,"Ibipeba",290020,"Irecê",2907,"Irecê"
291250,2912509,"BA","Bahia",29,"Ibipitanga",290017,"Bom Jesus da Lapa",2905,"Guanambi"
291260,2912608,"BA","Bahia",29,"Ibiquera",290031,"Itaberaba",2910,"Feira de Santana"
291270,2912707,"BA","Bahia",29,"Ibirapitanga",290007,"Ilhéus – Itabuna",2903,"Ilhéus – Itabuna"
291280,2912806,"BA","Bahia",29,"Ibirapuã",290008,"Teixeira de Freitas",2903,"Ilhéus – Itabuna"
291290,2912905,"BA","Bahia",29,"Ibirataia",290014,"Ipiaú",2904,"Vitória da Conquista"
291300,2913002,"BA","Bahia",29,"Ibitiara",290034,"Seabra",2910,"Feira de Santana"
291310,2913101,"BA","Bahia",29,"Ibititá",290020,"Irecê",2907,"Irecê"
291320,2913200,"BA","Bahia",29,"Ibotirama",290021,"Xique-Xique – Barra",2907,"Irecê"
291330,2913309,"BA","Bahia",29,"Ichu",290029,"Feira de Santana",2910,"Feira de Santana"
291340,2913408,"BA","Bahia",29,"Igaporã",290016,"Guanambi",2905,"Guanambi"
291345,2913457,"BA","Bahia",29,"Igrapiúna",290005,"Valença",2902,"Santo Antônio de Jesus"
291350,2913507,"BA","Bahia",29,"Iguaí",290011,"Vitória da Conquista",2904,"Vitória da Conquista"
291360,2913606,"BA","Bahia",29,"Ilhéus",290007,"Ilhéus – Itabuna",2903,"Ilhéus – Itabuna"
291370,2913705,"BA","Bahia",29,"Inhambupe",290002,"Alagoinhas",2901,"Salvador"
291380,2913804,"BA","Bahia",29,"Ipecaetá",290029,"Feira de Santana",2910,"Feira de Santana"
291390,2913903,"BA","Bahia",29,"Ipiaú",290014,"Ipiaú",2904,"Vitória da Conquista"
291400,2914000,"BA","Bahia",29,"Ipirá",290029,"Feira de Santana",2910,"Feira de Santana"
291410,2914109,"BA","Bahia",29,"Ipupiara",290021,"Xique-Xique – Barra",2907,"Irecê"
291420,2914208,"BA","Bahia",29,"Irajuba",290012,"Jequié",2904,"Vitória da Conquista"
291430,2914307,"BA","Bahia",29,"Iramaia",290011,"Vitória da Conquista",2904,"Vitória da Conquista"
291440,2914406,"BA","Bahia",29,"Iraquara",290034,"Seabra",2910,"Feira de Santana"
291450,2914505,"BA","Bahia",29,"Irará",290029,"Feira de Santana",2910,"Feira de Santana"
291460,2914604,"BA","Bahia",29,"Irecê",290020,"Irecê",2907,"Irecê"
291465,2914653,"BA","Bahia",29,"Itabela",290009,"Eunápolis - Porto Seguro",2903,"Ilhéus – Itabuna"
291470,2914703,"BA","Bahia",29,"Itaberaba",290031,"Itaberaba",2910,"Feira de Santana"
291480,2914802,"BA","Bahia",29,"Itabuna",290007,"Ilhéus – Itabuna",2903,"Ilhéus – Itabuna"
291490,2914901,"BA","Bahia",29,"Itacaré",290007,"Ilhéus – Itabuna",2903,"Ilhéus – Itabuna"
291500,2915007,"BA","Bahia",29,"Itaeté",290031,"Itaberaba",2910,"Feira de Santana"
291510,2915106,"BA","Bahia",29,"Itagi",290012,"Jequié",2904,"Vitória da Conquista"
291520,2915205,"BA","Bahia",29,"Itagibá",290014,"Ipiaú",2904,"Vitória da Conquista"
291530,2915304,"BA","Bahia",29,"Itagimirim",290009,"Eunápolis - Porto Seguro",2903,"Ilhéus – Itabuna"
291535,2915353,"BA","Bahia",29,"Itaguaçu da Bahia",290020,"Irecê",2907,"Irecê"
291540,2915403,"BA","Bahia",29,"Itaju do Colônia",290007,"Ilhéus – Itabuna",2903,"Ilhéus – Itabuna"
291550,2915502,"BA","Bahia",29,"Itajuípe",290007,"Ilhéus – Itabuna",2903,"Ilhéus – Itabuna"
291560,2915601,"BA","Bahia",29,"Itamaraju",290008,"Teixeira de Freitas",2903,"Ilhéus – Itabuna"
291570,2915700,"BA","Bahia",29,"Itamari",290014,"Ipiaú",2904,"Vitória da Conquista"
291580,2915809,"BA","Bahia",29,"Itambé",290011,"Vitória da Conquista",2904,"Vitória da Conquista"
291590,2915908,"BA","Bahia",29,"Itanagra",290001,"Salvador",2901,"Salvador"
291600,2916005,"BA","Bahia",29,"Itanhém",290008,"Teixeira de Freitas",2903,"Ilhéus – Itabuna"
291610,2916104,"BA","Bahia",29,"Itaparica",290006,"Nazaré – Maragogipe",2902,"Santo Antônio de Jesus"
291620,2916203,"BA","Bahia",29,"Itapé",290007,"Ilhéus – Itabuna",2903,"Ilhéus – Itabuna"
291630,2916302,"BA","Bahia",29,"Itapebi",290009,"Eunápolis - Porto Seguro",2903,"Ilhéus – Itabuna"
291640,2916401,"BA","Bahia",29,"Itapetinga",290015,"Itapetinga",2904,"Vitória da Conquista"
291650,2916500,"BA","Bahia",29,"Itapicuru",290002,"Alagoinhas",2901,"Salvador"
291660,2916609,"BA","Bahia",29,"Itapitanga",290007,"Ilhéus – Itabuna",2903,"Ilhéus – Itabuna"
291670,2916708,"BA","Bahia",29,"Itaquara",290012,"Jequié",2904,"Vitória da Conquista"
291680,2916807,"BA","Bahia",29,"Itarantim",290015,"Itapetinga",2904,"Vitória da Conquista"
291685,2916856,"BA","Bahia",29,"Itatim",290004,"Cruz das Almas",2902,"Santo Antônio de Jesus"
291690,2916906,"BA","Bahia",29,"Itiruçu",290012,"Jequié",2904,"Vitória da Conquista"
291700,2917003,"BA","Bahia",29,"Itiúba",290023,"Senhor do Bonfim",2908,"Juazeiro"
291710,2917102,"BA","Bahia",29,"Itororó",290015,"Itapetinga",2904,"Vitória da Conquista"
291720,2917201,"BA","Bahia",29,"Ituaçu",290011,"Vitória da Conquista",2904,"Vitória da Conquista"
291730,2917300,"BA","Bahia",29,"Ituberá",290005,"Valença",2902,"Santo Antônio de Jesus"
291733,2917334,"BA","Bahia",29,"Iuiu",290016,"Guanambi",2905,"Guanambi"
291735,2917359,"BA","Bahia",29,"Jaborandi",290019,"Santa Maria da Vitoria",2906,"Barreiras"
291740,2917409,"BA","Bahia",29,"Jacaraci",290016,"Guanambi",2905,"Guanambi"
291750,2917508,"BA","Bahia",29,"Jacobina",290030,"Jacobina",2910,"Feira de Santana"
291760,2917607,"BA","Bahia",29,"Jaguaquara",290012,"Jequié",2904,"Vitória da Conquista"
291770,2917706,"BA","Bahia",29,"Jaguarari",290023,"Senhor do Bonfim",2908,"Juazeiro"
291780,2917805,"BA","Bahia",29,"Jaguaripe",290006,"Nazaré – Maragogipe",2902,"Santo Antônio de Jesus"
291790,2917904,"BA","Bahia",29,"Jandaíra",290002,"Alagoinhas",2901,"Salvador"
291800,2918001,"BA","Bahia",29,"Jequié",290012,"Jequié",2904,"Vitória da Conquista"
291810,2918100,"BA","Bahia",29,"Jeremoabo",290028,"Jeremoabo",2909,"Paulo Afonso"
291820,2918209,"BA","Bahia",29,"Jiquiriçá",290003,"Santo Antônio de Jesus",2902,"Santo Antônio de Jesus"
291830,2918308,"BA","Bahia",29,"Jitaúna",290012,"Jequié",2904,"Vitória da Conquista"
291835,2918357,"BA","Bahia",29,"João Dourado",290020,"Irecê",2907,"Irecê"
291840,2918407,"BA","Bahia",29,"Juazeiro",290022,"Juazeiro",2908,"Juazeiro"
291845,2918456,"BA","Bahia",29,"Jucuruçu",290008,"Teixeira de Freitas",2903,"Ilhéus – Itabuna"
291850,2918506,"BA","Bahia",29,"Jussara",290020,"Irecê",2907,"Irecê"
291855,2918555,"BA","Bahia",29,"Jussari",290010,"Camacan",2903,"Ilhéus – Itabuna"
291860,2918605,"BA","Bahia",29,"Jussiape",290013,"Brumado",2904,"Vitória da Conquista"
291870,2918704,"BA","Bahia",29,"Lafaiete Coutinho",290012,"Jequié",2904,"Vitória da Conquista"
291875,2918753,"BA","Bahia",29,"Lagoa Real",290016,"Guanambi",2905,"Guanambi"
291880,2918803,"BA","Bahia",29,"Laje",290003,"Santo Antônio de Jesus",2902,"Santo Antônio de Jesus"
291890,2918902,"BA","Bahia",29,"Lajedão",290008,"Teixeira de Freitas",2903,"Ilhéus – Itabuna"
291900,2919009,"BA","Bahia",29,"Lajedinho",290031,"Itaberaba",2910,"Feira de Santana"
291905,2919058,"BA","Bahia",29,"Lajedo do Tabocal",290012,"Jequié",2904,"Vitória da Conquista"
291910,2919108,"BA","Bahia",29,"Lamarão",290029,"Feira de Santana",2910,"Feira de Santana"
291915,2919157,"BA","Bahia",29,"Lapão",290020,"Irecê",2907,"Irecê"
291920,2919207,"BA","Bahia",29,"Lauro de Freitas",290001,"Salvador",2901,"Salvador"
291930,2919306,"BA","Bahia",29,"Lençóis",290034,"Seabra",2910,"Feira de Santana"
291940,2919405,"BA","Bahia",29,"Licínio de Almeida",290016,"Guanambi",2905,"Guanambi"
291950,2919504,"BA","Bahia",29,"Livramento de Nossa Senhora",290013,"Brumado",2904,"Vitória da Conquista"
291955,2919553,"BA","Bahia",29,"Luís Eduardo Magalhães",290018,"Barreiras",2906,"Barreiras"
291960,2919603,"BA","Bahia",29,"Macajuba",290029,"Feira de Santana",2910,"Feira de Santana"
291970,2919702,"BA","Bahia",29,"Macarani",290015,"Itapetinga",2904,"Vitória da Conquista"
291980,2919801,"BA","Bahia",29,"Macaúbas",290017,"Bom Jesus da Lapa",2905,"Guanambi"
291990,2919900,"BA","Bahia",29,"Macururé",290024,"Paulo Afonso",2909,"Paulo Afonso"
291992,2919926,"BA","Bahia",29,"Madre de Deus",290001,"Salvador",2901,"Salvador"
291995,2919959,"BA","Bahia",29,"Maetinga",290011,"Vitória da Conquista",2904,"Vitória da Conquista"
292000,2920007,"BA","Bahia",29,"Maiquinique",290015,"Itapetinga",2904,"Vitória da Conquista"
292010,2920106,"BA","Bahia",29,"Mairi",290029,"Feira de Santana",2910,"Feira de Santana"
292020,2920205,"BA","Bahia",29,"Malhada",290016,"Guanambi",2905,"Guanambi"
292030,2920304,"BA","Bahia",29,"Malhada de Pedras",290013,"Brumado",2904,"Vitória da Conquista"
292040,2920403,"BA","Bahia",29,"Manoel Vitorino",290012,"Jequié",2904,"Vitória da Conquista"
292045,2920452,"BA","Bahia",29,"Mansidão",290018,"Barreiras",2906,"Barreiras"
292050,2920502,"BA","Bahia",29,"Maracás",290012,"Jequié",2904,"Vitória da Conquista"
292060,2920601,"BA","Bahia",29,"Maragogipe",290006,"Nazaré – Maragogipe",2902,"Santo Antônio de Jesus"
292070,2920700,"BA","Bahia",29,"Maraú",290007,"Ilhéus – Itabuna",2903,"Ilhéus – Itabuna"
292080,2920809,"BA","Bahia",29,"Marcionílio Souza",290031,"Itaberaba",2910,"Feira de Santana"
292090,2920908,"BA","Bahia",29,"Mascote",290010,"Camacan",2903,"Ilhéus – Itabuna"
292100,2921005,"BA","Bahia",29,"Mata de São João",290001,"Salvador",2901,"Salvador"
292105,2921054,"BA","Bahia",29,"Matina",290016,"Guanambi",2905,"Guanambi"
292110,2921104,"BA","Bahia",29,"Medeiros Neto",290008,"Teixeira de Freitas",2903,"Ilhéus – Itabuna"
292120,2921203,"BA","Bahia",29,"Miguel Calmon",290030,"Jacobina",2910,"Feira de Santana"
292130,2921302,"BA","Bahia",29,"Milagres",290003,"Santo Antônio de Jesus",2902,"Santo Antônio de Jesus"
292140,2921401,"BA","Bahia",29,"Mirangaba",290030,"Jacobina",2910,"Feira de Santana"
292145,2921450,"BA","Bahia",29,"Mirante",290011,"Vitória da Conquista",2904,"Vitória da Conquista"
292150,2921500,"BA","Bahia",29,"Monte Santo",290026,"Euclides da Cunha",2909,"Paulo Afonso"
292160,2921609,"BA","Bahia",29,"Morpará",290021,"Xique-Xique – Barra",2907,"Irecê"
292170,2921708,"BA","Bahia",29,"Morro do Chapéu",290020,"Irecê",2907,"Irecê"
292180,2921807,"BA","Bahia",29,"Mortugaba",290016,"Guanambi",2905,"Guanambi"
292190,2921906,"BA","Bahia",29,"Mucugê",290034,"Seabra",2910,"Feira de Santana"
292200,2922003,"BA","Bahia",29,"Mucuri",290008,"Teixeira de Freitas",2903,"Ilhéus – Itabuna"
292205,2922052,"BA","Bahia",29,"Mulungu do Morro",290020,"Irecê",2907,"Irecê"
292210,2922102,"BA","Bahia",29,"Mundo Novo",290029,"Feira de Santana",2910,"Feira de Santana"
292220,2922201,"BA","Bahia",29,"Muniz Ferreira",290003,"Santo Antônio de Jesus",2902,"Santo Antônio de Jesus"
292225,2922250,"BA","Bahia",29,"Muquém do São Francisco",290021,"Xique-Xique – Barra",2907,"Irecê"
292230,2922300,"BA","Bahia",29,"Muritiba",290004,"Cruz das Almas",2902,"Santo Antônio de Jesus"
292240,2922409,"BA","Bahia",29,"Mutuípe",290003,"Santo Antônio de Jesus",2902,"Santo Antônio de Jesus"
292250,2922508,"BA","Bahia",29,"Nazaré",290006,"Nazaré – Maragogipe",2902,"Santo Antônio de Jesus"
292260,2922607,"BA","Bahia",29,"Nilo Peçanha",290005,"Valença",2902,"Santo Antônio de Jesus"
292265,2922656,"BA","Bahia",29,"Nordestina",290032,"Conceição do Coité",2910,"Feira de Santana"
292270,2922706,"BA","Bahia",29,"Nova Canaã",290011,"Vitória da Conquista",2904,"Vitória da Conquista"
292273,2922730,"BA","Bahia",29,"Nova Fátima",290029,"Feira de Santana",2910,"Feira de Santana"
292275,2922755,"BA","Bahia",29,"Nova Ibiá",290014,"Ipiaú",2904,"Vitória da Conquista"
292280,2922805,"BA","Bahia",29,"Nova Itarana",290003,"Santo Antônio de Jesus",2902,"Santo Antônio de Jesus"
292285,2922854,"BA","Bahia",29,"Nova Redenção",290031,"Itaberaba",2910,"Feira de Santana"
292290,2922904,"BA","Bahia",29,"Nova Soure",290025,"Ribeira do Pombal",2909,"Paulo Afonso"
292300,2923001,"BA","Bahia",29,"Nova Viçosa",290008,"Teixeira de Freitas",2903,"Ilhéus – Itabuna"
292303,2923035,"BA","Bahia",29,"Novo Horizonte",290034,"Seabra",2910,"Feira de Santana"
292305,2923050,"BA","Bahia",29,"Novo Triunfo",290028,"Jeremoabo",2909,"Paulo Afonso"
292310,2923100,"BA","Bahia",29,"Olindina",290025,"Ribeira do Pombal",2909,"Paulo Afonso"
292320,2923209,"BA","Bahia",29,"Oliveira dos Brejinhos",290021,"Xique-Xique – Barra",2907,"Irecê"
292330,2923308,"BA","Bahia",29,"Ouriçangas",290029,"Feira de Santana",2910,"Feira de Santana"
292335,2923357,"BA","Bahia",29,"Ourolândia",290030,"Jacobina",2910,"Feira de Santana"
292340,2923407,"BA","Bahia",29,"Palmas de Monte Alto",290016,"Guanambi",2905,"Guanambi"
292350,2923506,"BA","Bahia",29,"Palmeiras",290034,"Seabra",2910,"Feira de Santana"
292360,2923605,"BA","Bahia",29,"Paramirim",290013,"Brumado",2904,"Vitória da Conquista"
292370,2923704,"BA","Bahia",29,"Paratinga",290017,"Bom Jesus da Lapa",2905,"Guanambi"
292380,2923803,"BA","Bahia",29,"Paripiranga",290027,"Cícero Dantas",2909,"Paulo Afonso"
292390,2923902,"BA","Bahia",29,"Pau Brasil",290010,"Camacan",2903,"Ilhéus – Itabuna"
292400,2924009,"BA","Bahia",29,"Paulo Afonso",290024,"Paulo Afonso",2909,"Paulo Afonso"
292405,2924058,"BA","Bahia",29,"Pé de Serra",290029,"Feira de Santana",2910,"Feira de Santana"
292410,2924108,"BA","Bahia",29,"Pedrão",290002,"Alagoinhas",2901,"Salvador"
292420,2924207,"BA","Bahia",29,"Pedro Alexandre",290028,"Jeremoabo",2909,"Paulo Afonso"
292430,2924306,"BA","Bahia",29,"Piatã",290034,"Seabra",2910,"Feira de Santana"
292440,2924405,"BA","Bahia",29,"Pilão Arcado",290022,"Juazeiro",2908,"Juazeiro"
292450,2924504,"BA","Bahia",29,"Pindaí",290016,"Guanambi",2905,"Guanambi"
292460,2924603,"BA","Bahia",29,"Pindobaçu",290023,"Senhor do Bonfim",2908,"Juazeiro"
292465,2924652,"BA","Bahia",29,"Pintadas",290029,"Feira de Santana",2910,"Feira de Santana"
292467,2924678,"BA","Bahia",29,"Piraí do Norte",290014,"Ipiaú",2904,"Vitória da Conquista"
292470,2924702,"BA","Bahia",29,"Piripá",290011,"Vitória da Conquista",2904,"Vitória da Conquista"
292480,2924801,"BA","Bahia",29,"Piritiba",290030,"Jacobina",2910,"Feira de Santana"
292490,2924900,"BA","Bahia",29,"Planaltino",290012,"Jequié",2904,"Vitória da Conquista"
292500,2925006,"BA","Bahia",29,"Planalto",290011,"Vitória da Conquista",2904,"Vitória da Conquista"
292510,2925105,"BA","Bahia",29,"Poções",290011,"Vitória da Conquista",2904,"Vitória da Conquista"
292520,2925204,"BA","Bahia",29,"Pojuca",290001,"Salvador",2901,"Salvador"
292525,2925253,"BA","Bahia",29,"Ponto Novo",290023,"Senhor do Bonfim",2908,"Juazeiro"
292530,2925303,"BA","Bahia",29,"Porto Seguro",290009,"Eunápolis - Porto Seguro",2903,"Ilhéus – Itabuna"
292540,2925402,"BA","Bahia",29,"Potiraguá",290015,"Itapetinga",2904,"Vitória da Conquista"
292550,2925501,"BA","Bahia",29,"Prado",290008,"Teixeira de Freitas",2903,"Ilhéus – Itabuna"
292560,2925600,"BA","Bahia",29,"Presidente Dutra",290020,"Irecê",2907,"Irecê"
292570,2925709,"BA","Bahia",29,"Presidente Jânio Quadros",290011,"Vitória da Conquista",2904,"Vitória da Conquista"
292575,2925758,"BA","Bahia",29,"Presidente Tancredo Neves",290005,"Valença",2902,"Santo Antônio de Jesus"
292580,2925808,"BA","Bahia",29,"Queimadas",290032,"Conceição do Coité",2910,"Feira de Santana"
292590,2925907,"BA","Bahia",29,"Quijingue",290026,"Euclides da Cunha",2909,"Paulo Afonso"
292593,2925931,"BA","Bahia",29,"Quixabeira",290030,"Jacobina",2910,"Feira de Santana"
292595,2925956,"BA","Bahia",29,"Rafael Jambeiro",290029,"Feira de Santana",2910,"Feira de Santana"
292600,2926004,"BA","Bahia",29,"Remanso",290022,"Juazeiro",2908,"Juazeiro"
292610,2926103,"BA","Bahia",29,"Retirolândia",290032,"Conceição do Coité",2910,"Feira de Santana"
292620,2926202,"BA","Bahia",29,"Riachão das Neves",290018,"Barreiras",2906,"Barreiras"
292630,2926301,"BA","Bahia",29,"Riachão do Jacuípe",290029,"Feira de Santana",2910,"Feira de Santana"
292640,2926400,"BA","Bahia",29,"Riacho de Santana",290016,"Guanambi",2905,"Guanambi"
292650,2926509,"BA","Bahia",29,"Ribeira do Amparo",290025,"Ribeira do Pombal",2909,"Paulo Afonso"
292660,2926608,"BA","Bahia",29,"Ribeira do Pombal",290025,"Ribeira do Pombal",2909,"Paulo Afonso"
292665,2926657,"BA","Bahia",29,"Ribeirão do Largo",290011,"Vitória da Conquista",2904,"Vitória da Conquista"
292670,2926707,"BA","Bahia",29,"Rio de Contas",290013,"Brumado",2904,"Vitória da Conquista"
292680,2926806,"BA","Bahia",29,"Rio do Antônio",290016,"Guanambi",2905,"Guanambi"
292690,2926905,"BA","Bahia",29,"Rio do Pires",290013,"Brumado",2904,"Vitória da Conquista"
292700,2927002,"BA","Bahia",29,"Rio Real",290002,"Alagoinhas",2901,"Salvador"
292710,2927101,"BA","Bahia",29,"Rodelas",290024,"Paulo Afonso",2909,"Paulo Afonso"
292720,2927200,"BA","Bahia",29,"Ruy Barbosa",290031,"Itaberaba",2910,"Feira de Santana"
292730,2927309,"BA","Bahia",29,"Salinas da Margarida",290006,"Nazaré – Maragogipe",2902,"Santo Antônio de Jesus"
292740,2927408,"BA","Bahia",29,"Salvador",290001,"Salvador",2901,"Salvador"
292750,2927507,"BA","Bahia",29,"Santa Bárbara",290029,"Feira de Santana",2910,"Feira de Santana"
292760,2927606,"BA","Bahia",29,"Santa Brígida",290024,"Paulo Afonso",2909,"Paulo Afonso"
292770,2927705,"BA","Bahia",29,"Santa Cruz Cabrália",290009,"Eunápolis - Porto Seguro",2903,"Ilhéus – Itabuna"
292780,2927804,"BA","Bahia",29,"Santa Cruz da Vitória",290007,"Ilhéus – Itabuna",2903,"Ilhéus – Itabuna"
292790,2927903,"BA","Bahia",29,"Santa Inês",290012,"Jequié",2904,"Vitória da Conquista"
292800,2928000,"BA","Bahia",29,"Santaluz",290032,"Conceição do Coité",2910,"Feira de Santana"
292805,2928059,"BA","Bahia",29,"Santa Luzia",290010,"Camacan",2903,"Ilhéus – Itabuna"
292810,2928109,"BA","Bahia",29,"Santa Maria da Vitória",290019,"Santa Maria da Vitoria",2906,"Barreiras"
292820,2928208,"BA","Bahia",29,"Santana",290018,"Barreiras",2906,"Barreiras"
292830,2928307,"BA","Bahia",29,"Santanópolis",290029,"Feira de Santana",2910,"Feira de Santana"
292840,2928406,"BA","Bahia",29,"Santa Rita de Cássia",290018,"Barreiras",2906,"Barreiras"
292850,2928505,"BA","Bahia",29,"Santa Terezinha",290004,"Cruz das Almas",2902,"Santo Antônio de Jesus"
292860,2928604,"BA","Bahia",29,"Santo Amaro",290001,"Salvador",2901,"Salvador"
292870,2928703,"BA","Bahia",29,"Santo Antônio de Jesus",290003,"Santo Antônio de Jesus",2902,"Santo Antônio de Jesus"
292880,2928802,"BA","Bahia",29,"Santo Estêvão",290029,"Feira de Santana",2910,"Feira de Santana"
292890,2928901,"BA","Bahia",29,"São Desidério",290018,"Barreiras",2906,"Barreiras"
292895,2928950,"BA","Bahia",29,"São Domingos",290032,"Conceição do Coité",2910,"Feira de Santana"
292900,2929008,"BA","Bahia",29,"São Félix",290004,"Cruz das Almas",2902,"Santo Antônio de Jesus"
292905,2929057,"BA","Bahia",29,"São Félix do Coribe",290019,"Santa Maria da Vitoria",2906,"Barreiras"
292910,2929107,"BA","Bahia",29,"São Felipe",290004,"Cruz das Almas",2902,"Santo Antônio de Jesus"
292920,2929206,"BA","Bahia",29,"São Francisco do Conde",290001,"Salvador",2901,"Salvador"
292925,2929255,"BA","Bahia",29,"São Gabriel",290020,"Irecê",2907,"Irecê"
292930,2929305,"BA","Bahia",29,"São Gonçalo dos Campos",290029,"Feira de Santana",2910,"Feira de Santana"
292935,2929354,"BA","Bahia",29,"São José da Vitória",290007,"Ilhéus – Itabuna",2903,"Ilhéus – Itabuna"
292937,2929370,"BA","Bahia",29,"São José do Jacuípe",290030,"Jacobina",2910,"Feira de Santana"
292940,2929404,"BA","Bahia",29,"São Miguel das Matas",290003,"Santo Antônio de Jesus",2902,"Santo Antônio de Jesus"
292950,2929503,"BA","Bahia",29,"São Sebastião do Passé",290001,"Salvador",2901,"Salvador"
292960,2929602,"BA","Bahia",29,"Sapeaçu",290004,"Cruz das Almas",2902,"Santo Antônio de Jesus"
292970,2929701,"BA","Bahia",29,"Sátiro Dias",290002,"Alagoinhas",2901,"Salvador"
292975,2929750,"BA","Bahia",29,"Saubara",290001,"Salvador",2901,"Salvador"
292980,2929800,"BA","Bahia",29,"Saúde",290030,"Jacobina",2910,"Feira de Santana"
292990,2929909,"BA","Bahia",29,"Seabra",290034,"Seabra",2910,"Feira de Santana"
293000,2930006,"BA","Bahia",29,"Sebastião Laranjeiras",290016,"Guanambi",2905,"Guanambi"
293010,2930105,"BA","Bahia",29,"Senhor do Bonfim",290023,"Senhor do Bonfim",2908,"Juazeiro"
293015,2930154,"BA","Bahia",29,"Serra do Ramalho",290017,"Bom Jesus da Lapa",2905,"Guanambi"
293020,2930204,"BA","Bahia",29,"Sento Sé",290022,"Juazeiro",2908,"Juazeiro"
293030,2930303,"BA","Bahia",29,"Serra Dourada",290018,"Barreiras",2906,"Barreiras"
293040,2930402,"BA","Bahia",29,"Serra Preta",290029,"Feira de Santana",2910,"Feira de Santana"
293050,2930501,"BA","Bahia",29,"Serrinha",290033,"Serrinha",2910,"Feira de Santana"
293060,2930600,"BA","Bahia",29,"Serrolândia",290030,"Jacobina",2910,"Feira de Santana"
293070,2930709,"BA","Bahia",29,"Simões Filho",290001,"Salvador",2901,"Salvador"
293075,2930758,"BA","Bahia",29,"Sítio do Mato",290017,"Bom Jesus da Lapa",2905,"Guanambi"
293076,2930766,"BA","Bahia",29,"Sítio do Quinto",290028,"Jeremoabo",2909,"Paulo Afonso"
293077,2930774,"BA","Bahia",29,"Sobradinho",290022,"Juazeiro",2908,"Juazeiro"
293080,2930808,"BA","Bahia",29,"Souto Soares",290034,"Seabra",2910,"Feira de Santana"
293090,2930907,"BA","Bahia",29,"Tabocas do Brejo Velho",290018,"Barreiras",2906,"Barreiras"
293100,2931004,"BA","Bahia",29,"Tanhaçu",290011,"Vitória da Conquista",2904,"Vitória da Conquista"
293105,2931053,"BA","Bahia",29,"Tanque Novo",290016,"Guanambi",2905,"Guanambi"
293110,2931103,"BA","Bahia",29,"Tanquinho",290029,"Feira de Santana",2910,"Feira de Santana"
293120,2931202,"BA","Bahia",29,"Taperoá",290005,"Valença",2902,"Santo Antônio de Jesus"
293130,2931301,"BA","Bahia",29,"Tapiramutá",290030,"Jacobina",2910,"Feira de Santana"
293135,2931350,"BA","Bahia",29,"Teixeira de Freitas",290008,"Teixeira de Freitas",2903,"Ilhéus – Itabuna"
293140,2931400,"BA","Bahia",29,"Teodoro Sampaio",290002,"Alagoinhas",2901,"Salvador"
293150,2931509,"BA","Bahia",29,"Teofilândia",290033,"Serrinha",2910,"Feira de Santana"
293160,2931608,"BA","Bahia",29,"Teolândia",290014,"Ipiaú",2904,"Vitória da Conquista"
293170,2931707,"BA","Bahia",29,"Terra Nova",290001,"Salvador",2901,"Salvador"
293180,2931806,"BA","Bahia",29,"Tremedal",290011,"Vitória da Conquista",2904,"Vitória da Conquista"
293190,2931905,"BA","Bahia",29,"Tucano",290025,"Ribeira do Pombal",2909,"Paulo Afonso"
293200,2932002,"BA","Bahia",29,"Uauá",290022,"Juazeiro",2908,"Juazeiro"
293210,2932101,"BA","Bahia",29,"Ubaíra",290003,"Santo Antônio de Jesus",2902,"Santo Antônio de Jesus"
293220,2932200,"BA","Bahia",29,"Ubaitaba",290007,"Ilhéus – Itabuna",2903,"Ilhéus – Itabuna"
293230,2932309,"BA","Bahia",29,"Ubatã",290014,"Ipiaú",2904,"Vitória da Conquista"
293240,2932408,"BA","Bahia",29,"Uibaí",290020,"Irecê",2907,"Irecê"
293245,2932457,"BA","Bahia",29,"Umburanas",290030,"Jacobina",2910,"Feira de Santana"
293250,2932507,"BA","Bahia",29,"Una",290010,"Camacan",2903,"Ilhéus – Itabuna"
293260,2932606,"BA","Bahia",29,"Urandi",290016,"Guanambi",2905,"Guanambi"
293270,2932705,"BA","Bahia",29,"Uruçuca",290007,"Ilhéus – Itabuna",2903,"Ilhéus – Itabuna"
293280,2932804,"BA","Bahia",29,"Utinga",290031,"Itaberaba",2910,"Feira de Santana"
293290,2932903,"BA","Bahia",29,"Valença",290005,"Valença",2902,"Santo Antônio de Jesus"
293300,2933000,"BA","Bahia",29,"Valente",290032,"Conceição do Coité",2910,"Feira de Santana"
293305,2933059,"BA","Bahia",29,"Várzea da Roça",290029,"Feira de Santana",2910,"Feira de Santana"
293310,2933109,"BA","Bahia",29,"Várzea do Poço",290030,"Jacobina",2910,"Feira de Santana"
293315,2933158,"BA","Bahia",29,"Várzea Nova",290030,"Jacobina",2910,"Feira de Santana"
293317,2933174,"BA","Bahia",29,"Varzedo",290003,"Santo Antônio de Jesus",2902,"Santo Antônio de Jesus"
293320,2933208,"BA","Bahia",29,"Vera Cruz",290006,"Nazaré – Maragogipe",2902,"Santo Antônio de Jesus"
293325,2933257,"BA","Bahia",29,"Vereda",290008,"Teixeira de Freitas",2903,"Ilhéus – Itabuna"
293330,2933307,"BA","Bahia",29,"Vitória da Conquista",290011,"Vitória da Conquista",2904,"Vitória da Conquista"
293340,2933406,"BA","Bahia",29,"Wagner",290031,"Itaberaba",2910,"Feira de Santana"
293345,2933455,"BA","Bahia",29,"Wanderley",290018,"Barreiras",2906,"Barreiras"
293350,2933505,"BA","Bahia",29,"Wenceslau Guimarães",290014,"Ipiaú",2904,"Vitória da Conquista"
293360,2933604,"BA","Bahia",29,"Xique-Xique",290021,"Xique-Xique – Barra",2907,"Irecê"
310010,3100104,"MG","Minas Gerais",31,"Abadia dos Dourados",310061,"Monte Carmelo",3111,"Uberlândia"
310020,3100203,"MG","Minas Gerais",31,"Abaeté",310070,"Abaeté",3113,"Divinópolis"
310030,3100302,"MG","Minas Gerais",31,"Abre Campo",310028,"Manhuaçu",3106,"Juíz de Fora"
310040,3100401,"MG","Minas Gerais",31,"Acaiaca",310030,"Ponte Nova",3106,"Juíz de Fora"
310050,3100500,"MG","Minas Gerais",31,"Açucena",310024,"Ipatinga",3105,"Ipatinga"
310060,3100609,"MG","Minas Gerais",31,"Água Boa",310014,"Capelinha",3103,"Teófilo Otoni"
310070,3100708,"MG","Minas Gerais",31,"Água Comprida",310055,"Uberaba",3110,"Uberaba"
310080,3100807,"MG","Minas Gerais",31,"Aguanil",310048,"Campo Belo",3108,"Varginha"
310090,3100906,"MG","Minas Gerais",31,"Águas Formosas",310019,"Águas Formosas",3103,"Teófilo Otoni"
310100,3101003,"MG","Minas Gerais",31,"Águas Vermelhas",310018,"Pedra Azul",3103,"Teófilo Otoni"
310110,3101102,"MG","Minas Gerais",31,"Aimorés",310023,"Aimorés - Resplendor",3104,"Governador Valadares"
310120,3101201,"MG","Minas Gerais",31,"Aiuruoca",310054,"Caxambu - Baependi",3109,"Pouso Alegre"
310130,3101300,"MG","Minas Gerais",31,"Alagoa",310053,"São Lourenço",3109,"Pouso Alegre"
310140,3101409,"MG","Minas Gerais",31,"Albertina",310050,"Pouso Alegre",3109,"Pouso Alegre"
310150,3101508,"MG","Minas Gerais",31,"Além Paraíba",310036,"Além Paraíba",3106,"Juíz de Fora"
310160,3101607,"MG","Minas Gerais",31,"Alfenas",310042,"Alfenas",3108,"Varginha"
310163,3101631,"MG","Minas Gerais",31,"Alfredo Vasconcelos",310037,"Barbacena",3107,"Barbacena"
310170,3101706,"MG","Minas Gerais",31,"Almenara",310015,"Almenara",3103,"Teófilo Otoni"
310180,3101805,"MG","Minas Gerais",31,"Alpercata",310020,"Governador Valadares",3104,"Governador Valadares"
310190,3101904,"MG","Minas Gerais",31,"Alpinópolis",310041,"Passos",3108,"Varginha"
310200,3102001,"MG","Minas Gerais",31,"Alterosa",310042,"Alfenas",3108,"Varginha"
310205,3102050,"MG","Minas Gerais",31,"Alto Caparaó",310028,"Manhuaçu",3106,"Juíz de Fora"
310210,3102100,"MG","Minas Gerais",31,"Alto Rio Doce",310037,"Barbacena",3107,"Barbacena"
310220,3102209,"MG","Minas Gerais",31,"Alvarenga",310025,"Caratinga",3105,"Ipatinga"
310230,3102308,"MG","Minas Gerais",31,"Alvinópolis",310030,"Ponte Nova",3106,"Juíz de Fora"
310240,3102407,"MG","Minas Gerais",31,"Alvorada de Minas",310016,"Diamantina",3103,"Teófilo Otoni"
310250,3102506,"MG","Minas Gerais",31,"Amparo do Serra",310030,"Ponte Nova",3106,"Juíz de Fora"
310260,3102605,"MG","Minas Gerais",31,"Andradas",310051,"Poços de Caldas",3109,"Pouso Alegre"
310270,3102704,"MG","Minas Gerais",31,"Cachoeira de Pajeú",310018,"Pedra Azul",3103,"Teófilo Otoni"
310280,3102803,"MG","Minas Gerais",31,"Andrelândia",310027,"Juiz de Fora",3106,"Juíz de Fora"
310285,3102852,"MG","Minas Gerais",31,"Angelândia",310014,"Capelinha",3103,"Teófilo Otoni"
310290,3102902,"MG","Minas Gerais",31,"Antônio Carlos",310037,"Barbacena",3107,"Barbacena"
310300,3103009,"MG","Minas Gerais",31,"Antônio Dias",310024,"Ipatinga",3105,"Ipatinga"
310310,3103108,"MG","Minas Gerais",31,"Antônio Prado de Minas",310031,"Muriaé",3106,"Juíz de Fora"
310320,3103207,"MG","Minas Gerais",31,"Araçaí",310002,"Sete Lagoas",3101,"Belo Horizonte"
310330,3103306,"MG","Minas Gerais",31,"Aracitaba",310027,"Juiz de Fora",3106,"Juíz de Fora"
310340,3103405,"MG","Minas Gerais",31,"Araçuaí",310017,"Araçuaí",3103,"Teófilo Otoni"
310350,3103504,"MG","Minas Gerais",31,"Araguari",310059,"Uberlândia",3111,"Uberlândia"
310360,3103603,"MG","Minas Gerais",31,"Arantina",310027,"Juiz de Fora",3106,"Juíz de Fora"
310370,3103702,"MG","Minas Gerais",31,"Araponga",310033,"Viçosa",3106,"Juíz de Fora"
310375,3103751,"MG","Minas Gerais",31,"Araporã",310059,"Uberlândia",3111,"Uberlândia"
310380,3103801,"MG","Minas Gerais",31,"Arapuá",310062,"Patos de Minas",3112,"Patos de Minas"
310390,3103900,"MG","Minas Gerais",31,"Araújos",310065,"Divinópolis",3113,"Divinópolis"
310400,3104007,"MG","Minas Gerais",31,"Araxá",310056,"Araxá",3110,"Uberaba"
310410,3104106,"MG","Minas Gerais",31,"Arceburgo",310044,"Guaxupé",3108,"Varginha"
310420,3104205,"MG","Minas Gerais",31,"Arcos",310066,"Formiga",3113,"Divinópolis"
310430,3104304,"MG","Minas Gerais",31,"Areado",310042,"Alfenas",3108,"Varginha"
310440,3104403,"MG","Minas Gerais",31,"Argirita",310032,"Cataguases",3106,"Juíz de Fora"
310445,3104452,"MG","Minas Gerais",31,"Aricanduva",310014,"Capelinha",3103,"Teófilo Otoni"
310450,3104502,"MG","Minas Gerais",31,"Arinos",310063,"Unaí",3112,"Patos de Minas"
310460,3104601,"MG","Minas Gerais",31,"Astolfo Dutra",310032,"Cataguases",3106,"Juíz de Fora"
310470,3104700,"MG","Minas Gerais",31,"Ataléia",310013,"Teófilo Otoni",3103,"Teófilo Otoni"
310480,3104809,"MG","Minas Gerais",31,"Augusto de Lima",310004,"Curvelo",3101,"Belo Horizonte"
310490,3104908,"MG","Minas Gerais",31,"Baependi",310054,"Caxambu - Baependi",3109,"Pouso Alegre"
310500,3105004,"MG","Minas Gerais",31,"Baldim",310002,"Sete Lagoas",3101,"Belo Horizonte"
310510,3105103,"MG","Minas Gerais",31,"Bambuí",310066,"Formiga",3113,"Divinópolis"
310520,3105202,"MG","Minas Gerais",31,"Bandeira",310015,"Almenara",3103,"Teófilo Otoni"
310530,3105301,"MG","Minas Gerais",31,"Bandeira do Sul",310051,"Poços de Caldas",3109,"Pouso Alegre"
310540,3105400,"MG","Minas Gerais",31,"Barão de Cocais",310003,"Santa Bárbara - Ouro Preto",3101,"Belo Horizonte"
310550,3105509,"MG","Minas Gerais",31,"Barão de Monte Alto",310031,"Muriaé",3106,"Juíz de Fora"
310560,3105608,"MG","Minas Gerais",31,"Barbacena",310037,"Barbacena",3107,"Barbacena"
310570,3105707,"MG","Minas Gerais",31,"Barra Longa",310030,"Ponte Nova",3106,"Juíz de Fora"
310590,3105905,"MG","Minas Gerais",31,"Barroso",310037,"Barbacena",3107,"Barbacena"
310600,3106002,"MG","Minas Gerais",31,"Bela Vista de Minas",310026,"João Monlevade",3105,"Ipatinga"
310610,3106101,"MG","Minas Gerais",31,"Belmiro Braga",310027,"Juiz de Fora",3106,"Juíz de Fora"
310620,3106200,"MG","Minas Gerais",31,"Belo Horizonte",310001,"Belo Horizonte",3101,"Belo Horizonte"
310630,3106309,"MG","Minas Gerais",31,"Belo Oriente",310024,"Ipatinga",3105,"Ipatinga"
310640,3106408,"MG","Minas Gerais",31,"Belo Vale",310038,"Conselheiro Lafaiete",3107,"Barbacena"
310650,3106507,"MG","Minas Gerais",31,"Berilo",310017,"Araçuaí",3103,"Teófilo Otoni"
310660,3106606,"MG","Minas Gerais",31,"Bertópolis",310019,"Águas Formosas",3103,"Teófilo Otoni"
310665,3106655,"MG","Minas Gerais",31,"Berizal",310008,"Salinas",3102,"Montes Claros"
310670,3106705,"MG","Minas Gerais",31,"Betim",310001,"Belo Horizonte",3101,"Belo Horizonte"
310680,3106804,"MG","Minas Gerais",31,"Bias Fortes",310027,"Juiz de Fora",3106,"Juíz de Fora"
310690,3106903,"MG","Minas Gerais",31,"Bicas",310035,"São João Nepomuceno - Bicas",3106,"Juíz de Fora"
310700,3107000,"MG","Minas Gerais",31,"Biquinhas",310070,"Abaeté",3113,"Divinópolis"
310710,3107109,"MG","Minas Gerais",31,"Boa Esperança",310046,"Três Pontas - Boa Esperança",3108,"Varginha"
310720,3107208,"MG","Minas Gerais",31,"Bocaina de Minas",310027,"Juiz de Fora",3106,"Juíz de Fora"
310730,3107307,"MG","Minas Gerais",31,"Bocaiúva",310006,"Montes Claros",3102,"Montes Claros"
310740,3107406,"MG","Minas Gerais",31,"Bom Despacho",310067,"Dores do Indaiá",3113,"Divinópolis"
310750,3107505,"MG","Minas Gerais",31,"Bom Jardim de Minas",310027,"Juiz de Fora",3106,"Juíz de Fora"
310760,3107604,"MG","Minas Gerais",31,"Bom Jesus da Penha",310041,"Passos",3108,"Varginha"
310770,3107703,"MG","Minas Gerais",31,"Bom Jesus do Amparo",310005,"Itabira",3101,"Belo Horizonte"
310780,3107802,"MG","Minas Gerais",31,"Bom Jesus do Galho",310025,"Caratinga",3105,"Ipatinga"
310790,3107901,"MG","Minas Gerais",31,"Bom Repouso",310050,"Pouso Alegre",3109,"Pouso Alegre"
310800,3108008,"MG","Minas Gerais",31,"Bom Sucesso",310043,"Lavras",3108,"Varginha"
310810,3108107,"MG","Minas Gerais",31,"Bonfim",310069,"Oliveira",3113,"Divinópolis"
310820,3108206,"MG","Minas Gerais",31,"Bonfinópolis de Minas",310063,"Unaí",3112,"Patos de Minas"
310825,3108255,"MG","Minas Gerais",31,"Bonito de Minas",310009,"Januária",3102,"Montes Claros"
310830,3108305,"MG","Minas Gerais",31,"Borda da Mata",310050,"Pouso Alegre",3109,"Pouso Alegre"
310840,3108404,"MG","Minas Gerais",31,"Botelhos",310051,"Poços de Caldas",3109,"Pouso Alegre"
310850,3108503,"MG","Minas Gerais",31,"Botumirim",310006,"Montes Claros",3102,"Montes Claros"
310855,3108552,"MG","Minas Gerais",31,"Brasilândia de Minas",310062,"Patos de Minas",3112,"Patos de Minas"
310860,3108602,"MG","Minas Gerais",31,"Brasília de Minas",310006,"Montes Claros",3102,"Montes Claros"
310870,3108701,"MG","Minas Gerais",31,"Brás Pires",310029,"Ubá",3106,"Juíz de Fora"
310880,3108800,"MG","Minas Gerais",31,"Braúnas",310024,"Ipatinga",3105,"Ipatinga"
310890,3108909,"MG","Minas Gerais",31,"Brazópolis",310052,"Itajubá",3109,"Pouso Alegre"
310900,3109006,"MG","Minas Gerais",31,"Brumadinho",310001,"Belo Horizonte",3101,"Belo Horizonte"
310910,3109105,"MG","Minas Gerais",31,"Bueno Brandão",310050,"Pouso Alegre",3109,"Pouso Alegre"
310920,3109204,"MG","Minas Gerais",31,"Buenópolis",310004,"Curvelo",3101,"Belo Horizonte"
310925,3109253,"MG","Minas Gerais",31,"Bugre",310024,"Ipatinga",3105,"Ipatinga"
310930,3109303,"MG","Minas Gerais",31,"Buritis",310063,"Unaí",3112,"Patos de Minas"
310940,3109402,"MG","Minas Gerais",31,"Buritizeiro",310010,"Pirapora",3102,"Montes Claros"
310945,3109451,"MG","Minas Gerais",31,"Cabeceira Grande",310063,"Unaí",3112,"Patos de Minas"
310950,3109501,"MG","Minas Gerais",31,"Cabo Verde",310044,"Guaxupé",3108,"Varginha"
310960,3109600,"MG","Minas Gerais",31,"Cachoeira da Prata",310002,"Sete Lagoas",3101,"Belo Horizonte"
310970,3109709,"MG","Minas Gerais",31,"Cachoeira de Minas",310050,"Pouso Alegre",3109,"Pouso Alegre"
310980,3109808,"MG","Minas Gerais",31,"Cachoeira Dourada",310060,"Ituiutaba",3111,"Uberlândia"
310990,3109907,"MG","Minas Gerais",31,"Caetanópolis",310002,"Sete Lagoas",3101,"Belo Horizonte"
311000,3110004,"MG","Minas Gerais",31,"Caeté",310001,"Belo Horizonte",3101,"Belo Horizonte"
311010,3110103,"MG","Minas Gerais",31,"Caiana",310034,"Carangola",3106,"Juíz de Fora"
311020,3110202,"MG","Minas Gerais",31,"Cajuri",310033,"Viçosa",3106,"Juíz de Fora"
311030,3110301,"MG","Minas Gerais",31,"Caldas",310051,"Poços de Caldas",3109,"Pouso Alegre"
311040,3110400,"MG","Minas Gerais",31,"Camacho",310065,"Divinópolis",3113,"Divinópolis"
311050,3110509,"MG","Minas Gerais",31,"Camanducaia",310050,"Pouso Alegre",3109,"Pouso Alegre"
311060,3110608,"MG","Minas Gerais",31,"Cambuí",310050,"Pouso Alegre",3109,"Pouso Alegre"
311070,3110707,"MG","Minas Gerais",31,"Cambuquira",310045,"Três Corações",3108,"Varginha"
311080,3110806,"MG","Minas Gerais",31,"Campanário",310013,"Teófilo Otoni",3103,"Teófilo Otoni"
311090,3110905,"MG","Minas Gerais",31,"Campanha",310045,"Três Corações",3108,"Varginha"
311100,3111002,"MG","Minas Gerais",31,"Campestre",310051,"Poços de Caldas",3109,"Pouso Alegre"
311110,3111101,"MG","Minas Gerais",31,"Campina Verde",310059,"Uberlândia",3111,"Uberlândia"
311115,3111150,"MG","Minas Gerais",31,"Campo Azul",310006,"Montes Claros",3102,"Montes Claros"
311120,3111200,"MG","Minas Gerais",31,"Campo Belo",310048,"Campo Belo",3108,"Varginha"
311130,3111309,"MG","Minas Gerais",31,"Campo do Meio",310042,"Alfenas",3108,"Varginha"
311140,3111408,"MG","Minas Gerais",31,"Campo Florido",310055,"Uberaba",3110,"Uberaba"
311150,3111507,"MG","Minas Gerais",31,"Campos Altos",310056,"Araxá",3110,"Uberaba"
311160,3111606,"MG","Minas Gerais",31,"Campos Gerais",310042,"Alfenas",3108,"Varginha"
311170,3111705,"MG","Minas Gerais",31,"Canaã",310033,"Viçosa",3106,"Juíz de Fora"
311180,3111804,"MG","Minas Gerais",31,"Canápolis",310059,"Uberlândia",3111,"Uberlândia"
311190,3111903,"MG","Minas Gerais",31,"Cana Verde",310043,"Lavras",3108,"Varginha"
311200,3112000,"MG","Minas Gerais",31,"Candeias",310048,"Campo Belo",3108,"Varginha"
311205,3112059,"MG","Minas Gerais",31,"Cantagalo",310021,"Guanhães",3104,"Governador Valadares"
311210,3112109,"MG","Minas Gerais",31,"Caparaó",310028,"Manhuaçu",3106,"Juíz de Fora"
311220,3112208,"MG","Minas Gerais",31,"Capela Nova",310038,"Conselheiro Lafaiete",3107,"Barbacena"
311230,3112307,"MG","Minas Gerais",31,"Capelinha",310014,"Capelinha",3103,"Teófilo Otoni"
311240,3112406,"MG","Minas Gerais",31,"Capetinga",310041,"Passos",3108,"Varginha"
311250,3112505,"MG","Minas Gerais",31,"Capim Branco",310002,"Sete Lagoas",3101,"Belo Horizonte"
311260,3112604,"MG","Minas Gerais",31,"Capinópolis",310060,"Ituiutaba",3111,"Uberlândia"
311265,3112653,"MG","Minas Gerais",31,"Capitão Andrade",310020,"Governador Valadares",3104,"Governador Valadares"
311270,3112703,"MG","Minas Gerais",31,"Capitão Enéas",310006,"Montes Claros",3102,"Montes Claros"
311280,3112802,"MG","Minas Gerais",31,"Capitólio",310049,"Piumhi",3108,"Varginha"
311290,3112901,"MG","Minas Gerais",31,"Caputira",310028,"Manhuaçu",3106,"Juíz de Fora"
311300,3113008,"MG","Minas Gerais",31,"Caraí",310013,"Teófilo Otoni",3103,"Teófilo Otoni"
311310,3113107,"MG","Minas Gerais",31,"Caranaíba",310038,"Conselheiro Lafaiete",3107,"Barbacena"
311320,3113206,"MG","Minas Gerais",31,"Carandaí",310038,"Conselheiro Lafaiete",3107,"Barbacena"
311330,3113305,"MG","Minas Gerais",31,"Carangola",310034,"Carangola",3106,"Juíz de Fora"
311340,3113404,"MG","Minas Gerais",31,"Caratinga",310025,"Caratinga",3105,"Ipatinga"
311350,3113503,"MG","Minas Gerais",31,"Carbonita",310016,"Diamantina",3103,"Teófilo Otoni"
311360,3113602,"MG","Minas Gerais",31,"Careaçu",310050,"Pouso Alegre",3109,"Pouso Alegre"
311370,3113701,"MG","Minas Gerais",31,"Carlos Chagas",310013,"Teófilo Otoni",3103,"Teófilo Otoni"
311380,3113800,"MG","Minas Gerais",31,"Carmésia",310005,"Itabira",3101,"Belo Horizonte"
311390,3113909,"MG","Minas Gerais",31,"Carmo da Cachoeira",310045,"Três Corações",3108,"Varginha"
311400,3114006,"MG","Minas Gerais",31,"Carmo da Mata",310065,"Divinópolis",3113,"Divinópolis"
311410,3114105,"MG","Minas Gerais",31,"Carmo de Minas",310053,"São Lourenço",3109,"Pouso Alegre"
311420,3114204,"MG","Minas Gerais",31,"Carmo do Cajuru",310065,"Divinópolis",3113,"Divinópolis"
311430,3114303,"MG","Minas Gerais",31,"Carmo do Paranaíba",310062,"Patos de Minas",3112,"Patos de Minas"
311440,3114402,"MG","Minas Gerais",31,"Carmo do Rio Claro",310041,"Passos",3108,"Varginha"
311450,3114501,"MG","Minas Gerais",31,"Carmópolis de Minas",310069,"Oliveira",3113,"Divinópolis"
311455,3114550,"MG","Minas Gerais",31,"Carneirinho",310058,"Iturama",3110,"Uberaba"
311460,3114600,"MG","Minas Gerais",31,"Carrancas",310043,"Lavras",3108,"Varginha"
311470,3114709,"MG","Minas Gerais",31,"Carvalhópolis",310042,"Alfenas",3108,"Varginha"
311480,3114808,"MG","Minas Gerais",31,"Carvalhos",310054,"Caxambu - Baependi",3109,"Pouso Alegre"
311490,3114907,"MG","Minas Gerais",31,"Casa Grande",310038,"Conselheiro Lafaiete",3107,"Barbacena"
311500,3115003,"MG","Minas Gerais",31,"Cascalho Rico",310059,"Uberlândia",3111,"Uberlândia"
311510,3115102,"MG","Minas Gerais",31,"Cássia",310041,"Passos",3108,"Varginha"
311520,3115201,"MG","Minas Gerais",31,"Conceição da Barra de Minas",310039,"São João del Rei",3107,"Barbacena"
311530,3115300,"MG","Minas Gerais",31,"Cataguases",310032,"Cataguases",3106,"Juíz de Fora"
311535,3115359,"MG","Minas Gerais",31,"Catas Altas",310003,"Santa Bárbara - Ouro Preto",3101,"Belo Horizonte"
311540,3115409,"MG","Minas Gerais",31,"Catas Altas da Noruega",310038,"Conselheiro Lafaiete",3107,"Barbacena"
311545,3115458,"MG","Minas Gerais",31,"Catuji",310013,"Teófilo Otoni",3103,"Teófilo Otoni"
311547,3115474,"MG","Minas Gerais",31,"Catuti",310012,"Espinosa",3102,"Montes Claros"
311550,3115508,"MG","Minas Gerais",31,"Caxambu",310054,"Caxambu - Baependi",3109,"Pouso Alegre"
311560,3115607,"MG","Minas Gerais",31,"Cedro do Abaeté",310070,"Abaeté",3113,"Divinópolis"
311570,3115706,"MG","Minas Gerais",31,"Central de Minas",310022,"Mantena",3104,"Governador Valadares"
311580,3115805,"MG","Minas Gerais",31,"Centralina",310059,"Uberlândia",3111,"Uberlândia"
311590,3115904,"MG","Minas Gerais",31,"Chácara",310027,"Juiz de Fora",3106,"Juíz de Fora"
311600,3116001,"MG","Minas Gerais",31,"Chalé",310028,"Manhuaçu",3106,"Juíz de Fora"
311610,3116100,"MG","Minas Gerais",31,"Chapada do Norte",310014,"Capelinha",3103,"Teófilo Otoni"
311615,3116159,"MG","Minas Gerais",31,"Chapada Gaúcha",310011,"São Francisco",3102,"Montes Claros"
311620,3116209,"MG","Minas Gerais",31,"Chiador",310027,"Juiz de Fora",3106,"Juíz de Fora"
311630,3116308,"MG","Minas Gerais",31,"Cipotânea",310037,"Barbacena",3107,"Barbacena"
311640,3116407,"MG","Minas Gerais",31,"Claraval",310041,"Passos",3108,"Varginha"
311650,3116506,"MG","Minas Gerais",31,"Claro dos Poções",310006,"Montes Claros",3102,"Montes Claros"
311660,3116605,"MG","Minas Gerais",31,"Cláudio",310065,"Divinópolis",3113,"Divinópolis"
311670,3116704,"MG","Minas Gerais",31,"Coimbra",310033,"Viçosa",3106,"Juíz de Fora"
311680,3116803,"MG","Minas Gerais",31,"Coluna",310021,"Guanhães",3104,"Governador Valadares"
311690,3116902,"MG","Minas Gerais",31,"Comendador Gomes",310057,"Frutal",3110,"Uberaba"
311700,3117009,"MG","Minas Gerais",31,"Comercinho",310018,"Pedra Azul",3103,"Teófilo Otoni"
311710,3117108,"MG","Minas Gerais",31,"Conceição da Aparecida",310042,"Alfenas",3108,"Varginha"
311720,3117207,"MG","Minas Gerais",31,"Conceição das Pedras",310052,"Itajubá",3109,"Pouso Alegre"
311730,3117306,"MG","Minas Gerais",31,"Conceição das Alagoas",310055,"Uberaba",3110,"Uberaba"
311740,3117405,"MG","Minas Gerais",31,"Conceição de Ipanema",310028,"Manhuaçu",3106,"Juíz de Fora"
311750,3117504,"MG","Minas Gerais",31,"Conceição do Mato Dentro",310002,"Sete Lagoas",3101,"Belo Horizonte"
311760,3117603,"MG","Minas Gerais",31,"Conceição do Pará",310065,"Divinópolis",3113,"Divinópolis"
311770,3117702,"MG","Minas Gerais",31,"Conceição do Rio Verde",310053,"São Lourenço",3109,"Pouso Alegre"
311780,3117801,"MG","Minas Gerais",31,"Conceição dos Ouros",310050,"Pouso Alegre",3109,"Pouso Alegre"
311783,3117836,"MG","Minas Gerais",31,"Cônego Marinho",310009,"Januária",3102,"Montes Claros"
311787,3117876,"MG","Minas Gerais",31,"Confins",310001,"Belo Horizonte",3101,"Belo Horizonte"
311790,3117900,"MG","Minas Gerais",31,"Congonhal",310050,"Pouso Alegre",3109,"Pouso Alegre"
311800,3118007,"MG","Minas Gerais",31,"Congonhas",310038,"Conselheiro Lafaiete",3107,"Barbacena"
311810,3118106,"MG","Minas Gerais",31,"Congonhas do Norte",310002,"Sete Lagoas",3101,"Belo Horizonte"
311820,3118205,"MG","Minas Gerais",31,"Conquista",310055,"Uberaba",3110,"Uberaba"
311830,3118304,"MG","Minas Gerais",31,"Conselheiro Lafaiete",310038,"Conselheiro Lafaiete",3107,"Barbacena"
311840,3118403,"MG","Minas Gerais",31,"Conselheiro Pena",310020,"Governador Valadares",3104,"Governador Valadares"
311850,3118502,"MG","Minas Gerais",31,"Consolação",310050,"Pouso Alegre",3109,"Pouso Alegre"
311860,3118601,"MG","Minas Gerais",31,"Contagem",310001,"Belo Horizonte",3101,"Belo Horizonte"
311870,3118700,"MG","Minas Gerais",31,"Coqueiral",310046,"Três Pontas - Boa Esperança",3108,"Varginha"
311880,3118809,"MG","Minas Gerais",31,"Coração de Jesus",310006,"Montes Claros",3102,"Montes Claros"
311890,3118908,"MG","Minas Gerais",31,"Cordisburgo",310002,"Sete Lagoas",3101,"Belo Horizonte"
311900,3119005,"MG","Minas Gerais",31,"Cordislândia",310040,"Varginha",3108,"Varginha"
311910,3119104,"MG","Minas Gerais",31,"Corinto",310004,"Curvelo",3101,"Belo Horizonte"
311920,3119203,"MG","Minas Gerais",31,"Coroaci",310020,"Governador Valadares",3104,"Governador Valadares"
311930,3119302,"MG","Minas Gerais",31,"Coromandel",310064,"Patrocínio",3112,"Patos de Minas"
311940,3119401,"MG","Minas Gerais",31,"Coronel Fabriciano",310024,"Ipatinga",3105,"Ipatinga"
311950,3119500,"MG","Minas Gerais",31,"Coronel Murta",310017,"Araçuaí",3103,"Teófilo Otoni"
311960,3119609,"MG","Minas Gerais",31,"Coronel Pacheco",310027,"Juiz de Fora",3106,"Juíz de Fora"
311970,3119708,"MG","Minas Gerais",31,"Coronel Xavier Chaves",310039,"São João del Rei",3107,"Barbacena"
311980,3119807,"MG","Minas Gerais",31,"Córrego Danta",310066,"Formiga",3113,"Divinópolis"
311990,3119906,"MG","Minas Gerais",31,"Córrego do Bom Jesus",310050,"Pouso Alegre",3109,"Pouso Alegre"
311995,3119955,"MG","Minas Gerais",31,"Córrego Fundo",310066,"Formiga",3113,"Divinópolis"
312000,3120003,"MG","Minas Gerais",31,"Córrego Novo",310025,"Caratinga",3105,"Ipatinga"
312010,3120102,"MG","Minas Gerais",31,"Couto de Magalhães de Minas",310016,"Diamantina",3103,"Teófilo Otoni"
312015,3120151,"MG","Minas Gerais",31,"Crisólita",310019,"Águas Formosas",3103,"Teófilo Otoni"
312020,3120201,"MG","Minas Gerais",31,"Cristais",310048,"Campo Belo",3108,"Varginha"
312030,3120300,"MG","Minas Gerais",31,"Cristália",310006,"Montes Claros",3102,"Montes Claros"
312040,3120409,"MG","Minas Gerais",31,"Cristiano Otoni",310038,"Conselheiro Lafaiete",3107,"Barbacena"
312050,3120508,"MG","Minas Gerais",31,"Cristina",310053,"São Lourenço",3109,"Pouso Alegre"
312060,3120607,"MG","Minas Gerais",31,"Crucilândia",310069,"Oliveira",3113,"Divinópolis"
312070,3120706,"MG","Minas Gerais",31,"Cruzeiro da Fortaleza",310064,"Patrocínio",3112,"Patos de Minas"
312080,3120805,"MG","Minas Gerais",31,"Cruzília",310054,"Caxambu - Baependi",3109,"Pouso Alegre"
312083,3120839,"MG","Minas Gerais",31,"Cuparaque",310023,"Aimorés - Resplendor",3104,"Governador Valadares"
312087,3120870,"MG","Minas Gerais",31,"Curral de Dentro",310008,"Salinas",3102,"Montes Claros"
312090,3120904,"MG","Minas Gerais",31,"Curvelo",310004,"Curvelo",3101,"Belo Horizonte"
312100,3121001,"MG","Minas Gerais",31,"Datas",310016,"Diamantina",3103,"Teófilo Otoni"
312110,3121100,"MG","Minas Gerais",31,"Delfim Moreira",310052,"Itajubá",3109,"Pouso Alegre"
312120,3121209,"MG","Minas Gerais",31,"Delfinópolis",310041,"Passos",3108,"Varginha"
312125,3121258,"MG","Minas Gerais",31,"Delta",310055,"Uberaba",3110,"Uberaba"
312130,3121308,"MG","Minas Gerais",31,"Descoberto",310035,"São João Nepomuceno - Bicas",3106,"Juíz de Fora"
312140,3121407,"MG","Minas Gerais",31,"Desterro de Entre Rios",310038,"Conselheiro Lafaiete",3107,"Barbacena"
312150,3121506,"MG","Minas Gerais",31,"Desterro do Melo",310037,"Barbacena",3107,"Barbacena"
312160,3121605,"MG","Minas Gerais",31,"Diamantina",310016,"Diamantina",3103,"Teófilo Otoni"
312170,3121704,"MG","Minas Gerais",31,"Diogo de Vasconcelos",310030,"Ponte Nova",3106,"Juíz de Fora"
312180,3121803,"MG","Minas Gerais",31,"Dionísio",310024,"Ipatinga",3105,"Ipatinga"
312190,3121902,"MG","Minas Gerais",31,"Divinésia",310029,"Ubá",3106,"Juíz de Fora"
312200,3122009,"MG","Minas Gerais",31,"Divino",310034,"Carangola",3106,"Juíz de Fora"
312210,3122108,"MG","Minas Gerais",31,"Divino das Laranjeiras",310020,"Governador Valadares",3104,"Governador Valadares"
312220,3122207,"MG","Minas Gerais",31,"Divinolândia de Minas",310021,"Guanhães",3104,"Governador Valadares"
312230,3122306,"MG","Minas Gerais",31,"Divinópolis",310065,"Divinópolis",3113,"Divinópolis"
312235,3122355,"MG","Minas Gerais",31,"Divisa Alegre",310018,"Pedra Azul",3103,"Teófilo Otoni"
312240,3122405,"MG","Minas Gerais",31,"Divisa Nova",310042,"Alfenas",3108,"Varginha"
312245,3122454,"MG","Minas Gerais",31,"Divisópolis",310018,"Pedra Azul",3103,"Teófilo Otoni"
312247,3122470,"MG","Minas Gerais",31,"Dom Bosco",310063,"Unaí",3112,"Patos de Minas"
312250,3122504,"MG","Minas Gerais",31,"Dom Cavati",310024,"Ipatinga",3105,"Ipatinga"
312260,3122603,"MG","Minas Gerais",31,"Dom Joaquim",310021,"Guanhães",3104,"Governador Valadares"
312270,3122702,"MG","Minas Gerais",31,"Dom Silvério",310030,"Ponte Nova",3106,"Juíz de Fora"
312280,3122801,"MG","Minas Gerais",31,"Dom Viçoso",310053,"São Lourenço",3109,"Pouso Alegre"
312290,3122900,"MG","Minas Gerais",31,"Dona Euzébia",310032,"Cataguases",3106,"Juíz de Fora"
312300,3123007,"MG","Minas Gerais",31,"Dores de Campos",310037,"Barbacena",3107,"Barbacena"
312310,3123106,"MG","Minas Gerais",31,"Dores de Guanhães",310021,"Guanhães",3104,"Governador Valadares"
312320,3123205,"MG","Minas Gerais",31,"Dores do Indaiá",310067,"Dores do Indaiá",3113,"Divinópolis"
312330,3123304,"MG","Minas Gerais",31,"Dores do Turvo",310029,"Ubá",3106,"Juíz de Fora"
312340,3123403,"MG","Minas Gerais",31,"Doresópolis",310049,"Piumhi",3108,"Varginha"
312350,3123502,"MG","Minas Gerais",31,"Douradoquara",310061,"Monte Carmelo",3111,"Uberlândia"
312352,3123528,"MG","Minas Gerais",31,"Durandé",310028,"Manhuaçu",3106,"Juíz de Fora"
312360,3123601,"MG","Minas Gerais",31,"Elói Mendes",310040,"Varginha",3108,"Varginha"
312370,3123700,"MG","Minas Gerais",31,"Engenheiro Caldas",310020,"Governador Valadares",3104,"Governador Valadares"
312380,3123809,"MG","Minas Gerais",31,"Engenheiro Navarro",310006,"Montes Claros",3102,"Montes Claros"
312385,3123858,"MG","Minas Gerais",31,"Entre Folhas",310025,"Caratinga",3105,"Ipatinga"
312390,3123908,"MG","Minas Gerais",31,"Entre Rios de Minas",310038,"Conselheiro Lafaiete",3107,"Barbacena"
312400,3124005,"MG","Minas Gerais",31,"Ervália",310033,"Viçosa",3106,"Juíz de Fora"
312410,3124104,"MG","Minas Gerais",31,"Esmeraldas",310001,"Belo Horizonte",3101,"Belo Horizonte"
312420,3124203,"MG","Minas Gerais",31,"Espera Feliz",310034,"Carangola",3106,"Juíz de Fora"
312430,3124302,"MG","Minas Gerais",31,"Espinosa",310012,"Espinosa",3102,"Montes Claros"
312440,3124401,"MG","Minas Gerais",31,"Espírito Santo do Dourado",310050,"Pouso Alegre",3109,"Pouso Alegre"
312450,3124500,"MG","Minas Gerais",31,"Estiva",310050,"Pouso Alegre",3109,"Pouso Alegre"
312460,3124609,"MG","Minas Gerais",31,"Estrela Dalva",310036,"Além Paraíba",3106,"Juíz de Fora"
312470,3124708,"MG","Minas Gerais",31,"Estrela do Indaiá",310067,"Dores do Indaiá",3113,"Divinópolis"
312480,3124807,"MG","Minas Gerais",31,"Estrela do Sul",310061,"Monte Carmelo",3111,"Uberlândia"
312490,3124906,"MG","Minas Gerais",31,"Eugenópolis",310031,"Muriaé",3106,"Juíz de Fora"
312500,3125002,"MG","Minas Gerais",31,"Ewbank da Câmara",310027,"Juiz de Fora",3106,"Juíz de Fora"
312510,3125101,"MG","Minas Gerais",31,"Extrema",310050,"Pouso Alegre",3109,"Pouso Alegre"
312520,3125200,"MG","Minas Gerais",31,"Fama",310042,"Alfenas",3108,"Varginha"
312530,3125309,"MG","Minas Gerais",31,"Faria Lemos",310034,"Carangola",3106,"Juíz de Fora"
312540,3125408,"MG","Minas Gerais",31,"Felício dos Santos",310016,"Diamantina",3103,"Teófilo Otoni"
312550,3125507,"MG","Minas Gerais",31,"São Gonçalo do Rio Preto",310016,"Diamantina",3103,"Teófilo Otoni"
312560,3125606,"MG","Minas Gerais",31,"Felisburgo",310015,"Almenara",3103,"Teófilo Otoni"
312570,3125705,"MG","Minas Gerais",31,"Felixlândia",310004,"Curvelo",3101,"Belo Horizonte"
312580,3125804,"MG","Minas Gerais",31,"Fernandes Tourinho",310020,"Governador Valadares",3104,"Governador Valadares"
312590,3125903,"MG","Minas Gerais",31,"Ferros",310005,"Itabira",3101,"Belo Horizonte"
312595,3125952,"MG","Minas Gerais",31,"Fervedouro",310031,"Muriaé",3106,"Juíz de Fora"
312600,3126000,"MG","Minas Gerais",31,"Florestal",310001,"Belo Horizonte",3101,"Belo Horizonte"
312610,3126109,"MG","Minas Gerais",31,"Formiga",310066,"Formiga",3113,"Divinópolis"
312620,3126208,"MG","Minas Gerais",31,"Formoso",310063,"Unaí",3112,"Patos de Minas"
312630,3126307,"MG","Minas Gerais",31,"Fortaleza de Minas",310041,"Passos",3108,"Varginha"
312640,3126406,"MG","Minas Gerais",31,"Fortuna de Minas",310002,"Sete Lagoas",3101,"Belo Horizonte"
312650,3126505,"MG","Minas Gerais",31,"Francisco Badaró",310017,"Araçuaí",3103,"Teófilo Otoni"
312660,3126604,"MG","Minas Gerais",31,"Francisco Dumont",310006,"Montes Claros",3102,"Montes Claros"
312670,3126703,"MG","Minas Gerais",31,"Francisco Sá",310006,"Montes Claros",3102,"Montes Claros"
312675,3126752,"MG","Minas Gerais",31,"Franciscópolis",310013,"Teófilo Otoni",3103,"Teófilo Otoni"
312680,3126802,"MG","Minas Gerais",31,"Frei Gaspar",310013,"Teófilo Otoni",3103,"Teófilo Otoni"
312690,3126901,"MG","Minas Gerais",31,"Frei Inocêncio",310020,"Governador Valadares",3104,"Governador Valadares"
312695,3126950,"MG","Minas Gerais",31,"Frei Lagonegro",310021,"Guanhães",3104,"Governador Valadares"
312700,3127008,"MG","Minas Gerais",31,"Fronteira",310057,"Frutal",3110,"Uberaba"
312705,3127057,"MG","Minas Gerais",31,"Fronteira dos Vales",310019,"Águas Formosas",3103,"Teófilo Otoni"
312707,3127073,"MG","Minas Gerais",31,"Fruta de Leite",310008,"Salinas",3102,"Montes Claros"
312710,3127107,"MG","Minas Gerais",31,"Frutal",310057,"Frutal",3110,"Uberaba"
312720,3127206,"MG","Minas Gerais",31,"Funilândia",310002,"Sete Lagoas",3101,"Belo Horizonte"
312730,3127305,"MG","Minas Gerais",31,"Galiléia",310020,"Governador Valadares",3104,"Governador Valadares"
312733,3127339,"MG","Minas Gerais",31,"Gameleiras",310012,"Espinosa",3102,"Montes Claros"
312735,3127354,"MG","Minas Gerais",31,"Glaucilândia",310006,"Montes Claros",3102,"Montes Claros"
312737,3127370,"MG","Minas Gerais",31,"Goiabeira",310020,"Governador Valadares",3104,"Governador Valadares"
312738,3127388,"MG","Minas Gerais",31,"Goianá",310027,"Juiz de Fora",3106,"Juíz de Fora"
312740,3127404,"MG","Minas Gerais",31,"Gonçalves",310052,"Itajubá",3109,"Pouso Alegre"
312750,3127503,"MG","Minas Gerais",31,"Gonzaga",310020,"Governador Valadares",3104,"Governador Valadares"
312760,3127602,"MG","Minas Gerais",31,"Gouveia",310016,"Diamantina",3103,"Teófilo Otoni"
312770,3127701,"MG","Minas Gerais",31,"Governador Valadares",310020,"Governador Valadares",3104,"Governador Valadares"
312780,3127800,"MG","Minas Gerais",31,"Grão Mogol",310006,"Montes Claros",3102,"Montes Claros"
312790,3127909,"MG","Minas Gerais",31,"Grupiara",310061,"Monte Carmelo",3111,"Uberlândia"
312800,3128006,"MG","Minas Gerais",31,"Guanhães",310021,"Guanhães",3104,"Governador Valadares"
312810,3128105,"MG","Minas Gerais",31,"Guapé",310041,"Passos",3108,"Varginha"
312820,3128204,"MG","Minas Gerais",31,"Guaraciaba",310030,"Ponte Nova",3106,"Juíz de Fora"
312825,3128253,"MG","Minas Gerais",31,"Guaraciama",310006,"Montes Claros",3102,"Montes Claros"
312830,3128303,"MG","Minas Gerais",31,"Guaranésia",310044,"Guaxupé",3108,"Varginha"
312840,3128402,"MG","Minas Gerais",31,"Guarani",310029,"Ubá",3106,"Juíz de Fora"
312850,3128501,"MG","Minas Gerais",31,"Guarará",310035,"São João Nepomuceno - Bicas",3106,"Juíz de Fora"
312860,3128600,"MG","Minas Gerais",31,"Guarda-Mor",310062,"Patos de Minas",3112,"Patos de Minas"
312870,3128709,"MG","Minas Gerais",31,"Guaxupé",310044,"Guaxupé",3108,"Varginha"
312880,3128808,"MG","Minas Gerais",31,"Guidoval",310029,"Ubá",3106,"Juíz de Fora"
312890,3128907,"MG","Minas Gerais",31,"Guimarânia",310064,"Patrocínio",3112,"Patos de Minas"
312900,3129004,"MG","Minas Gerais",31,"Guiricema",310029,"Ubá",3106,"Juíz de Fora"
312910,3129103,"MG","Minas Gerais",31,"Gurinhatã",310060,"Ituiutaba",3111,"Uberlândia"
312920,3129202,"MG","Minas Gerais",31,"Heliodora",310050,"Pouso Alegre",3109,"Pouso Alegre"
312930,3129301,"MG","Minas Gerais",31,"Iapu",310024,"Ipatinga",3105,"Ipatinga"
312940,3129400,"MG","Minas Gerais",31,"Ibertioga",310037,"Barbacena",3107,"Barbacena"
312950,3129509,"MG","Minas Gerais",31,"Ibiá",310056,"Araxá",3110,"Uberaba"
312960,3129608,"MG","Minas Gerais",31,"Ibiaí",310010,"Pirapora",3102,"Montes Claros"
312965,3129657,"MG","Minas Gerais",31,"Ibiracatu",310006,"Montes Claros",3102,"Montes Claros"
312970,3129707,"MG","Minas Gerais",31,"Ibiraci",310041,"Passos",3108,"Varginha"
312980,3129806,"MG","Minas Gerais",31,"Ibirité",310001,"Belo Horizonte",3101,"Belo Horizonte"
312990,3129905,"MG","Minas Gerais",31,"Ibitiúra de Minas",310051,"Poços de Caldas",3109,"Pouso Alegre"
313000,3130002,"MG","Minas Gerais",31,"Ibituruna",310043,"Lavras",3108,"Varginha"
313005,3130051,"MG","Minas Gerais",31,"Icaraí de Minas",310011,"São Francisco",3102,"Montes Claros"
313010,3130101,"MG","Minas Gerais",31,"Igarapé",310001,"Belo Horizonte",3101,"Belo Horizonte"
313020,3130200,"MG","Minas Gerais",31,"Igaratinga",310068,"Pará de Minas",3113,"Divinópolis"
313030,3130309,"MG","Minas Gerais",31,"Iguatama",310066,"Formiga",3113,"Divinópolis"
313040,3130408,"MG","Minas Gerais",31,"Ijaci",310043,"Lavras",3108,"Varginha"
313050,3130507,"MG","Minas Gerais",31,"Ilicínea",310046,"Três Pontas - Boa Esperança",3108,"Varginha"
313055,3130556,"MG","Minas Gerais",31,"Imbé de Minas",310025,"Caratinga",3105,"Ipatinga"
313060,3130606,"MG","Minas Gerais",31,"Inconfidentes",310050,"Pouso Alegre",3109,"Pouso Alegre"
313065,3130655,"MG","Minas Gerais",31,"Indaiabira",310008,"Salinas",3102,"Montes Claros"
313070,3130705,"MG","Minas Gerais",31,"Indianópolis",310059,"Uberlândia",3111,"Uberlândia"
313080,3130804,"MG","Minas Gerais",31,"Ingaí",310043,"Lavras",3108,"Varginha"
313090,3130903,"MG","Minas Gerais",31,"Inhapim",310025,"Caratinga",3105,"Ipatinga"
313100,3131000,"MG","Minas Gerais",31,"Inhaúma",310002,"Sete Lagoas",3101,"Belo Horizonte"
313110,3131109,"MG","Minas Gerais",31,"Inimutaba",310004,"Curvelo",3101,"Belo Horizonte"
313115,3131158,"MG","Minas Gerais",31,"Ipaba",310024,"Ipatinga",3105,"Ipatinga"
313120,3131208,"MG","Minas Gerais",31,"Ipanema",310028,"Manhuaçu",3106,"Juíz de Fora"
313130,3131307,"MG","Minas Gerais",31,"Ipatinga",310024,"Ipatinga",3105,"Ipatinga"
313140,3131406,"MG","Minas Gerais",31,"Ipiaçu",310060,"Ituiutaba",3111,"Uberlândia"
313150,3131505,"MG","Minas Gerais",31,"Ipuiúna",310050,"Pouso Alegre",3109,"Pouso Alegre"
313160,3131604,"MG","Minas Gerais",31,"Iraí de Minas",310061,"Monte Carmelo",3111,"Uberlândia"
313170,3131703,"MG","Minas Gerais",31,"Itabira",310005,"Itabira",3101,"Belo Horizonte"
313180,3131802,"MG","Minas Gerais",31,"Itabirinha",310022,"Mantena",3104,"Governador Valadares"
313190,3131901,"MG","Minas Gerais",31,"Itabirito",310003,"Santa Bárbara - Ouro Preto",3101,"Belo Horizonte"
313200,3132008,"MG","Minas Gerais",31,"Itacambira",310006,"Montes Claros",3102,"Montes Claros"
313210,3132107,"MG","Minas Gerais",31,"Itacarambi",310009,"Januária",3102,"Montes Claros"
313220,3132206,"MG","Minas Gerais",31,"Itaguara",310069,"Oliveira",3113,"Divinópolis"
313230,3132305,"MG","Minas Gerais",31,"Itaipé",310013,"Teófilo Otoni",3103,"Teófilo Otoni"
313240,3132404,"MG","Minas Gerais",31,"Itajubá",310052,"Itajubá",3109,"Pouso Alegre"
313250,3132503,"MG","Minas Gerais",31,"Itamarandiba",310014,"Capelinha",3103,"Teófilo Otoni"
313260,3132602,"MG","Minas Gerais",31,"Itamarati de Minas",310032,"Cataguases",3106,"Juíz de Fora"
313270,3132701,"MG","Minas Gerais",31,"Itambacuri",310013,"Teófilo Otoni",3103,"Teófilo Otoni"
313280,3132800,"MG","Minas Gerais",31,"Itambé do Mato Dentro",310005,"Itabira",3101,"Belo Horizonte"
313290,3132909,"MG","Minas Gerais",31,"Itamogi",310047,"São Sebastião do Paraíso",3108,"Varginha"
313300,3133006,"MG","Minas Gerais",31,"Itamonte",310053,"São Lourenço",3109,"Pouso Alegre"
313310,3133105,"MG","Minas Gerais",31,"Itanhandu",310053,"São Lourenço",3109,"Pouso Alegre"
313320,3133204,"MG","Minas Gerais",31,"Itanhomi",310020,"Governador Valadares",3104,"Governador Valadares"
313330,3133303,"MG","Minas Gerais",31,"Itaobim",310013,"Teófilo Otoni",3103,"Teófilo Otoni"
313340,3133402,"MG","Minas Gerais",31,"Itapagipe",310057,"Frutal",3110,"Uberaba"
313350,3133501,"MG","Minas Gerais",31,"Itapecerica",310065,"Divinópolis",3113,"Divinópolis"
313360,3133600,"MG","Minas Gerais",31,"Itapeva",310050,"Pouso Alegre",3109,"Pouso Alegre"
313370,3133709,"MG","Minas Gerais",31,"Itatiaiuçu",310065,"Divinópolis",3113,"Divinópolis"
313375,3133758,"MG","Minas Gerais",31,"Itaú de Minas",310041,"Passos",3108,"Varginha"
313380,3133808,"MG","Minas Gerais",31,"Itaúna",310065,"Divinópolis",3113,"Divinópolis"
313390,3133907,"MG","Minas Gerais",31,"Itaverava",310038,"Conselheiro Lafaiete",3107,"Barbacena"
313400,3134004,"MG","Minas Gerais",31,"Itinga",310017,"Araçuaí",3103,"Teófilo Otoni"
313410,3134103,"MG","Minas Gerais",31,"Itueta",310023,"Aimorés - Resplendor",3104,"Governador Valadares"
313420,3134202,"MG","Minas Gerais",31,"Ituiutaba",310060,"Ituiutaba",3111,"Uberlândia"
313430,3134301,"MG","Minas Gerais",31,"Itumirim",310043,"Lavras",3108,"Varginha"
313440,3134400,"MG","Minas Gerais",31,"Iturama",310058,"Iturama",3110,"Uberaba"
313450,3134509,"MG","Minas Gerais",31,"Itutinga",310043,"Lavras",3108,"Varginha"
313460,3134608,"MG","Minas Gerais",31,"Jaboticatubas",310001,"Belo Horizonte",3101,"Belo Horizonte"
313470,3134707,"MG","Minas Gerais",31,"Jacinto",310015,"Almenara",3103,"Teófilo Otoni"
313480,3134806,"MG","Minas Gerais",31,"Jacuí",310047,"São Sebastião do Paraíso",3108,"Varginha"
313490,3134905,"MG","Minas Gerais",31,"Jacutinga",310050,"Pouso Alegre",3109,"Pouso Alegre"
313500,3135001,"MG","Minas Gerais",31,"Jaguaraçu",310024,"Ipatinga",3105,"Ipatinga"
313505,3135050,"MG","Minas Gerais",31,"Jaíba",310007,"Janaúba",3102,"Montes Claros"
313507,3135076,"MG","Minas Gerais",31,"Jampruca",310020,"Governador Valadares",3104,"Governador Valadares"
313510,3135100,"MG","Minas Gerais",31,"Janaúba",310007,"Janaúba",3102,"Montes Claros"
313520,3135209,"MG","Minas Gerais",31,"Januária",310009,"Januária",3102,"Montes Claros"
313530,3135308,"MG","Minas Gerais",31,"Japaraíba",310065,"Divinópolis",3113,"Divinópolis"
313535,3135357,"MG","Minas Gerais",31,"Japonvar",310006,"Montes Claros",3102,"Montes Claros"
313540,3135407,"MG","Minas Gerais",31,"Jeceaba",310038,"Conselheiro Lafaiete",3107,"Barbacena"
313545,3135456,"MG","Minas Gerais",31,"Jenipapo de Minas",310017,"Araçuaí",3103,"Teófilo Otoni"
313550,3135506,"MG","Minas Gerais",31,"Jequeri",310030,"Ponte Nova",3106,"Juíz de Fora"
313560,3135605,"MG","Minas Gerais",31,"Jequitaí",310006,"Montes Claros",3102,"Montes Claros"
313570,3135704,"MG","Minas Gerais",31,"Jequitibá",310002,"Sete Lagoas",3101,"Belo Horizonte"
313580,3135803,"MG","Minas Gerais",31,"Jequitinhonha",310015,"Almenara",3103,"Teófilo Otoni"
313590,3135902,"MG","Minas Gerais",31,"Jesuânia",310053,"São Lourenço",3109,"Pouso Alegre"
313600,3136009,"MG","Minas Gerais",31,"Joaíma",310015,"Almenara",3103,"Teófilo Otoni"
313610,3136108,"MG","Minas Gerais",31,"Joanésia",310024,"Ipatinga",3105,"Ipatinga"
313620,3136207,"MG","Minas Gerais",31,"João Monlevade",310026,"João Monlevade",3105,"Ipatinga"
313630,3136306,"MG","Minas Gerais",31,"João Pinheiro",310062,"Patos de Minas",3112,"Patos de Minas"
313640,3136405,"MG","Minas Gerais",31,"Joaquim Felício",310006,"Montes Claros",3102,"Montes Claros"
313650,3136504,"MG","Minas Gerais",31,"Jordânia",310015,"Almenara",3103,"Teófilo Otoni"
313652,3136520,"MG","Minas Gerais",31,"José Gonçalves de Minas",310017,"Araçuaí",3103,"Teófilo Otoni"
313655,3136553,"MG","Minas Gerais",31,"José Raydan",310021,"Guanhães",3104,"Governador Valadares"
313657,3136579,"MG","Minas Gerais",31,"Josenópolis",310006,"Montes Claros",3102,"Montes Claros"
313660,3136603,"MG","Minas Gerais",31,"Nova União",310001,"Belo Horizonte",3101,"Belo Horizonte"
313665,3136652,"MG","Minas Gerais",31,"Juatuba",310001,"Belo Horizonte",3101,"Belo Horizonte"
313670,3136702,"MG","Minas Gerais",31,"Juiz de Fora",310027,"Juiz de Fora",3106,"Juíz de Fora"
313680,3136801,"MG","Minas Gerais",31,"Juramento",310006,"Montes Claros",3102,"Montes Claros"
313690,3136900,"MG","Minas Gerais",31,"Juruaia",310044,"Guaxupé",3108,"Varginha"
313695,3136959,"MG","Minas Gerais",31,"Juvenília",310009,"Januária",3102,"Montes Claros"
313700,3137007,"MG","Minas Gerais",31,"Ladainha",310013,"Teófilo Otoni",3103,"Teófilo Otoni"
313710,3137106,"MG","Minas Gerais",31,"Lagamar",310062,"Patos de Minas",3112,"Patos de Minas"
313720,3137205,"MG","Minas Gerais",31,"Lagoa da Prata",310065,"Divinópolis",3113,"Divinópolis"
313730,3137304,"MG","Minas Gerais",31,"Lagoa dos Patos",310006,"Montes Claros",3102,"Montes Claros"
313740,3137403,"MG","Minas Gerais",31,"Lagoa Dourada",310039,"São João del Rei",3107,"Barbacena"
313750,3137502,"MG","Minas Gerais",31,"Lagoa Formosa",310062,"Patos de Minas",3112,"Patos de Minas"
313753,3137536,"MG","Minas Gerais",31,"Lagoa Grande",310062,"Patos de Minas",3112,"Patos de Minas"
313760,3137601,"MG","Minas Gerais",31,"Lagoa Santa",310001,"Belo Horizonte",3101,"Belo Horizonte"
313770,3137700,"MG","Minas Gerais",31,"Lajinha",310028,"Manhuaçu",3106,"Juíz de Fora"
313780,3137809,"MG","Minas Gerais",31,"Lambari",310053,"São Lourenço",3109,"Pouso Alegre"
313790,3137908,"MG","Minas Gerais",31,"Lamim",310038,"Conselheiro Lafaiete",3107,"Barbacena"
313800,3138005,"MG","Minas Gerais",31,"Laranjal",310032,"Cataguases",3106,"Juíz de Fora"
313810,3138104,"MG","Minas Gerais",31,"Lassance",310010,"Pirapora",3102,"Montes Claros"
313820,3138203,"MG","Minas Gerais",31,"Lavras",310043,"Lavras",3108,"Varginha"
313830,3138302,"MG","Minas Gerais",31,"Leandro Ferreira",310065,"Divinópolis",3113,"Divinópolis"
313835,3138351,"MG","Minas Gerais",31,"Leme do Prado",310014,"Capelinha",3103,"Teófilo Otoni"
313840,3138401,"MG","Minas Gerais",31,"Leopoldina",310032,"Cataguases",3106,"Juíz de Fora"
313850,3138500,"MG","Minas Gerais",31,"Liberdade",310027,"Juiz de Fora",3106,"Juíz de Fora"
313860,3138609,"MG","Minas Gerais",31,"Lima Duarte",310027,"Juiz de Fora",3106,"Juíz de Fora"
313862,3138625,"MG","Minas Gerais",31,"Limeira do Oeste",310058,"Iturama",3110,"Uberaba"
313865,3138658,"MG","Minas Gerais",31,"Lontra",310006,"Montes Claros",3102,"Montes Claros"
313867,3138674,"MG","Minas Gerais",31,"Luisburgo",310028,"Manhuaçu",3106,"Juíz de Fora"
313868,3138682,"MG","Minas Gerais",31,"Luislândia",310006,"Montes Claros",3102,"Montes Claros"
313870,3138708,"MG","Minas Gerais",31,"Luminárias",310043,"Lavras",3108,"Varginha"
313880,3138807,"MG","Minas Gerais",31,"Luz",310067,"Dores do Indaiá",3113,"Divinópolis"
313890,3138906,"MG","Minas Gerais",31,"Machacalis",310019,"Águas Formosas",3103,"Teófilo Otoni"
313900,3139003,"MG","Minas Gerais",31,"Machado",310042,"Alfenas",3108,"Varginha"
313910,3139102,"MG","Minas Gerais",31,"Madre de Deus de Minas",310039,"São João del Rei",3107,"Barbacena"
313920,3139201,"MG","Minas Gerais",31,"Malacacheta",310013,"Teófilo Otoni",3103,"Teófilo Otoni"
313925,3139250,"MG","Minas Gerais",31,"Mamonas",310012,"Espinosa",3102,"Montes Claros"
313930,3139300,"MG","Minas Gerais",31,"Manga",310007,"Janaúba",3102,"Montes Claros"
313940,3139409,"MG","Minas Gerais",31,"Manhuaçu",310028,"Manhuaçu",3106,"Juíz de Fora"
313950,3139508,"MG","Minas Gerais",31,"Manhumirim",310028,"Manhuaçu",3106,"Juíz de Fora"
313960,3139607,"MG","Minas Gerais",31,"Mantena",310022,"Mantena",3104,"Governador Valadares"
313970,3139706,"MG","Minas Gerais",31,"Maravilhas",310068,"Pará de Minas",3113,"Divinópolis"
313980,3139805,"MG","Minas Gerais",31,"Mar de Espanha",310035,"São João Nepomuceno - Bicas",3106,"Juíz de Fora"
313990,3139904,"MG","Minas Gerais",31,"Maria da Fé",310052,"Itajubá",3109,"Pouso Alegre"
314000,3140001,"MG","Minas Gerais",31,"Mariana",310003,"Santa Bárbara - Ouro Preto",3101,"Belo Horizonte"
314010,3140100,"MG","Minas Gerais",31,"Marilac",310020,"Governador Valadares",3104,"Governador Valadares"
314015,3140159,"MG","Minas Gerais",31,"Mário Campos",310001,"Belo Horizonte",3101,"Belo Horizonte"
314020,3140209,"MG","Minas Gerais",31,"Maripá de Minas",310035,"São João Nepomuceno - Bicas",3106,"Juíz de Fora"
314030,3140308,"MG","Minas Gerais",31,"Marliéria",310024,"Ipatinga",3105,"Ipatinga"
314040,3140407,"MG","Minas Gerais",31,"Marmelópolis",310052,"Itajubá",3109,"Pouso Alegre"
314050,3140506,"MG","Minas Gerais",31,"Martinho Campos",310067,"Dores do Indaiá",3113,"Divinópolis"
314053,3140530,"MG","Minas Gerais",31,"Martins Soares",310028,"Manhuaçu",3106,"Juíz de Fora"
314055,3140555,"MG","Minas Gerais",31,"Mata Verde",310015,"Almenara",3103,"Teófilo Otoni"
314060,3140605,"MG","Minas Gerais",31,"Materlândia",310021,"Guanhães",3104,"Governador Valadares"
314070,3140704,"MG","Minas Gerais",31,"Mateus Leme",310001,"Belo Horizonte",3101,"Belo Horizonte"
314080,3140803,"MG","Minas Gerais",31,"Matias Barbosa",310027,"Juiz de Fora",3106,"Juíz de Fora"
314085,3140852,"MG","Minas Gerais",31,"Matias Cardoso",310007,"Janaúba",3102,"Montes Claros"
314090,3140902,"MG","Minas Gerais",31,"Matipó",310028,"Manhuaçu",3106,"Juíz de Fora"
314100,3141009,"MG","Minas Gerais",31,"Mato Verde",310012,"Espinosa",3102,"Montes Claros"
314110,3141108,"MG","Minas Gerais",31,"Matozinhos",310002,"Sete Lagoas",3101,"Belo Horizonte"
314120,3141207,"MG","Minas Gerais",31,"Matutina",310062,"Patos de Minas",3112,"Patos de Minas"
314130,3141306,"MG","Minas Gerais",31,"Medeiros",310066,"Formiga",3113,"Divinópolis"
314140,3141405,"MG","Minas Gerais",31,"Medina",310018,"Pedra Azul",3103,"Teófilo Otoni"
314150,3141504,"MG","Minas Gerais",31,"Mendes Pimentel",310022,"Mantena",3104,"Governador Valadares"
314160,3141603,"MG","Minas Gerais",31,"Mercês",310029,"Ubá",3106,"Juíz de Fora"
314170,3141702,"MG","Minas Gerais",31,"Mesquita",310024,"Ipatinga",3105,"Ipatinga"
314180,3141801,"MG","Minas Gerais",31,"Minas Novas",310014,"Capelinha",3103,"Teófilo Otoni"
314190,3141900,"MG","Minas Gerais",31,"Minduri",310054,"Caxambu - Baependi",3109,"Pouso Alegre"
314200,3142007,"MG","Minas Gerais",31,"Mirabela",310006,"Montes Claros",3102,"Montes Claros"
314210,3142106,"MG","Minas Gerais",31,"Miradouro",310031,"Muriaé",3106,"Juíz de Fora"
314220,3142205,"MG","Minas Gerais",31,"Miraí",310031,"Muriaé",3106,"Juíz de Fora"
314225,3142254,"MG","Minas Gerais",31,"Miravânia",310007,"Janaúba",3102,"Montes Claros"
314230,3142304,"MG","Minas Gerais",31,"Moeda",310001,"Belo Horizonte",3101,"Belo Horizonte"
314240,3142403,"MG","Minas Gerais",31,"Moema",310067,"Dores do Indaiá",3113,"Divinópolis"
314250,3142502,"MG","Minas Gerais",31,"Monjolos",310004,"Curvelo",3101,"Belo Horizonte"
314260,3142601,"MG","Minas Gerais",31,"Monsenhor Paulo",310040,"Varginha",3108,"Varginha"
314270,3142700,"MG","Minas Gerais",31,"Montalvânia",310009,"Januária",3102,"Montes Claros"
314280,3142809,"MG","Minas Gerais",31,"Monte Alegre de Minas",310059,"Uberlândia",3111,"Uberlândia"
314290,3142908,"MG","Minas Gerais",31,"Monte Azul",310012,"Espinosa",3102,"Montes Claros"
314300,3143005,"MG","Minas Gerais",31,"Monte Belo",310044,"Guaxupé",3108,"Varginha"
314310,3143104,"MG","Minas Gerais",31,"Monte Carmelo",310061,"Monte Carmelo",3111,"Uberlândia"
314315,3143153,"MG","Minas Gerais",31,"Monte Formoso",310013,"Teófilo Otoni",3103,"Teófilo Otoni"
314320,3143203,"MG","Minas Gerais",31,"Monte Santo de Minas",310047,"São Sebastião do Paraíso",3108,"Varginha"
314330,3143302,"MG","Minas Gerais",31,"Montes Claros",310006,"Montes Claros",3102,"Montes Claros"
314340,3143401,"MG","Minas Gerais",31,"Monte Sião",310050,"Pouso Alegre",3109,"Pouso Alegre"
314345,3143450,"MG","Minas Gerais",31,"Montezuma",310012,"Espinosa",3102,"Montes Claros"
314350,3143500,"MG","Minas Gerais",31,"Morada Nova de Minas",310070,"Abaeté",3113,"Divinópolis"
314360,3143609,"MG","Minas Gerais",31,"Morro da Garça",310004,"Curvelo",3101,"Belo Horizonte"
314370,3143708,"MG","Minas Gerais",31,"Morro do Pilar",310002,"Sete Lagoas",3101,"Belo Horizonte"
314380,3143807,"MG","Minas Gerais",31,"Munhoz",310050,"Pouso Alegre",3109,"Pouso Alegre"
314390,3143906,"MG","Minas Gerais",31,"Muriaé",310031,"Muriaé",3106,"Juíz de Fora"
314400,3144003,"MG","Minas Gerais",31,"Mutum",310028,"Manhuaçu",3106,"Juíz de Fora"
314410,3144102,"MG","Minas Gerais",31,"Muzambinho",310044,"Guaxupé",3108,"Varginha"
314420,3144201,"MG","Minas Gerais",31,"Nacip Raydan",310020,"Governador Valadares",3104,"Governador Valadares"
314430,3144300,"MG","Minas Gerais",31,"Nanuque",310013,"Teófilo Otoni",3103,"Teófilo Otoni"
314435,3144359,"MG","Minas Gerais",31,"Naque",310024,"Ipatinga",3105,"Ipatinga"
314437,3144375,"MG","Minas Gerais",31,"Natalândia",310063,"Unaí",3112,"Patos de Minas"
314440,3144409,"MG","Minas Gerais",31,"Natércia",310050,"Pouso Alegre",3109,"Pouso Alegre"
314450,3144508,"MG","Minas Gerais",31,"Nazareno",310039,"São João del Rei",3107,"Barbacena"
314460,3144607,"MG","Minas Gerais",31,"Nepomuceno",310043,"Lavras",3108,"Varginha"
314465,3144656,"MG","Minas Gerais",31,"Ninheira",310008,"Salinas",3102,"Montes Claros"
314467,3144672,"MG","Minas Gerais",31,"Nova Belém",310022,"Mantena",3104,"Governador Valadares"
314470,3144706,"MG","Minas Gerais",31,"Nova Era",310026,"João Monlevade",3105,"Ipatinga"
314480,3144805,"MG","Minas Gerais",31,"Nova Lima",310001,"Belo Horizonte",3101,"Belo Horizonte"
314490,3144904,"MG","Minas Gerais",31,"Nova Módica",310013,"Teófilo Otoni",3103,"Teófilo Otoni"
314500,3145000,"MG","Minas Gerais",31,"Nova Ponte",310055,"Uberaba",3110,"Uberaba"
314505,3145059,"MG","Minas Gerais",31,"Nova Porteirinha",310007,"Janaúba",3102,"Montes Claros"
314510,3145109,"MG","Minas Gerais",31,"Nova Resende",310044,"Guaxupé",3108,"Varginha"
314520,3145208,"MG","Minas Gerais",31,"Nova Serrana",310065,"Divinópolis",3113,"Divinópolis"
314530,3145307,"MG","Minas Gerais",31,"Novo Cruzeiro",310013,"Teófilo Otoni",3103,"Teófilo Otoni"
314535,3145356,"MG","Minas Gerais",31,"Novo Oriente de Minas",310013,"Teófilo Otoni",3103,"Teófilo Otoni"
314537,3145372,"MG","Minas Gerais",31,"Novorizonte",310008,"Salinas",3102,"Montes Claros"
314540,3145406,"MG","Minas Gerais",31,"Olaria",310027,"Juiz de Fora",3106,"Juíz de Fora"
314545,3145455,"MG","Minas Gerais",31,"Olhos-d'Água",310006,"Montes Claros",3102,"Montes Claros"
314550,3145505,"MG","Minas Gerais",31,"Olímpio Noronha",310053,"São Lourenço",3109,"Pouso Alegre"
314560,3145604,"MG","Minas Gerais",31,"Oliveira",310069,"Oliveira",3113,"Divinópolis"
314570,3145703,"MG","Minas Gerais",31,"Oliveira Fortes",310027,"Juiz de Fora",3106,"Juíz de Fora"
314580,3145802,"MG","Minas Gerais",31,"Onça de Pitangui",310068,"Pará de Minas",3113,"Divinópolis"
314585,3145851,"MG","Minas Gerais",31,"Oratórios",310030,"Ponte Nova",3106,"Juíz de Fora"
314587,3145877,"MG","Minas Gerais",31,"Orizânia",310034,"Carangola",3106,"Juíz de Fora"
314590,3145901,"MG","Minas Gerais",31,"Ouro Branco",310038,"Conselheiro Lafaiete",3107,"Barbacena"
314600,3146008,"MG","Minas Gerais",31,"Ouro Fino",310050,"Pouso Alegre",3109,"Pouso Alegre"
314610,3146107,"MG","Minas Gerais",31,"Ouro Preto",310003,"Santa Bárbara - Ouro Preto",3101,"Belo Horizonte"
314620,3146206,"MG","Minas Gerais",31,"Ouro Verde de Minas",310013,"Teófilo Otoni",3103,"Teófilo Otoni"
314625,3146255,"MG","Minas Gerais",31,"Padre Carvalho",310008,"Salinas",3102,"Montes Claros"
314630,3146305,"MG","Minas Gerais",31,"Padre Paraíso",310013,"Teófilo Otoni",3103,"Teófilo Otoni"
314640,3146404,"MG","Minas Gerais",31,"Paineiras",310070,"Abaeté",3113,"Divinópolis"
314650,3146503,"MG","Minas Gerais",31,"Pains",310066,"Formiga",3113,"Divinópolis"
314655,3146552,"MG","Minas Gerais",31,"Pai Pedro",310007,"Janaúba",3102,"Montes Claros"
314660,3146602,"MG","Minas Gerais",31,"Paiva",310027,"Juiz de Fora",3106,"Juíz de Fora"
314670,3146701,"MG","Minas Gerais",31,"Palma",310032,"Cataguases",3106,"Juíz de Fora"
314675,3146750,"MG","Minas Gerais",31,"Palmópolis",310015,"Almenara",3103,"Teófilo Otoni"
314690,3146909,"MG","Minas Gerais",31,"Papagaios",310068,"Pará de Minas",3113,"Divinópolis"
314700,3147006,"MG","Minas Gerais",31,"Paracatu",310062,"Patos de Minas",3112,"Patos de Minas"
314710,3147105,"MG","Minas Gerais",31,"Pará de Minas",310068,"Pará de Minas",3113,"Divinópolis"
314720,3147204,"MG","Minas Gerais",31,"Paraguaçu",310042,"Alfenas",3108,"Varginha"
314730,3147303,"MG","Minas Gerais",31,"Paraisópolis",310052,"Itajubá",3109,"Pouso Alegre"
314740,3147402,"MG","Minas Gerais",31,"Paraopeba",310002,"Sete Lagoas",3101,"Belo Horizonte"
314750,3147501,"MG","Minas Gerais",31,"Passabém",310005,"Itabira",3101,"Belo Horizonte"
314760,3147600,"MG","Minas Gerais",31,"Passa Quatro",310053,"São Lourenço",3109,"Pouso Alegre"
314770,3147709,"MG","Minas Gerais",31,"Passa Tempo",310069,"Oliveira",3113,"Divinópolis"
314780,3147808,"MG","Minas Gerais",31,"Passa Vinte",310027,"Juiz de Fora",3106,"Juíz de Fora"
314790,3147907,"MG","Minas Gerais",31,"Passos",310041,"Passos",3108,"Varginha"
314795,3147956,"MG","Minas Gerais",31,"Patis",310006,"Montes Claros",3102,"Montes Claros"
314800,3148004,"MG","Minas Gerais",31,"Patos de Minas",310062,"Patos de Minas",3112,"Patos de Minas"
314810,3148103,"MG","Minas Gerais",31,"Patrocínio",310064,"Patrocínio",3112,"Patos de Minas"
314820,3148202,"MG","Minas Gerais",31,"Patrocínio do Muriaé",310031,"Muriaé",3106,"Juíz de Fora"
314830,3148301,"MG","Minas Gerais",31,"Paula Cândido",310033,"Viçosa",3106,"Juíz de Fora"
314840,3148400,"MG","Minas Gerais",31,"Paulistas",310021,"Guanhães",3104,"Governador Valadares"
314850,3148509,"MG","Minas Gerais",31,"Pavão",310013,"Teófilo Otoni",3103,"Teófilo Otoni"
314860,3148608,"MG","Minas Gerais",31,"Peçanha",310021,"Guanhães",3104,"Governador Valadares"
314870,3148707,"MG","Minas Gerais",31,"Pedra Azul",310018,"Pedra Azul",3103,"Teófilo Otoni"
314875,3148756,"MG","Minas Gerais",31,"Pedra Bonita",310034,"Carangola",3106,"Juíz de Fora"
314880,3148806,"MG","Minas Gerais",31,"Pedra do Anta",310033,"Viçosa",3106,"Juíz de Fora"
314890,3148905,"MG","Minas Gerais",31,"Pedra do Indaiá",310065,"Divinópolis",3113,"Divinópolis"
314900,3149002,"MG","Minas Gerais",31,"Pedra Dourada",310034,"Carangola",3106,"Juíz de Fora"
314910,3149101,"MG","Minas Gerais",31,"Pedralva",310052,"Itajubá",3109,"Pouso Alegre"
314915,3149150,"MG","Minas Gerais",31,"Pedras de Maria da Cruz",310009,"Januária",3102,"Montes Claros"
314920,3149200,"MG","Minas Gerais",31,"Pedrinópolis",310056,"Araxá",3110,"Uberaba"
314930,3149309,"MG","Minas Gerais",31,"Pedro Leopoldo",310001,"Belo Horizonte",3101,"Belo Horizonte"
314940,3149408,"MG","Minas Gerais",31,"Pedro Teixeira",310027,"Juiz de Fora",3106,"Juíz de Fora"
314950,3149507,"MG","Minas Gerais",31,"Pequeri",310035,"São João Nepomuceno - Bicas",3106,"Juíz de Fora"
314960,3149606,"MG","Minas Gerais",31,"Pequi",310068,"Pará de Minas",3113,"Divinópolis"
314970,3149705,"MG","Minas Gerais",31,"Perdigão",310065,"Divinópolis",3113,"Divinópolis"
314980,3149804,"MG","Minas Gerais",31,"Perdizes",310056,"Araxá",3110,"Uberaba"
314990,3149903,"MG","Minas Gerais",31,"Perdões",310043,"Lavras",3108,"Varginha"
314995,3149952,"MG","Minas Gerais",31,"Periquito",310024,"Ipatinga",3105,"Ipatinga"
315000,3150000,"MG","Minas Gerais",31,"Pescador",310013,"Teófilo Otoni",3103,"Teófilo Otoni"
315010,3150109,"MG","Minas Gerais",31,"Piau",310027,"Juiz de Fora",3106,"Juíz de Fora"
315015,3150158,"MG","Minas Gerais",31,"Piedade de Caratinga",310025,"Caratinga",3105,"Ipatinga"
315020,3150208,"MG","Minas Gerais",31,"Piedade de Ponte Nova",310030,"Ponte Nova",3106,"Juíz de Fora"
315030,3150307,"MG","Minas Gerais",31,"Piedade do Rio Grande",310039,"São João del Rei",3107,"Barbacena"
315040,3150406,"MG","Minas Gerais",31,"Piedade dos Gerais",310069,"Oliveira",3113,"Divinópolis"
315050,3150505,"MG","Minas Gerais",31,"Pimenta",310066,"Formiga",3113,"Divinópolis"
315053,3150539,"MG","Minas Gerais",31,"Pingo-d'Água",310024,"Ipatinga",3105,"Ipatinga"
315057,3150570,"MG","Minas Gerais",31,"Pintópolis",310011,"São Francisco",3102,"Montes Claros"
315060,3150604,"MG","Minas Gerais",31,"Piracema",310069,"Oliveira",3113,"Divinópolis"
315070,3150703,"MG","Minas Gerais",31,"Pirajuba",310057,"Frutal",3110,"Uberaba"
315080,3150802,"MG","Minas Gerais",31,"Piranga",310038,"Conselheiro Lafaiete",3107,"Barbacena"
315090,3150901,"MG","Minas Gerais",31,"Piranguçu",310052,"Itajubá",3109,"Pouso Alegre"
315100,3151008,"MG","Minas Gerais",31,"Piranguinho",310052,"Itajubá",3109,"Pouso Alegre"
315110,3151107,"MG","Minas Gerais",31,"Pirapetinga",310036,"Além Paraíba",3106,"Juíz de Fora"
315120,3151206,"MG","Minas Gerais",31,"Pirapora",310010,"Pirapora",3102,"Montes Claros"
315130,3151305,"MG","Minas Gerais",31,"Piraúba",310029,"Ubá",3106,"Juíz de Fora"
315140,3151404,"MG","Minas Gerais",31,"Pitangui",310065,"Divinópolis",3113,"Divinópolis"
315150,3151503,"MG","Minas Gerais",31,"Piumhi",310049,"Piumhi",3108,"Varginha"
315160,3151602,"MG","Minas Gerais",31,"Planura",310057,"Frutal",3110,"Uberaba"
315170,3151701,"MG","Minas Gerais",31,"Poço Fundo",310042,"Alfenas",3108,"Varginha"
315180,3151800,"MG","Minas Gerais",31,"Poços de Caldas",310051,"Poços de Caldas",3109,"Pouso Alegre"
315190,3151909,"MG","Minas Gerais",31,"Pocrane",310028,"Manhuaçu",3106,"Juíz de Fora"
315200,3152006,"MG","Minas Gerais",31,"Pompéu",310067,"Dores do Indaiá",3113,"Divinópolis"
315210,3152105,"MG","Minas Gerais",31,"Ponte Nova",310030,"Ponte Nova",3106,"Juíz de Fora"
315213,3152131,"MG","Minas Gerais",31,"Ponto Chique",310010,"Pirapora",3102,"Montes Claros"
315217,3152170,"MG","Minas Gerais",31,"Ponto dos Volantes",310013,"Teófilo Otoni",3103,"Teófilo Otoni"
315220,3152204,"MG","Minas Gerais",31,"Porteirinha",310007,"Janaúba",3102,"Montes Claros"
315230,3152303,"MG","Minas Gerais",31,"Porto Firme",310033,"Viçosa",3106,"Juíz de Fora"
315240,3152402,"MG","Minas Gerais",31,"Poté",310013,"Teófilo Otoni",3103,"Teófilo Otoni"
315250,3152501,"MG","Minas Gerais",31,"Pouso Alegre",310050,"Pouso Alegre",3109,"Pouso Alegre"
315260,3152600,"MG","Minas Gerais",31,"Pouso Alto",310053,"São Lourenço",3109,"Pouso Alegre"
315270,3152709,"MG","Minas Gerais",31,"Prados",310039,"São João del Rei",3107,"Barbacena"
315280,3152808,"MG","Minas Gerais",31,"Prata",310059,"Uberlândia",3111,"Uberlândia"
315290,3152907,"MG","Minas Gerais",31,"Pratápolis",310041,"Passos",3108,"Varginha"
315300,3153004,"MG","Minas Gerais",31,"Pratinha",310056,"Araxá",3110,"Uberaba"
315310,3153103,"MG","Minas Gerais",31,"Presidente Bernardes",310033,"Viçosa",3106,"Juíz de Fora"
315320,3153202,"MG","Minas Gerais",31,"Presidente Juscelino",310004,"Curvelo",3101,"Belo Horizonte"
315330,3153301,"MG","Minas Gerais",31,"Presidente Kubitschek",310016,"Diamantina",3103,"Teófilo Otoni"
315340,3153400,"MG","Minas Gerais",31,"Presidente Olegário",310062,"Patos de Minas",3112,"Patos de Minas"
315350,3153509,"MG","Minas Gerais",31,"Alto Jequitibá",310028,"Manhuaçu",3106,"Juíz de Fora"
315360,3153608,"MG","Minas Gerais",31,"Prudente de Morais",310002,"Sete Lagoas",3101,"Belo Horizonte"
315370,3153707,"MG","Minas Gerais",31,"Quartel Geral",310067,"Dores do Indaiá",3113,"Divinópolis"
315380,3153806,"MG","Minas Gerais",31,"Queluzito",310038,"Conselheiro Lafaiete",3107,"Barbacena"
315390,3153905,"MG","Minas Gerais",31,"Raposos",310001,"Belo Horizonte",3101,"Belo Horizonte"
315400,3154002,"MG","Minas Gerais",31,"Raul Soares",310025,"Caratinga",3105,"Ipatinga"
315410,3154101,"MG","Minas Gerais",31,"Recreio",310032,"Cataguases",3106,"Juíz de Fora"
315415,3154150,"MG","Minas Gerais",31,"Reduto",310028,"Manhuaçu",3106,"Juíz de Fora"
315420,3154200,"MG","Minas Gerais",31,"Resende Costa",310039,"São João del Rei",3107,"Barbacena"
315430,3154309,"MG","Minas Gerais",31,"Resplendor",310023,"Aimorés - Resplendor",3104,"Governador Valadares"
315440,3154408,"MG","Minas Gerais",31,"Ressaquinha",310037,"Barbacena",3107,"Barbacena"
315445,3154457,"MG","Minas Gerais",31,"Riachinho",310063,"Unaí",3112,"Patos de Minas"
315450,3154507,"MG","Minas Gerais",31,"Riacho dos Machados",310007,"Janaúba",3102,"Montes Claros"
315460,3154606,"MG","Minas Gerais",31,"Ribeirão das Neves",310001,"Belo Horizonte",3101,"Belo Horizonte"
315470,3154705,"MG","Minas Gerais",31,"Ribeirão Vermelho",310043,"Lavras",3108,"Varginha"
315480,3154804,"MG","Minas Gerais",31,"Rio Acima",310001,"Belo Horizonte",3101,"Belo Horizonte"
315490,3154903,"MG","Minas Gerais",31,"Rio Casca",310030,"Ponte Nova",3106,"Juíz de Fora"
315500,3155009,"MG","Minas Gerais",31,"Rio Doce",310030,"Ponte Nova",3106,"Juíz de Fora"
315510,3155108,"MG","Minas Gerais",31,"Rio do Prado",310015,"Almenara",3103,"Teófilo Otoni"
315520,3155207,"MG","Minas Gerais",31,"Rio Espera",310038,"Conselheiro Lafaiete",3107,"Barbacena"
315530,3155306,"MG","Minas Gerais",31,"Rio Manso",310069,"Oliveira",3113,"Divinópolis"
315540,3155405,"MG","Minas Gerais",31,"Rio Novo",310027,"Juiz de Fora",3106,"Juíz de Fora"
315550,3155504,"MG","Minas Gerais",31,"Rio Paranaíba",310062,"Patos de Minas",3112,"Patos de Minas"
315560,3155603,"MG","Minas Gerais",31,"Rio Pardo de Minas",310008,"Salinas",3102,"Montes Claros"
315570,3155702,"MG","Minas Gerais",31,"Rio Piracicaba",310026,"João Monlevade",3105,"Ipatinga"
315580,3155801,"MG","Minas Gerais",31,"Rio Pomba",310029,"Ubá",3106,"Juíz de Fora"
315590,3155900,"MG","Minas Gerais",31,"Rio Preto",310027,"Juiz de Fora",3106,"Juíz de Fora"
315600,3156007,"MG","Minas Gerais",31,"Rio Vermelho",310021,"Guanhães",3104,"Governador Valadares"
315610,3156106,"MG","Minas Gerais",31,"Ritápolis",310039,"São João del Rei",3107,"Barbacena"
315620,3156205,"MG","Minas Gerais",31,"Rochedo de Minas",310035,"São João Nepomuceno - Bicas",3106,"Juíz de Fora"
315630,3156304,"MG","Minas Gerais",31,"Rodeiro",310029,"Ubá",3106,"Juíz de Fora"
315640,3156403,"MG","Minas Gerais",31,"Romaria",310061,"Monte Carmelo",3111,"Uberlândia"
315645,3156452,"MG","Minas Gerais",31,"Rosário da Limeira",310031,"Muriaé",3106,"Juíz de Fora"
315650,3156502,"MG","Minas Gerais",31,"Rubelita",310008,"Salinas",3102,"Montes Claros"
315660,3156601,"MG","Minas Gerais",31,"Rubim",310015,"Almenara",3103,"Teófilo Otoni"
315670,3156700,"MG","Minas Gerais",31,"Sabará",310001,"Belo Horizonte",3101,"Belo Horizonte"
315680,3156809,"MG","Minas Gerais",31,"Sabinópolis",310021,"Guanhães",3104,"Governador Valadares"
315690,3156908,"MG","Minas Gerais",31,"Sacramento",310055,"Uberaba",3110,"Uberaba"
315700,3157005,"MG","Minas Gerais",31,"Salinas",310008,"Salinas",3102,"Montes Claros"
315710,3157104,"MG","Minas Gerais",31,"Salto da Divisa",310015,"Almenara",3103,"Teófilo Otoni"
315720,3157203,"MG","Minas Gerais",31,"Santa Bárbara",310003,"Santa Bárbara - Ouro Preto",3101,"Belo Horizonte"
315725,3157252,"MG","Minas Gerais",31,"Santa Bárbara do Leste",310025,"Caratinga",3105,"Ipatinga"
315727,3157278,"MG","Minas Gerais",31,"Santa Bárbara do Monte Verde",310027,"Juiz de Fora",3106,"Juíz de Fora"
315730,3157302,"MG","Minas Gerais",31,"Santa Bárbara do Tugúrio",310037,"Barbacena",3107,"Barbacena"
315733,3157336,"MG","Minas Gerais",31,"Santa Cruz de Minas",310039,"São João del Rei",3107,"Barbacena"
315737,3157377,"MG","Minas Gerais",31,"Santa Cruz de Salinas",310008,"Salinas",3102,"Montes Claros"
315740,3157401,"MG","Minas Gerais",31,"Santa Cruz do Escalvado",310030,"Ponte Nova",3106,"Juíz de Fora"
315750,3157500,"MG","Minas Gerais",31,"Santa Efigênia de Minas",310020,"Governador Valadares",3104,"Governador Valadares"
315760,3157609,"MG","Minas Gerais",31,"Santa Fé de Minas",310010,"Pirapora",3102,"Montes Claros"
315765,3157658,"MG","Minas Gerais",31,"Santa Helena de Minas",310019,"Águas Formosas",3103,"Teófilo Otoni"
315770,3157708,"MG","Minas Gerais",31,"Santa Juliana",310055,"Uberaba",3110,"Uberaba"
315780,3157807,"MG","Minas Gerais",31,"Santa Luzia",310001,"Belo Horizonte",3101,"Belo Horizonte"
315790,3157906,"MG","Minas Gerais",31,"Santa Margarida",310028,"Manhuaçu",3106,"Juíz de Fora"
315800,3158003,"MG","Minas Gerais",31,"Santa Maria de Itabira",310005,"Itabira",3101,"Belo Horizonte"
315810,3158102,"MG","Minas Gerais",31,"Santa Maria do Salto",310015,"Almenara",3103,"Teófilo Otoni"
315820,3158201,"MG","Minas Gerais",31,"Santa Maria do Suaçuí",310021,"Guanhães",3104,"Governador Valadares"
315830,3158300,"MG","Minas Gerais",31,"Santana da Vargem",310046,"Três Pontas - Boa Esperança",3108,"Varginha"
315840,3158409,"MG","Minas Gerais",31,"Santana de Cataguases",310032,"Cataguases",3106,"Juíz de Fora"
315850,3158508,"MG","Minas Gerais",31,"Santana de Pirapama",310002,"Sete Lagoas",3101,"Belo Horizonte"
315860,3158607,"MG","Minas Gerais",31,"Santana do Deserto",310027,"Juiz de Fora",3106,"Juíz de Fora"
315870,3158706,"MG","Minas Gerais",31,"Santana do Garambéu",310037,"Barbacena",3107,"Barbacena"
315880,3158805,"MG","Minas Gerais",31,"Santana do Jacaré",310048,"Campo Belo",3108,"Varginha"
315890,3158904,"MG","Minas Gerais",31,"Santana do Manhuaçu",310028,"Manhuaçu",3106,"Juíz de Fora"
315895,3158953,"MG","Minas Gerais",31,"Santana do Paraíso",310024,"Ipatinga",3105,"Ipatinga"
315900,3159001,"MG","Minas Gerais",31,"Santana do Riacho",310002,"Sete Lagoas",3101,"Belo Horizonte"
315910,3159100,"MG","Minas Gerais",31,"Santana dos Montes",310038,"Conselheiro Lafaiete",3107,"Barbacena"
315920,3159209,"MG","Minas Gerais",31,"Santa Rita de Caldas",310051,"Poços de Caldas",3109,"Pouso Alegre"
315930,3159308,"MG","Minas Gerais",31,"Santa Rita de Jacutinga",310027,"Juiz de Fora",3106,"Juíz de Fora"
315935,3159357,"MG","Minas Gerais",31,"Santa Rita de Minas",310025,"Caratinga",3105,"Ipatinga"
315940,3159407,"MG","Minas Gerais",31,"Santa Rita de Ibitipoca",310037,"Barbacena",3107,"Barbacena"
315950,3159506,"MG","Minas Gerais",31,"Santa Rita do Itueto",310023,"Aimorés - Resplendor",3104,"Governador Valadares"
315960,3159605,"MG","Minas Gerais",31,"Santa Rita do Sapucaí",310050,"Pouso Alegre",3109,"Pouso Alegre"
315970,3159704,"MG","Minas Gerais",31,"Santa Rosa da Serra",310056,"Araxá",3110,"Uberaba"
315980,3159803,"MG","Minas Gerais",31,"Santa Vitória",310060,"Ituiutaba",3111,"Uberlândia"
315990,3159902,"MG","Minas Gerais",31,"Santo Antônio do Amparo",310043,"Lavras",3108,"Varginha"
316000,3160009,"MG","Minas Gerais",31,"Santo Antônio do Aventureiro",310036,"Além Paraíba",3106,"Juíz de Fora"
316010,3160108,"MG","Minas Gerais",31,"Santo Antônio do Grama",310030,"Ponte Nova",3106,"Juíz de Fora"
316020,3160207,"MG","Minas Gerais",31,"Santo Antônio do Itambé",310016,"Diamantina",3103,"Teófilo Otoni"
316030,3160306,"MG","Minas Gerais",31,"Santo Antônio do Jacinto",310015,"Almenara",3103,"Teófilo Otoni"
316040,3160405,"MG","Minas Gerais",31,"Santo Antônio do Monte",310065,"Divinópolis",3113,"Divinópolis"
316045,3160454,"MG","Minas Gerais",31,"Santo Antônio do Retiro",310012,"Espinosa",3102,"Montes Claros"
316050,3160504,"MG","Minas Gerais",31,"Santo Antônio do Rio Abaixo",310005,"Itabira",3101,"Belo Horizonte"
316060,3160603,"MG","Minas Gerais",31,"Santo Hipólito",310004,"Curvelo",3101,"Belo Horizonte"
316070,3160702,"MG","Minas Gerais",31,"Santos Dumont",310027,"Juiz de Fora",3106,"Juíz de Fora"
316080,3160801,"MG","Minas Gerais",31,"São Bento Abade",310045,"Três Corações",3108,"Varginha"
316090,3160900,"MG","Minas Gerais",31,"São Brás do Suaçuí",310038,"Conselheiro Lafaiete",3107,"Barbacena"
316095,3160959,"MG","Minas Gerais",31,"São Domingos das Dores",310025,"Caratinga",3105,"Ipatinga"
316100,3161007,"MG","Minas Gerais",31,"São Domingos do Prata",310026,"João Monlevade",3105,"Ipatinga"
316105,3161056,"MG","Minas Gerais",31,"São Félix de Minas",310022,"Mantena",3104,"Governador Valadares"
316110,3161106,"MG","Minas Gerais",31,"São Francisco",310011,"São Francisco",3102,"Montes Claros"
316120,3161205,"MG","Minas Gerais",31,"São Francisco de Paula",310069,"Oliveira",3113,"Divinópolis"
316130,3161304,"MG","Minas Gerais",31,"São Francisco de Sales",310058,"Iturama",3110,"Uberaba"
316140,3161403,"MG","Minas Gerais",31,"São Francisco do Glória",310031,"Muriaé",3106,"Juíz de Fora"
316150,3161502,"MG","Minas Gerais",31,"São Geraldo",310029,"Ubá",3106,"Juíz de Fora"
316160,3161601,"MG","Minas Gerais",31,"São Geraldo da Piedade",310020,"Governador Valadares",3104,"Governador Valadares"
316165,3161650,"MG","Minas Gerais",31,"São Geraldo do Baixio",310020,"Governador Valadares",3104,"Governador Valadares"
316170,3161700,"MG","Minas Gerais",31,"São Gonçalo do Abaeté",310062,"Patos de Minas",3112,"Patos de Minas"
316180,3161809,"MG","Minas Gerais",31,"São Gonçalo do Pará",310065,"Divinópolis",3113,"Divinópolis"
316190,3161908,"MG","Minas Gerais",31,"São Gonçalo do Rio Abaixo",310026,"João Monlevade",3105,"Ipatinga"
316200,3162005,"MG","Minas Gerais",31,"São Gonçalo do Sapucaí",310040,"Varginha",3108,"Varginha"
316210,3162104,"MG","Minas Gerais",31,"São Gotardo",310062,"Patos de Minas",3112,"Patos de Minas"
316220,3162203,"MG","Minas Gerais",31,"São João Batista do Glória",310041,"Passos",3108,"Varginha"
316225,3162252,"MG","Minas Gerais",31,"São João da Lagoa",310006,"Montes Claros",3102,"Montes Claros"
316230,3162302,"MG","Minas Gerais",31,"São João da Mata",310050,"Pouso Alegre",3109,"Pouso Alegre"
316240,3162401,"MG","Minas Gerais",31,"São João da Ponte",310006,"Montes Claros",3102,"Montes Claros"
316245,3162450,"MG","Minas Gerais",31,"São João das Missões",310009,"Januária",3102,"Montes Claros"
316250,3162500,"MG","Minas Gerais",31,"São João del Rei",310039,"São João del Rei",3107,"Barbacena"
316255,3162559,"MG","Minas Gerais",31,"São João do Manhuaçu",310028,"Manhuaçu",3106,"Juíz de Fora"
316257,3162575,"MG","Minas Gerais",31,"São João do Manteninha",310022,"Mantena",3104,"Governador Valadares"
316260,3162609,"MG","Minas Gerais",31,"São João do Oriente",310024,"Ipatinga",3105,"Ipatinga"
316265,3162658,"MG","Minas Gerais",31,"São João do Pacuí",310006,"Montes Claros",3102,"Montes Claros"
316270,3162708,"MG","Minas Gerais",31,"São João do Paraíso",310008,"Salinas",3102,"Montes Claros"
316280,3162807,"MG","Minas Gerais",31,"São João Evangelista",310021,"Guanhães",3104,"Governador Valadares"
316290,3162906,"MG","Minas Gerais",31,"São João Nepomuceno",310035,"São João Nepomuceno - Bicas",3106,"Juíz de Fora"
316292,3162922,"MG","Minas Gerais",31,"São Joaquim de Bicas",310001,"Belo Horizonte",3101,"Belo Horizonte"
316294,3162948,"MG","Minas Gerais",31,"São José da Barra",310041,"Passos",3108,"Varginha"
316295,3162955,"MG","Minas Gerais",31,"São José da Lapa",310001,"Belo Horizonte",3101,"Belo Horizonte"
316300,3163003,"MG","Minas Gerais",31,"São José da Safira",310020,"Governador Valadares",3104,"Governador Valadares"
316310,3163102,"MG","Minas Gerais",31,"São José da Varginha",310068,"Pará de Minas",3113,"Divinópolis"
316320,3163201,"MG","Minas Gerais",31,"São José do Alegre",310052,"Itajubá",3109,"Pouso Alegre"
316330,3163300,"MG","Minas Gerais",31,"São José do Divino",310013,"Teófilo Otoni",3103,"Teófilo Otoni"
316340,3163409,"MG","Minas Gerais",31,"São José do Goiabal",310024,"Ipatinga",3105,"Ipatinga"
316350,3163508,"MG","Minas Gerais",31,"São José do Jacuri",310021,"Guanhães",3104,"Governador Valadares"
316360,3163607,"MG","Minas Gerais",31,"São José do Mantimento",310028,"Manhuaçu",3106,"Juíz de Fora"
316370,3163706,"MG","Minas Gerais",31,"São Lourenço",310053,"São Lourenço",3109,"Pouso Alegre"
316380,3163805,"MG","Minas Gerais",31,"São Miguel do Anta",310033,"Viçosa",3106,"Juíz de Fora"
316390,3163904,"MG","Minas Gerais",31,"São Pedro da União",310044,"Guaxupé",3108,"Varginha"
316400,3164001,"MG","Minas Gerais",31,"São Pedro dos Ferros",310030,"Ponte Nova",3106,"Juíz de Fora"
316410,3164100,"MG","Minas Gerais",31,"São Pedro do Suaçuí",310021,"Guanhães",3104,"Governador Valadares"
316420,3164209,"MG","Minas Gerais",31,"São Romão",310011,"São Francisco",3102,"Montes Claros"
316430,3164308,"MG","Minas Gerais",31,"São Roque de Minas",310049,"Piumhi",3108,"Varginha"
316440,3164407,"MG","Minas Gerais",31,"São Sebastião da Bela Vista",310050,"Pouso Alegre",3109,"Pouso Alegre"
316443,3164431,"MG","Minas Gerais",31,"São Sebastião da Vargem Alegre",310031,"Muriaé",3106,"Juíz de Fora"
316447,3164472,"MG","Minas Gerais",31,"São Sebastião do Anta",310025,"Caratinga",3105,"Ipatinga"
316450,3164506,"MG","Minas Gerais",31,"São Sebastião do Maranhão",310021,"Guanhães",3104,"Governador Valadares"
316460,3164605,"MG","Minas Gerais",31,"São Sebastião do Oeste",310065,"Divinópolis",3113,"Divinópolis"
316470,3164704,"MG","Minas Gerais",31,"São Sebastião do Paraíso",310047,"São Sebastião do Paraíso",3108,"Varginha"
316480,3164803,"MG","Minas Gerais",31,"São Sebastião do Rio Preto",310005,"Itabira",3101,"Belo Horizonte"
316490,3164902,"MG","Minas Gerais",31,"São Sebastião do Rio Verde",310053,"São Lourenço",3109,"Pouso Alegre"
316500,3165008,"MG","Minas Gerais",31,"São Tiago",310039,"São João del Rei",3107,"Barbacena"
316510,3165107,"MG","Minas Gerais",31,"São Tomás de Aquino",310047,"São Sebastião do Paraíso",3108,"Varginha"
316520,3165206,"MG","Minas Gerais",31,"São Tomé das Letras",310045,"Três Corações",3108,"Varginha"
316530,3165305,"MG","Minas Gerais",31,"São Vicente de Minas",310039,"São João del Rei",3107,"Barbacena"
316540,3165404,"MG","Minas Gerais",31,"Sapucaí-Mirim",310052,"Itajubá",3109,"Pouso Alegre"
316550,3165503,"MG","Minas Gerais",31,"Sardoá",310020,"Governador Valadares",3104,"Governador Valadares"
316553,3165537,"MG","Minas Gerais",31,"Sarzedo",310001,"Belo Horizonte",3101,"Belo Horizonte"
316555,3165552,"MG","Minas Gerais",31,"Setubinha",310013,"Teófilo Otoni",3103,"Teófilo Otoni"
316556,3165560,"MG","Minas Gerais",31,"Sem-Peixe",310030,"Ponte Nova",3106,"Juíz de Fora"
316557,3165578,"MG","Minas Gerais",31,"Senador Amaral",310050,"Pouso Alegre",3109,"Pouso Alegre"
316560,3165602,"MG","Minas Gerais",31,"Senador Cortes",310035,"São João Nepomuceno - Bicas",3106,"Juíz de Fora"
316570,3165701,"MG","Minas Gerais",31,"Senador Firmino",310029,"Ubá",3106,"Juíz de Fora"
316580,3165800,"MG","Minas Gerais",31,"Senador José Bento",310050,"Pouso Alegre",3109,"Pouso Alegre"
316590,3165909,"MG","Minas Gerais",31,"Senador Modestino Gonçalves",310016,"Diamantina",3103,"Teófilo Otoni"
316600,3166006,"MG","Minas Gerais",31,"Senhora de Oliveira",310038,"Conselheiro Lafaiete",3107,"Barbacena"
316610,3166105,"MG","Minas Gerais",31,"Senhora do Porto",310021,"Guanhães",3104,"Governador Valadares"
316620,3166204,"MG","Minas Gerais",31,"Senhora dos Remédios",310037,"Barbacena",3107,"Barbacena"
316630,3166303,"MG","Minas Gerais",31,"Sericita",310030,"Ponte Nova",3106,"Juíz de Fora"
316640,3166402,"MG","Minas Gerais",31,"Seritinga",310054,"Caxambu - Baependi",3109,"Pouso Alegre"
316650,3166501,"MG","Minas Gerais",31,"Serra Azul de Minas",310016,"Diamantina",3103,"Teófilo Otoni"
316660,3166600,"MG","Minas Gerais",31,"Serra da Saudade",310067,"Dores do Indaiá",3113,"Divinópolis"
316670,3166709,"MG","Minas Gerais",31,"Serra dos Aimorés",310013,"Teófilo Otoni",3103,"Teófilo Otoni"
316680,3166808,"MG","Minas Gerais",31,"Serra do Salitre",310064,"Patrocínio",3112,"Patos de Minas"
316690,3166907,"MG","Minas Gerais",31,"Serrania",310042,"Alfenas",3108,"Varginha"
316695,3166956,"MG","Minas Gerais",31,"Serranópolis de Minas",310007,"Janaúba",3102,"Montes Claros"
316700,3167004,"MG","Minas Gerais",31,"Serranos",310054,"Caxambu - Baependi",3109,"Pouso Alegre"
316710,3167103,"MG","Minas Gerais",31,"Serro",310016,"Diamantina",3103,"Teófilo Otoni"
316720,3167202,"MG","Minas Gerais",31,"Sete Lagoas",310002,"Sete Lagoas",3101,"Belo Horizonte"
316730,3167301,"MG","Minas Gerais",31,"Silveirânia",310029,"Ubá",3106,"Juíz de Fora"
316740,3167400,"MG","Minas Gerais",31,"Silvianópolis",310050,"Pouso Alegre",3109,"Pouso Alegre"
316750,3167509,"MG","Minas Gerais",31,"Simão Pereira",310027,"Juiz de Fora",3106,"Juíz de Fora"
316760,3167608,"MG","Minas Gerais",31,"Simonésia",310028,"Manhuaçu",3106,"Juíz de Fora"
316770,3167707,"MG","Minas Gerais",31,"Sobrália",310020,"Governador Valadares",3104,"Governador Valadares"
316780,3167806,"MG","Minas Gerais",31,"Soledade de Minas",310053,"São Lourenço",3109,"Pouso Alegre"
316790,3167905,"MG","Minas Gerais",31,"Tabuleiro",310029,"Ubá",3106,"Juíz de Fora"
316800,3168002,"MG","Minas Gerais",31,"Taiobeiras",310008,"Salinas",3102,"Montes Claros"
316805,3168051,"MG","Minas Gerais",31,"Taparuba",310028,"Manhuaçu",3106,"Juíz de Fora"
316810,3168101,"MG","Minas Gerais",31,"Tapira",310056,"Araxá",3110,"Uberaba"
316820,3168200,"MG","Minas Gerais",31,"Tapiraí",310066,"Formiga",3113,"Divinópolis"
316830,3168309,"MG","Minas Gerais",31,"Taquaraçu de Minas",310001,"Belo Horizonte",3101,"Belo Horizonte"
316840,3168408,"MG","Minas Gerais",31,"Tarumirim",310020,"Governador Valadares",3104,"Governador Valadares"
316850,3168507,"MG","Minas Gerais",31,"Teixeiras",310033,"Viçosa",3106,"Juíz de Fora"
316860,3168606,"MG","Minas Gerais",31,"Teófilo Otoni",310013,"Teófilo Otoni",3103,"Teófilo Otoni"
316870,3168705,"MG","Minas Gerais",31,"Timóteo",310024,"Ipatinga",3105,"Ipatinga"
316880,3168804,"MG","Minas Gerais",31,"Tiradentes",310039,"São João del Rei",3107,"Barbacena"
316890,3168903,"MG","Minas Gerais",31,"Tiros",310062,"Patos de Minas",3112,"Patos de Minas"
316900,3169000,"MG","Minas Gerais",31,"Tocantins",310029,"Ubá",3106,"Juíz de Fora"
316905,3169059,"MG","Minas Gerais",31,"Tocos do Moji",310050,"Pouso Alegre",3109,"Pouso Alegre"
316910,3169109,"MG","Minas Gerais",31,"Toledo",310050,"Pouso Alegre",3109,"Pouso Alegre"
316920,3169208,"MG","Minas Gerais",31,"Tombos",310034,"Carangola",3106,"Juíz de Fora"
316930,3169307,"MG","Minas Gerais",31,"Três Corações",310045,"Três Corações",3108,"Varginha"
316935,3169356,"MG","Minas Gerais",31,"Três Marias",310004,"Curvelo",3101,"Belo Horizonte"
316940,3169406,"MG","Minas Gerais",31,"Três Pontas",310046,"Três Pontas - Boa Esperança",3108,"Varginha"
316950,3169505,"MG","Minas Gerais",31,"Tumiritinga",310020,"Governador Valadares",3104,"Governador Valadares"
316960,3169604,"MG","Minas Gerais",31,"Tupaciguara",310059,"Uberlândia",3111,"Uberlândia"
316970,3169703,"MG","Minas Gerais",31,"Turmalina",310014,"Capelinha",3103,"Teófilo Otoni"
316980,3169802,"MG","Minas Gerais",31,"Turvolândia",310050,"Pouso Alegre",3109,"Pouso Alegre"
316990,3169901,"MG","Minas Gerais",31,"Ubá",310029,"Ubá",3106,"Juíz de Fora"
317000,3170008,"MG","Minas Gerais",31,"Ubaí",310011,"São Francisco",3102,"Montes Claros"
317005,3170057,"MG","Minas Gerais",31,"Ubaporanga",310025,"Caratinga",3105,"Ipatinga"
317010,3170107,"MG","Minas Gerais",31,"Uberaba",310055,"Uberaba",3110,"Uberaba"
317020,3170206,"MG","Minas Gerais",31,"Uberlândia",310059,"Uberlândia",3111,"Uberlândia"
317030,3170305,"MG","Minas Gerais",31,"Umburatiba",310019,"Águas Formosas",3103,"Teófilo Otoni"
317040,3170404,"MG","Minas Gerais",31,"Unaí",310063,"Unaí",3112,"Patos de Minas"
317043,3170438,"MG","Minas Gerais",31,"União de Minas",310058,"Iturama",3110,"Uberaba"
317047,3170479,"MG","Minas Gerais",31,"Uruana de Minas",310063,"Unaí",3112,"Patos de Minas"
317050,3170503,"MG","Minas Gerais",31,"Urucânia",310030,"Ponte Nova",3106,"Juíz de Fora"
317052,3170529,"MG","Minas Gerais",31,"Urucuia",310063,"Unaí",3112,"Patos de Minas"
317057,3170578,"MG","Minas Gerais",31,"Vargem Alegre",310025,"Caratinga",3105,"Ipatinga"
317060,3170602,"MG","Minas Gerais",31,"Vargem Bonita",310049,"Piumhi",3108,"Varginha"
317065,3170651,"MG","Minas Gerais",31,"Vargem Grande do Rio Pardo",310008,"Salinas",3102,"Montes Claros"
317070,3170701,"MG","Minas Gerais",31,"Varginha",310040,"Varginha",3108,"Varginha"
317075,3170750,"MG","Minas Gerais",31,"Varjão de Minas",310062,"Patos de Minas",3112,"Patos de Minas"
317080,3170800,"MG","Minas Gerais",31,"Várzea da Palma",310010,"Pirapora",3102,"Montes Claros"
317090,3170909,"MG","Minas Gerais",31,"Varzelândia",310006,"Montes Claros",3102,"Montes Claros"
317100,3171006,"MG","Minas Gerais",31,"Vazante",310062,"Patos de Minas",3112,"Patos de Minas"
317103,3171030,"MG","Minas Gerais",31,"Verdelândia",310007,"Janaúba",3102,"Montes Claros"
317107,3171071,"MG","Minas Gerais",31,"Veredinha",310014,"Capelinha",3103,"Teófilo Otoni"
317110,3171105,"MG","Minas Gerais",31,"Veríssimo",310055,"Uberaba",3110,"Uberaba"
317115,3171154,"MG","Minas Gerais",31,"Vermelho Novo",310025,"Caratinga",3105,"Ipatinga"
317120,3171204,"MG","Minas Gerais",31,"Vespasiano",310001,"Belo Horizonte",3101,"Belo Horizonte"
317130,3171303,"MG","Minas Gerais",31,"Viçosa",310033,"Viçosa",3106,"Juíz de Fora"
317140,3171402,"MG","Minas Gerais",31,"Vieiras",310031,"Muriaé",3106,"Juíz de Fora"
317150,3171501,"MG","Minas Gerais",31,"Mathias Lobato",310020,"Governador Valadares",3104,"Governador Valadares"
317160,3171600,"MG","Minas Gerais",31,"Virgem da Lapa",310017,"Araçuaí",3103,"Teófilo Otoni"
317170,3171709,"MG","Minas Gerais",31,"Virgínia",310053,"São Lourenço",3109,"Pouso Alegre"
317180,3171808,"MG","Minas Gerais",31,"Virginópolis",310021,"Guanhães",3104,"Governador Valadares"
317190,3171907,"MG","Minas Gerais",31,"Virgolândia",310020,"Governador Valadares",3104,"Governador Valadares"
317200,3172004,"MG","Minas Gerais",31,"Visconde do Rio Branco",310029,"Ubá",3106,"Juíz de Fora"
317210,3172103,"MG","Minas Gerais",31,"Volta Grande",310036,"Além Paraíba",3106,"Juíz de Fora"
317220,3172202,"MG","Minas Gerais",31,"Wenceslau Braz",310052,"Itajubá",3109,"Pouso Alegre"
320010,3200102,"ES","Espírito Santo",32,"Afonso Cláudio",320002,"Afonso Cláudio - Venda Nova do Imigrante - Santa Maria de Jetibá",3201,"Vitória"
320013,3200136,"ES","Espírito Santo",32,"Águia Branca",320005,"Colatina",3203,"Colatina"
320016,3200169,"ES","Espírito Santo",32,"Água Doce do Norte",320006,"Nova Venécia",3203,"Colatina"
320020,3200201,"ES","Espírito Santo",32,"Alegre",320008,"Alegre",3204,"Cachoeiro do Itapemirim"
320030,3200300,"ES","Espírito Santo",32,"Alfredo Chaves",320001,"Vitória",3201,"Vitória"
320035,3200359,"ES","Espírito Santo",32,"Alto Rio Novo",320005,"Colatina",3203,"Colatina"
320040,3200409,"ES","Espírito Santo",32,"Anchieta",320001,"Vitória",3201,"Vitória"
320050,3200508,"ES","Espírito Santo",32,"Apiacá",320008,"Alegre",3204,"Cachoeiro do Itapemirim"
320060,3200607,"ES","Espírito Santo",32,"Aracruz",320004,"Linhares",3202,"São Mateus"
320070,3200706,"ES","Espírito Santo",32,"Atílio Vivácqua",320007,"Cachoeiro de Itapemirim",3204,"Cachoeiro do Itapemirim"
320080,3200805,"ES","Espírito Santo",32,"Baixo Guandu",320005,"Colatina",3203,"Colatina"
320090,3200904,"ES","Espírito Santo",32,"Barra de São Francisco",320006,"Nova Venécia",3203,"Colatina"
320100,3201001,"ES","Espírito Santo",32,"Boa Esperança",320003,"São Mateus",3202,"São Mateus"
320110,3201100,"ES","Espírito Santo",32,"Bom Jesus do Norte",320008,"Alegre",3204,"Cachoeiro do Itapemirim"
320115,3201159,"ES","Espírito Santo",32,"Brejetuba",320002,"Afonso Cláudio - Venda Nova do Imigrante - Santa Maria de Jetibá",3201,"Vitória"
320120,3201209,"ES","Espírito Santo",32,"Cachoeiro de Itapemirim",320007,"Cachoeiro de Itapemirim",3204,"Cachoeiro do Itapemirim"
320130,3201308,"ES","Espírito Santo",32,"Cariacica",320001,"Vitória",3201,"Vitória"
320140,3201407,"ES","Espírito Santo",32,"Castelo",320007,"Cachoeiro de Itapemirim",3204,"Cachoeiro do Itapemirim"
320150,3201506,"ES","Espírito Santo",32,"Colatina",320005,"Colatina",3203,"Colatina"
320160,3201605,"ES","Espírito Santo",32,"Conceição da Barra",320003,"São Mateus",3202,"São Mateus"
320170,3201704,"ES","Espírito Santo",32,"Conceição do Castelo",320002,"Afonso Cláudio - Venda Nova do Imigrante - Santa Maria de Jetibá",3201,"Vitória"
320180,3201803,"ES","Espírito Santo",32,"Divino de São Lourenço",320008,"Alegre",3204,"Cachoeiro do Itapemirim"
320190,3201902,"ES","Espírito Santo",32,"Domingos Martins",320002,"Afonso Cláudio - Venda Nova do Imigrante - Santa Maria de Jetibá",3201,"Vitória"
320200,3202009,"ES","Espírito Santo",32,"Dores do Rio Preto",320008,"Alegre",3204,"Cachoeiro do Itapemirim"
320210,3202108,"ES","Espírito Santo",32,"Ecoporanga",320006,"Nova Venécia",3203,"Colatina"
320220,3202207,"ES","Espírito Santo",32,"Fundão",320001,"Vitória",3201,"Vitória"
320225,3202256,"ES","Espírito Santo",32,"Governador Lindenberg",320005,"Colatina",3203,"Colatina"
320230,3202306,"ES","Espírito Santo",32,"Guaçuí",320008,"Alegre",3204,"Cachoeiro do Itapemirim"
320240,3202405,"ES","Espírito Santo",32,"Guarapari",320001,"Vitória",3201,"Vitória"
320245,3202454,"ES","Espírito Santo",32,"Ibatiba",320008,"Alegre",3204,"Cachoeiro do Itapemirim"
320250,3202504,"ES","Espírito Santo",32,"Ibiraçu",320004,"Linhares",3202,"São Mateus"
320255,3202553,"ES","Espírito Santo",32,"Ibitirama",320008,"Alegre",3204,"Cachoeiro do Itapemirim"
320260,3202603,"ES","Espírito Santo",32,"Iconha",320007,"Cachoeiro de Itapemirim",3204,"Cachoeiro do Itapemirim"
320265,3202652,"ES","Espírito Santo",32,"Irupi",320008,"Alegre",3204,"Cachoeiro do Itapemirim"
320270,3202702,"ES","Espírito Santo",32,"Itaguaçu",320005,"Colatina",3203,"Colatina"
320280,3202801,"ES","Espírito Santo",32,"Itapemirim",320007,"Cachoeiro de Itapemirim",3204,"Cachoeiro do Itapemirim"
320290,3202900,"ES","Espírito Santo",32,"Itarana",320002,"Afonso Cláudio - Venda Nova do Imigrante - Santa Maria de Jetibá",3201,"Vitória"
320300,3203007,"ES","Espírito Santo",32,"Iúna",320008,"Alegre",3204,"Cachoeiro do Itapemirim"
320305,3203056,"ES","Espírito Santo",32,"Jaguaré",320003,"São Mateus",3202,"São Mateus"
320310,3203106,"ES","Espírito Santo",32,"Jerônimo Monteiro",320007,"Cachoeiro de Itapemirim",3204,"Cachoeiro do Itapemirim"
320313,3203130,"ES","Espírito Santo",32,"João Neiva",320004,"Linhares",3202,"São Mateus"
320316,3203163,"ES","Espírito Santo",32,"Laranja da Terra",320002,"Afonso Cláudio - Venda Nova do Imigrante - Santa Maria de Jetibá",3201,"Vitória"
320320,3203205,"ES","Espírito Santo",32,"Linhares",320004,"Linhares",3202,"São Mateus"
320330,3203304,"ES","Espírito Santo",32,"Mantenópolis",320005,"Colatina",3203,"Colatina"
320332,3203320,"ES","Espírito Santo",32,"Marataízes",320007,"Cachoeiro de Itapemirim",3204,"Cachoeiro do Itapemirim"
320334,3203346,"ES","Espírito Santo",32,"Marechal Floriano",320002,"Afonso Cláudio - Venda Nova do Imigrante - Santa Maria de Jetibá",3201,"Vitória"
320335,3203353,"ES","Espírito Santo",32,"Marilândia",320005,"Colatina",3203,"Colatina"
320340,3203403,"ES","Espírito Santo",32,"Mimoso do Sul",320007,"Cachoeiro de Itapemirim",3204,"Cachoeiro do Itapemirim"
320350,3203502,"ES","Espírito Santo",32,"Montanha",320003,"São Mateus",3202,"São Mateus"
320360,3203601,"ES","Espírito Santo",32,"Mucurici",320003,"São Mateus",3202,"São Mateus"
320370,3203700,"ES","Espírito Santo",32,"Muniz Freire",320008,"Alegre",3204,"Cachoeiro do Itapemirim"
320380,3203809,"ES","Espírito Santo",32,"Muqui",320007,"Cachoeiro de Itapemirim",3204,"Cachoeiro do Itapemirim"
320390,3203908,"ES","Espírito Santo",32,"Nova Venécia",320006,"Nova Venécia",3203,"Colatina"
320400,3204005,"ES","Espírito Santo",32,"Pancas",320005,"Colatina",3203,"Colatina"
320405,3204054,"ES","Espírito Santo",32,"Pedro Canário",320003,"São Mateus",3202,"São Mateus"
320410,3204104,"ES","Espírito Santo",32,"Pinheiros",320003,"São Mateus",3202,"São Mateus"
320420,3204203,"ES","Espírito Santo",32,"Piúma",320001,"Vitória",3201,"Vitória"
320425,3204252,"ES","Espírito Santo",32,"Ponto Belo",320003,"São Mateus",3202,"São Mateus"
320430,3204302,"ES","Espírito Santo",32,"Presidente Kennedy",320007,"Cachoeiro de Itapemirim",3204,"Cachoeiro do Itapemirim"
320435,3204351,"ES","Espírito Santo",32,"Rio Bananal",320004,"Linhares",3202,"São Mateus"
320440,3204401,"ES","Espírito Santo",32,"Rio Novo do Sul",320007,"Cachoeiro de Itapemirim",3204,"Cachoeiro do Itapemirim"
320450,3204500,"ES","Espírito Santo",32,"Santa Leopoldina",320002,"Afonso Cláudio - Venda Nova do Imigrante - Santa Maria de Jetibá",3201,"Vitória"
320455,3204559,"ES","Espírito Santo",32,"Santa Maria de Jetibá",320002,"Afonso Cláudio - Venda Nova do Imigrante - Santa Maria de Jetibá",3201,"Vitória"
320460,3204609,"ES","Espírito Santo",32,"Santa Teresa",320002,"Afonso Cláudio - Venda Nova do Imigrante - Santa Maria de Jetibá",3201,"Vitória"
320465,3204658,"ES","Espírito Santo",32,"São Domingos do Norte",320005,"Colatina",3203,"Colatina"
320470,3204708,"ES","Espírito Santo",32,"São Gabriel da Palha",320005,"Colatina",3203,"Colatina"
320480,3204807,"ES","Espírito Santo",32,"São José do Calçado",320008,"Alegre",3204,"Cachoeiro do Itapemirim"
320490,3204906,"ES","Espírito Santo",32,"São Mateus",320003,"São Mateus",3202,"São Mateus"
320495,3204955,"ES","Espírito Santo",32,"São Roque do Canaã",320005,"Colatina",3203,"Colatina"
320500,3205002,"ES","Espírito Santo",32,"Serra",320001,"Vitória",3201,"Vitória"
320501,3205010,"ES","Espírito Santo",32,"Sooretama",320004,"Linhares",3202,"São Mateus"
320503,3205036,"ES","Espírito Santo",32,"Vargem Alta",320007,"Cachoeiro de Itapemirim",3204,"Cachoeiro do Itapemirim"
320506,3205069,"ES","Espírito Santo",32,"Venda Nova do Imigrante",320002,"Afonso Cláudio - Venda Nova do Imigrante - Santa Maria de Jetibá",3201,"Vitória"
320510,3205101,"ES","Espírito Santo",32,"Viana",320001,"Vitória",3201,"Vitória"
320515,3205150,"ES","Espírito Santo",32,"Vila Pavão",320006,"Nova Venécia",3203,"Colatina"
320517,3205176,"ES","Espírito Santo",32,"Vila Valério",320005,"Colatina",3203,"Colatina"
320520,3205200,"ES","Espírito Santo",32,"Vila Velha",320001,"Vitória",3201,"Vitória"
320530,3205309,"ES","Espírito Santo",32,"Vitória",320001,"Vitória",3201,"Vitória"
330010,3300100,"RJ","Rio de Janeiro",33,"Angra dos Reis",330002,"Angra dos Reis",3301,"Rio de Janeiro"
330015,3300159,"RJ","Rio de Janeiro",33,"Aperibé",330012,"Santo Antônio de Pádua",3304,"Campos dos Goytacazes"
330020,3300209,"RJ","Rio de Janeiro",33,"Araruama",330013,"Cabo Frio",3305,"Macaé - Rio das Ostras - Cabo Frio"
330022,3300225,"RJ","Rio de Janeiro",33,"Areal",330007,"Petrópolis",3303,"Petrópolis"
330023,3300233,"RJ","Rio de Janeiro",33,"Armação dos Búzios",330013,"Cabo Frio",3305,"Macaé - Rio das Ostras - Cabo Frio"
330025,3300258,"RJ","Rio de Janeiro",33,"Arraial do Cabo",330013,"Cabo Frio",3305,"Macaé - Rio das Ostras - Cabo Frio"
330030,3300308,"RJ","Rio de Janeiro",33,"Barra do Piraí",330004,"Volta Redonda - Barra Mansa",3302,"Volta Redonda - Barra Mansa"
330040,3300407,"RJ","Rio de Janeiro",33,"Barra Mansa",330004,"Volta Redonda - Barra Mansa",3302,"Volta Redonda - Barra Mansa"
330045,3300456,"RJ","Rio de Janeiro",33,"Belford Roxo",330001,"Rio de Janeiro",3301,"Rio de Janeiro"
330050,3300506,"RJ","Rio de Janeiro",33,"Bom Jardim",330008,"Nova Friburgo",3303,"Petrópolis"
330060,3300605,"RJ","Rio de Janeiro",33,"Bom Jesus do Itabapoana",330011,"Itaperuna",3304,"Campos dos Goytacazes"
330070,3300704,"RJ","Rio de Janeiro",33,"Cabo Frio",330013,"Cabo Frio",3305,"Macaé - Rio das Ostras - Cabo Frio"
330080,3300803,"RJ","Rio de Janeiro",33,"Cachoeiras de Macacu",330003,"Rio Bonito",3301,"Rio de Janeiro"
330090,3300902,"RJ","Rio de Janeiro",33,"Cambuci",330012,"Santo Antônio de Pádua",3304,"Campos dos Goytacazes"
330093,3300936,"RJ","Rio de Janeiro",33,"Carapebus",330014,"Macaé - Rio das Ostras",3305,"Macaé - Rio das Ostras - Cabo Frio"
330095,3300951,"RJ","Rio de Janeiro",33,"Comendador Levy Gasparian",330009,"Três Rios - Paraíba do Sul",3303,"Petrópolis"
330100,3301009,"RJ","Rio de Janeiro",33,"Campos dos Goytacazes",330010,"Campos dos Goytacazes",3304,"Campos dos Goytacazes"
330110,3301108,"RJ","Rio de Janeiro",33,"Cantagalo",330008,"Nova Friburgo",3303,"Petrópolis"
330115,3301157,"RJ","Rio de Janeiro",33,"Cardoso Moreira",330010,"Campos dos Goytacazes",3304,"Campos dos Goytacazes"
330120,3301207,"RJ","Rio de Janeiro",33,"Carmo",330008,"Nova Friburgo",3303,"Petrópolis"
330130,3301306,"RJ","Rio de Janeiro",33,"Casimiro de Abreu",330014,"Macaé - Rio das Ostras",3305,"Macaé - Rio das Ostras - Cabo Frio"
330140,3301405,"RJ","Rio de Janeiro",33,"Conceição de Macabu",330014,"Macaé - Rio das Ostras",3305,"Macaé - Rio das Ostras - Cabo Frio"
330150,3301504,"RJ","Rio de Janeiro",33,"Cordeiro",330008,"Nova Friburgo",3303,"Petrópolis"
330160,3301603,"RJ","Rio de Janeiro",33,"Duas Barras",330008,"Nova Friburgo",3303,"Petrópolis"
330170,3301702,"RJ","Rio de Janeiro",33,"Duque de Caxias",330001,"Rio de Janeiro",3301,"Rio de Janeiro"
330180,3301801,"RJ","Rio de Janeiro",33,"Engenheiro Paulo de Frontin",330004,"Volta Redonda - Barra Mansa",3302,"Volta Redonda - Barra Mansa"
330185,3301850,"RJ","Rio de Janeiro",33,"Guapimirim",330001,"Rio de Janeiro",3301,"Rio de Janeiro"
330187,3301876,"RJ","Rio de Janeiro",33,"Iguaba Grande",330013,"Cabo Frio",3305,"Macaé - Rio das Ostras - Cabo Frio"
330190,3301900,"RJ","Rio de Janeiro",33,"Itaboraí",330001,"Rio de Janeiro",3301,"Rio de Janeiro"
330200,3302007,"RJ","Rio de Janeiro",33,"Itaguaí",330001,"Rio de Janeiro",3301,"Rio de Janeiro"
330205,3302056,"RJ","Rio de Janeiro",33,"Italva",330010,"Campos dos Goytacazes",3304,"Campos dos Goytacazes"
330210,3302106,"RJ","Rio de Janeiro",33,"Itaocara",330012,"Santo Antônio de Pádua",3304,"Campos dos Goytacazes"
330220,3302205,"RJ","Rio de Janeiro",33,"Itaperuna",330011,"Itaperuna",3304,"Campos dos Goytacazes"
330225,3302254,"RJ","Rio de Janeiro",33,"Itatiaia",330005,"Resende",3302,"Volta Redonda - Barra Mansa"
330227,3302270,"RJ","Rio de Janeiro",33,"Japeri",330001,"Rio de Janeiro",3301,"Rio de Janeiro"
330230,3302304,"RJ","Rio de Janeiro",33,"Laje do Muriaé",330011,"Itaperuna",3304,"Campos dos Goytacazes"
330240,3302403,"RJ","Rio de Janeiro",33,"Macaé",330014,"Macaé - Rio das Ostras",3305,"Macaé - Rio das Ostras - Cabo Frio"
330245,3302452,"RJ","Rio de Janeiro",33,"Macuco",330008,"Nova Friburgo",3303,"Petrópolis"
330250,3302502,"RJ","Rio de Janeiro",33,"Magé",330001,"Rio de Janeiro",3301,"Rio de Janeiro"
330260,3302601,"RJ","Rio de Janeiro",33,"Mangaratiba",330001,"Rio de Janeiro",3301,"Rio de Janeiro"
330270,3302700,"RJ","Rio de Janeiro",33,"Maricá",330001,"Rio de Janeiro",3301,"Rio de Janeiro"
330280,3302809,"RJ","Rio de Janeiro",33,"Mendes",330004,"Volta Redonda - Barra Mansa",3302,"Volta Redonda - Barra Mansa"
330285,3302858,"RJ","Rio de Janeiro",33,"Mesquita",330001,"Rio de Janeiro",3301,"Rio de Janeiro"
330290,3302908,"RJ","Rio de Janeiro",33,"Miguel Pereira",330006,"Valença",3302,"Volta Redonda - Barra Mansa"
330300,3303005,"RJ","Rio de Janeiro",33,"Miracema",330012,"Santo Antônio de Pádua",3304,"Campos dos Goytacazes"
330310,3303104,"RJ","Rio de Janeiro",33,"Natividade",330011,"Itaperuna",3304,"Campos dos Goytacazes"
330320,3303203,"RJ","Rio de Janeiro",33,"Nilópolis",330001,"Rio de Janeiro",3301,"Rio de Janeiro"
330330,3303302,"RJ","Rio de Janeiro",33,"Niterói",330001,"Rio de Janeiro",3301,"Rio de Janeiro"
330340,3303401,"RJ","Rio de Janeiro",33,"Nova Friburgo",330008,"Nova Friburgo",3303,"Petrópolis"
330350,3303500,"RJ","Rio de Janeiro",33,"Nova Iguaçu",330001,"Rio de Janeiro",3301,"Rio de Janeiro"
330360,3303609,"RJ","Rio de Janeiro",33,"Paracambi",330001,"Rio de Janeiro",3301,"Rio de Janeiro"
330370,3303708,"RJ","Rio de Janeiro",33,"Paraíba do Sul",330009,"Três Rios - Paraíba do Sul",3303,"Petrópolis"
330380,3303807,"RJ","Rio de Janeiro",33,"Paraty",330002,"Angra dos Reis",3301,"Rio de Janeiro"
330385,3303856,"RJ","Rio de Janeiro",33,"Paty do Alferes",330006,"Valença",3302,"Volta Redonda - Barra Mansa"
330390,3303906,"RJ","Rio de Janeiro",33,"Petrópolis",330007,"Petrópolis",3303,"Petrópolis"
330395,3303955,"RJ","Rio de Janeiro",33,"Pinheiral",330004,"Volta Redonda - Barra Mansa",3302,"Volta Redonda - Barra Mansa"
330400,3304003,"RJ","Rio de Janeiro",33,"Piraí",330004,"Volta Redonda - Barra Mansa",3302,"Volta Redonda - Barra Mansa"
330410,3304102,"RJ","Rio de Janeiro",33,"Porciúncula",330011,"Itaperuna",3304,"Campos dos Goytacazes"
330411,3304110,"RJ","Rio de Janeiro",33,"Porto Real",330005,"Resende",3302,"Volta Redonda - Barra Mansa"
330412,3304128,"RJ","Rio de Janeiro",33,"Quatis",330005,"Resende",3302,"Volta Redonda - Barra Mansa"
330414,3304144,"RJ","Rio de Janeiro",33,"Queimados",330001,"Rio de Janeiro",3301,"Rio de Janeiro"
330415,3304151,"RJ","Rio de Janeiro",33,"Quissamã",330014,"Macaé - Rio das Ostras",3305,"Macaé - Rio das Ostras - Cabo Frio"
330420,3304201,"RJ","Rio de Janeiro",33,"Resende",330005,"Resende",3302,"Volta Redonda - Barra Mansa"
330430,3304300,"RJ","Rio de Janeiro",33,"Rio Bonito",330003,"Rio Bonito",3301,"Rio de Janeiro"
330440,3304409,"RJ","Rio de Janeiro",33,"Rio Claro",330004,"Volta Redonda - Barra Mansa",3302,"Volta Redonda - Barra Mansa"
330450,3304508,"RJ","Rio de Janeiro",33,"Rio das Flores",330006,"Valença",3302,"Volta Redonda - Barra Mansa"
330452,3304524,"RJ","Rio de Janeiro",33,"Rio das Ostras",330014,"Macaé - Rio das Ostras",3305,"Macaé - Rio das Ostras - Cabo Frio"
330455,3304557,"RJ","Rio de Janeiro",33,"Rio de Janeiro",330001,"Rio de Janeiro",3301,"Rio de Janeiro"
330460,3304607,"RJ","Rio de Janeiro",33,"Santa Maria Madalena",330008,"Nova Friburgo",3303,"Petrópolis"
330470,3304706,"RJ","Rio de Janeiro",33,"Santo Antônio de Pádua",330012,"Santo Antônio de Pádua",3304,"Campos dos Goytacazes"
330475,3304755,"RJ","Rio de Janeiro",33,"São Francisco de Itabapoana",330010,"Campos dos Goytacazes",3304,"Campos dos Goytacazes"
330480,3304805,"RJ","Rio de Janeiro",33,"São Fidélis",330010,"Campos dos Goytacazes",3304,"Campos dos Goytacazes"
330490,3304904,"RJ","Rio de Janeiro",33,"São Gonçalo",330001,"Rio de Janeiro",3301,"Rio de Janeiro"
330500,3305000,"RJ","Rio de Janeiro",33,"São João da Barra",330010,"Campos dos Goytacazes",3304,"Campos dos Goytacazes"
330510,3305109,"RJ","Rio de Janeiro",33,"São João de Meriti",330001,"Rio de Janeiro",3301,"Rio de Janeiro"
330513,3305133,"RJ","Rio de Janeiro",33,"São José de Ubá",330011,"Itaperuna",3304,"Campos dos Goytacazes"
330515,3305158,"RJ","Rio de Janeiro",33,"São José do Vale do Rio Preto",330007,"Petrópolis",3303,"Petrópolis"
330520,3305208,"RJ","Rio de Janeiro",33,"São Pedro da Aldeia",330013,"Cabo Frio",3305,"Macaé - Rio das Ostras - Cabo Frio"
330530,3305307,"RJ","Rio de Janeiro",33,"São Sebastião do Alto",330008,"Nova Friburgo",3303,"Petrópolis"
330540,3305406,"RJ","Rio de Janeiro",33,"Sapucaia",330009,"Três Rios - Paraíba do Sul",3303,"Petrópolis"
330550,3305505,"RJ","Rio de Janeiro",33,"Saquarema",330001,"Rio de Janeiro",3301,"Rio de Janeiro"
330555,3305554,"RJ","Rio de Janeiro",33,"Seropédica",330001,"Rio de Janeiro",3301,"Rio de Janeiro"
330560,3305604,"RJ","Rio de Janeiro",33,"Silva Jardim",330003,"Rio Bonito",3301,"Rio de Janeiro"
330570,3305703,"RJ","Rio de Janeiro",33,"Sumidouro",330008,"Nova Friburgo",3303,"Petrópolis"
330575,3305752,"RJ","Rio de Janeiro",33,"Tanguá",330001,"Rio de Janeiro",3301,"Rio de Janeiro"
330580,3305802,"RJ","Rio de Janeiro",33,"Teresópolis",330007,"Petrópolis",3303,"Petrópolis"
330590,3305901,"RJ","Rio de Janeiro",33,"Trajano de Moraes",330008,"Nova Friburgo",3303,"Petrópolis"
330600,3306008,"RJ","Rio de Janeiro",33,"Três Rios",330009,"Três Rios - Paraíba do Sul",3303,"Petrópolis"
330610,3306107,"RJ","Rio de Janeiro",33,"Valença",330006,"Valença",3302,"Volta Redonda - Barra Mansa"
330615,3306156,"RJ","Rio de Janeiro",33,"Varre-Sai",330011,"Itaperuna",3304,"Campos dos Goytacazes"
330620,3306206,"RJ","Rio de Janeiro",33,"Vassouras",330006,"Valença",3302,"Volta Redonda - Barra Mansa"
330630,3306305,"RJ","Rio de Janeiro",33,"Volta Redonda",330004,"Volta Redonda - Barra Mansa",3302,"Volta Redonda - Barra Mansa"
350010,3500105,"SP","São Paulo",35,"Adamantina",350019,"Adamantina - Lucélia",3505,"Presidente Prudente"
350020,3500204,"SP","São Paulo",35,"Adolfo",350025,"São José do Rio Preto",3507,"São José do Rio Preto"
350030,3500303,"SP","São Paulo",35,"Aguaí",350044,"São João da Boa Vista",3510,"Campinas"
350040,3500402,"SP","São Paulo",35,"Águas da Prata",350044,"São João da Boa Vista",3510,"Campinas"
350050,3500501,"SP","São Paulo",35,"Águas de Lindóia",350048,"Amparo",3510,"Campinas"
350055,3500550,"SP","São Paulo",35,"Águas de Santa Bárbara",350007,"Avaré",3502,"Sorocaba"
350060,3500600,"SP","São Paulo",35,"Águas de São Pedro",350040,"Piracicaba",3510,"Campinas"
350070,3500709,"SP","São Paulo",35,"Agudos",350009,"Bauru",3503,"Bauru"
350075,3500758,"SP","São Paulo",35,"Alambari",350006,"Itapetininga",3502,"Sorocaba"
350080,3500808,"SP","São Paulo",35,"Alfredo Marcondes",350018,"Presidente Prudente",3505,"Presidente Prudente"
350090,3500907,"SP","São Paulo",35,"Altair",350025,"São José do Rio Preto",3507,"São José do Rio Preto"
350100,3501004,"SP","São Paulo",35,"Altinópolis",350031,"Ribeirão Preto",3508,"Ribeirão Preto"
350110,3501103,"SP","São Paulo",35,"Alto Alegre",350023,"Birigui - Penápolis",3506,"Araçatuba"
350115,3501152,"SP","São Paulo",35,"Alumínio",350003,"Sorocaba",3502,"Sorocaba"
350120,3501202,"SP","São Paulo",35,"Álvares Florence",350027,"Votuporanga",3507,"São José do Rio Preto"
350130,3501301,"SP","São Paulo",35,"Álvares Machado",350018,"Presidente Prudente",3505,"Presidente Prudente"
350140,3501400,"SP","São Paulo",35,"Álvaro de Carvalho",350013,"Marília",3504,"Marília"
350150,3501509,"SP","São Paulo",35,"Alvinlândia",350013,"Marília",3504,"Marília"
350160,3501608,"SP","São Paulo",35,"Americana",350038,"Campinas",3510,"Campinas"
350170,3501707,"SP","São Paulo",35,"Américo Brasiliense",350036,"Araraquara",3509,"Araraquara"
350180,3501806,"SP","São Paulo",35,"Américo de Campos",350027,"Votuporanga",3507,"São José do Rio Preto"
350190,3501905,"SP","São Paulo",35,"Amparo",350048,"Amparo",3510,"Campinas"
350200,3502002,"SP","São Paulo",35,"Analândia",350046,"Rio Claro",3510,"Campinas"
350210,3502101,"SP","São Paulo",35,"Andradina",350024,"Andradina",3506,"Araçatuba"
350220,3502200,"SP","São Paulo",35,"Angatuba",350006,"Itapetininga",3502,"Sorocaba"
350230,3502309,"SP","São Paulo",35,"Anhembi",350011,"Botucatu",3503,"Bauru"
350240,3502408,"SP","São Paulo",35,"Anhumas",350018,"Presidente Prudente",3505,"Presidente Prudente"
350250,3502507,"SP","São Paulo",35,"Aparecida",350052,"Guaratinguetá",3511,"São José dos Campos"
350260,3502606,"SP","São Paulo",35,"Aparecida d'Oeste",350028,"Jales",3507,"São José do Rio Preto"
350270,3502705,"SP","São Paulo",35,"Apiaí",350004,"Itapeva",3502,"Sorocaba"
350275,3502754,"SP","São Paulo",35,"Araçariguama",350003,"Sorocaba",3502,"Sorocaba"
350280,3502804,"SP","São Paulo",35,"Araçatuba",350022,"Araçatuba",3506,"Araçatuba"
350290,3502903,"SP","São Paulo",35,"Araçoiaba da Serra",350003,"Sorocaba",3502,"Sorocaba"
350300,3503000,"SP","São Paulo",35,"Aramina",350035,"Ituverava",3508,"Ribeirão Preto"
350310,3503109,"SP","São Paulo",35,"Arandu",350007,"Avaré",3502,"Sorocaba"
350315,3503158,"SP","São Paulo",35,"Arapeí",350053,"Cruzeiro",3511,"São José dos Campos"
350320,3503208,"SP","São Paulo",35,"Araraquara",350036,"Araraquara",3509,"Araraquara"
350330,3503307,"SP","São Paulo",35,"Araras",350045,"Araras",3510,"Campinas"
350335,3503356,"SP","São Paulo",35,"Arco-Íris",350016,"Tupã",3504,"Marília"
350340,3503406,"SP","São Paulo",35,"Arealva",350009,"Bauru",3503,"Bauru"
350350,3503505,"SP","São Paulo",35,"Areias",350053,"Cruzeiro",3511,"São José dos Campos"
350360,3503604,"SP","São Paulo",35,"Areiópolis",350011,"Botucatu",3503,"Bauru"
350370,3503703,"SP","São Paulo",35,"Ariranha",350026,"Catanduva",3507,"São José do Rio Preto"
350380,3503802,"SP","São Paulo",35,"Artur Nogueira",350038,"Campinas",3510,"Campinas"
350390,3503901,"SP","São Paulo",35,"Arujá",350001,"São Paulo",3501,"São Paulo"
350395,3503950,"SP","São Paulo",35,"Aspásia",350028,"Jales",3507,"São José do Rio Preto"
350400,3504008,"SP","São Paulo",35,"Assis",350014,"Assis",3504,"Marília"
350410,3504107,"SP","São Paulo",35,"Atibaia",350041,"Bragança Paulista",3510,"Campinas"
350420,3504206,"SP","São Paulo",35,"Auriflama",350022,"Araçatuba",3506,"Araçatuba"
350430,3504305,"SP","São Paulo",35,"Avaí",350009,"Bauru",3503,"Bauru"
350440,3504404,"SP","São Paulo",35,"Avanhandava",350023,"Birigui - Penápolis",3506,"Araçatuba"
350450,3504503,"SP","São Paulo",35,"Avaré",350007,"Avaré",3502,"Sorocaba"
350460,3504602,"SP","São Paulo",35,"Bady Bassitt",350025,"São José do Rio Preto",3507,"São José do Rio Preto"
350470,3504701,"SP","São Paulo",35,"Balbinos",350009,"Bauru",3503,"Bauru"
350480,3504800,"SP","São Paulo",35,"Bálsamo",350025,"São José do Rio Preto",3507,"São José do Rio Preto"
350490,3504909,"SP","São Paulo",35,"Bananal",350053,"Cruzeiro",3511,"São José dos Campos"
350500,3505005,"SP","São Paulo",35,"Barão de Antonina",350004,"Itapeva",3502,"Sorocaba"
350510,3505104,"SP","São Paulo",35,"Barbosa",350023,"Birigui - Penápolis",3506,"Araçatuba"
350520,3505203,"SP","São Paulo",35,"Bariri",350010,"Jaú",3503,"Bauru"
350530,3505302,"SP","São Paulo",35,"Barra Bonita",350010,"Jaú",3503,"Bauru"
350535,3505351,"SP","São Paulo",35,"Barra do Chapéu",350004,"Itapeva",3502,"Sorocaba"
350540,3505401,"SP","São Paulo",35,"Barra do Turvo",350005,"Registro",3502,"Sorocaba"
350550,3505500,"SP","São Paulo",35,"Barretos",350032,"Barretos",3508,"Ribeirão Preto"
350560,3505609,"SP","São Paulo",35,"Barrinha",350031,"Ribeirão Preto",3508,"Ribeirão Preto"
350570,3505708,"SP","São Paulo",35,"Barueri",350001,"São Paulo",3501,"São Paulo"
350580,3505807,"SP","São Paulo",35,"Bastos",350016,"Tupã",3504,"Marília"
350590,3505906,"SP","São Paulo",35,"Batatais",350031,"Ribeirão Preto",3508,"Ribeirão Preto"
350600,3506003,"SP","São Paulo",35,"Bauru",350009,"Bauru",3503,"Bauru"
350610,3506102,"SP","São Paulo",35,"Bebedouro",350032,"Barretos",3508,"Ribeirão Preto"
350620,3506201,"SP","São Paulo",35,"Bento de Abreu",350022,"Araçatuba",3506,"Araçatuba"
350630,3506300,"SP","São Paulo",35,"Bernardino de Campos",350015,"Ourinhos",3504,"Marília"
350635,3506359,"SP","São Paulo",35,"Bertioga",350002,"Santos",3501,"São Paulo"
350640,3506409,"SP","São Paulo",35,"Bilac",350023,"Birigui - Penápolis",3506,"Araçatuba"
350650,3506508,"SP","São Paulo",35,"Birigui",350023,"Birigui - Penápolis",3506,"Araçatuba"
350660,3506607,"SP","São Paulo",35,"Biritiba Mirim",350001,"São Paulo",3501,"São Paulo"
350670,3506706,"SP","São Paulo",35,"Boa Esperança do Sul",350036,"Araraquara",3509,"Araraquara"
350680,3506805,"SP","São Paulo",35,"Bocaina",350010,"Jaú",3503,"Bauru"
350690,3506904,"SP","São Paulo",35,"Bofete",350011,"Botucatu",3503,"Bauru"
350700,3507001,"SP","São Paulo",35,"Boituva",350003,"Sorocaba",3502,"Sorocaba"
350710,3507100,"SP","São Paulo",35,"Bom Jesus dos Perdões",350041,"Bragança Paulista",3510,"Campinas"
350715,3507159,"SP","São Paulo",35,"Bom Sucesso de Itararé",350004,"Itapeva",3502,"Sorocaba"
350720,3507209,"SP","São Paulo",35,"Borá",350014,"Assis",3504,"Marília"
350730,3507308,"SP","São Paulo",35,"Boracéia",350010,"Jaú",3503,"Bauru"
350740,3507407,"SP","São Paulo",35,"Borborema",350036,"Araraquara",3509,"Araraquara"
350745,3507456,"SP","São Paulo",35,"Borebi",350009,"Bauru",3503,"Bauru"
350750,3507506,"SP","São Paulo",35,"Botucatu",350011,"Botucatu",3503,"Bauru"
350760,3507605,"SP","São Paulo",35,"Bragança Paulista",350041,"Bragança Paulista",3510,"Campinas"
350770,3507704,"SP","São Paulo",35,"Braúna",350023,"Birigui - Penápolis",3506,"Araçatuba"
350775,3507753,"SP","São Paulo",35,"Brejo Alegre",350023,"Birigui - Penápolis",3506,"Araçatuba"
350780,3507803,"SP","São Paulo",35,"Brodowski",350031,"Ribeirão Preto",3508,"Ribeirão Preto"
350790,3507902,"SP","São Paulo",35,"Brotas",350010,"Jaú",3503,"Bauru"
350800,3508009,"SP","São Paulo",35,"Buri",350004,"Itapeva",3502,"Sorocaba"
350810,3508108,"SP","São Paulo",35,"Buritama",350023,"Birigui - Penápolis",3506,"Araçatuba"
350820,3508207,"SP","São Paulo",35,"Buritizal",350035,"Ituverava",3508,"Ribeirão Preto"
350830,3508306,"SP","São Paulo",35,"Cabrália Paulista",350009,"Bauru",3503,"Bauru"
350840,3508405,"SP","São Paulo",35,"Cabreúva",350039,"Jundiaí",3510,"Campinas"
350850,3508504,"SP","São Paulo",35,"Caçapava",350049,"São José dos Campos",3511,"São José dos Campos"
350860,3508603,"SP","São Paulo",35,"Cachoeira Paulista",350053,"Cruzeiro",3511,"São José dos Campos"
350870,3508702,"SP","São Paulo",35,"Caconde",350047,"São José do Rio Pardo - Mococa",3510,"Campinas"
350880,3508801,"SP","São Paulo",35,"Cafelândia",350012,"Lins",3503,"Bauru"
350890,3508900,"SP","São Paulo",35,"Caiabu",350018,"Presidente Prudente",3505,"Presidente Prudente"
350900,3509007,"SP","São Paulo",35,"Caieiras",350001,"São Paulo",3501,"São Paulo"
350910,3509106,"SP","São Paulo",35,"Caiuá",350021,"Presidente Epitácio-Presidente Venceslau",3505,"Presidente Prudente"
350920,3509205,"SP","São Paulo",35,"Cajamar",350001,"São Paulo",3501,"São Paulo"
350925,3509254,"SP","São Paulo",35,"Cajati",350005,"Registro",3502,"Sorocaba"
350930,3509304,"SP","São Paulo",35,"Cajobi",350032,"Barretos",3508,"Ribeirão Preto"
350940,3509403,"SP","São Paulo",35,"Cajuru",350031,"Ribeirão Preto",3508,"Ribeirão Preto"
350945,3509452,"SP","São Paulo",35,"Campina do Monte Alegre",350006,"Itapetininga",3502,"Sorocaba"
350950,3509502,"SP","São Paulo",35,"Campinas",350038,"Campinas",3510,"Campinas"
350960,3509601,"SP","São Paulo",35,"Campo Limpo Paulista",350039,"Jundiaí",3510,"Campinas"
350970,3509700,"SP","São Paulo",35,"Campos do Jordão",350050,"Taubaté - Pindamonhangaba",3511,"São José dos Campos"
350980,3509809,"SP","São Paulo",35,"Campos Novos Paulista",350013,"Marília",3504,"Marília"
350990,3509908,"SP","São Paulo",35,"Cananéia",350005,"Registro",3502,"Sorocaba"
350995,3509957,"SP","São Paulo",35,"Canas",350052,"Guaratinguetá",3511,"São José dos Campos"
351000,3510005,"SP","São Paulo",35,"Cândido Mota",350014,"Assis",3504,"Marília"
351010,3510104,"SP","São Paulo",35,"Cândido Rodrigues",350036,"Araraquara",3509,"Araraquara"
351015,3510153,"SP","São Paulo",35,"Canitar",350015,"Ourinhos",3504,"Marília"
351020,3510203,"SP","São Paulo",35,"Capão Bonito",350004,"Itapeva",3502,"Sorocaba"
351030,3510302,"SP","São Paulo",35,"Capela do Alto",350003,"Sorocaba",3502,"Sorocaba"
351040,3510401,"SP","São Paulo",35,"Capivari",350040,"Piracicaba",3510,"Campinas"
351050,3510500,"SP","São Paulo",35,"Caraguatatuba",350051,"Caraguatatuba - Ubatuba - São Sebastião",3511,"São José dos Campos"
351060,3510609,"SP","São Paulo",35,"Carapicuíba",350001,"São Paulo",3501,"São Paulo"
351070,3510708,"SP","São Paulo",35,"Cardoso",350027,"Votuporanga",3507,"São José do Rio Preto"
351080,3510807,"SP","São Paulo",35,"Casa Branca",350044,"São João da Boa Vista",3510,"Campinas"
351090,3510906,"SP","São Paulo",35,"Cássia dos Coqueiros",350031,"Ribeirão Preto",3508,"Ribeirão Preto"
351100,3511003,"SP","São Paulo",35,"Castilho",350024,"Andradina",3506,"Araçatuba"
351110,3511102,"SP","São Paulo",35,"Catanduva",350026,"Catanduva",3507,"São José do Rio Preto"
351120,3511201,"SP","São Paulo",35,"Catiguá",350026,"Catanduva",3507,"São José do Rio Preto"
351130,3511300,"SP","São Paulo",35,"Cedral",350025,"São José do Rio Preto",3507,"São José do Rio Preto"
351140,3511409,"SP","São Paulo",35,"Cerqueira César",350007,"Avaré",3502,"Sorocaba"
351150,3511508,"SP","São Paulo",35,"Cerquilho",350003,"Sorocaba",3502,"Sorocaba"
351160,3511607,"SP","São Paulo",35,"Cesário Lange",350008,"Tatuí",3502,"Sorocaba"
351170,3511706,"SP","São Paulo",35,"Charqueada",350040,"Piracicaba",3510,"Campinas"
351190,3511904,"SP","São Paulo",35,"Clementina",350023,"Birigui - Penápolis",3506,"Araçatuba"
351200,3512001,"SP","São Paulo",35,"Colina",350032,"Barretos",3508,"Ribeirão Preto"
351210,3512100,"SP","São Paulo",35,"Colômbia",350032,"Barretos",3508,"Ribeirão Preto"
351220,3512209,"SP","São Paulo",35,"Conchal",350045,"Araras",3510,"Campinas"
351230,3512308,"SP","São Paulo",35,"Conchas",350011,"Botucatu",3503,"Bauru"
351240,3512407,"SP","São Paulo",35,"Cordeirópolis",350042,"Limeira",3510,"Campinas"
351250,3512506,"SP","São Paulo",35,"Coroados",350023,"Birigui - Penápolis",3506,"Araçatuba"
351260,3512605,"SP","São Paulo",35,"Coronel Macedo",350007,"Avaré",3502,"Sorocaba"
351270,3512704,"SP","São Paulo",35,"Corumbataí",350046,"Rio Claro",3510,"Campinas"
351280,3512803,"SP","São Paulo",35,"Cosmópolis",350038,"Campinas",3510,"Campinas"
351290,3512902,"SP","São Paulo",35,"Cosmorama",350027,"Votuporanga",3507,"São José do Rio Preto"
351300,3513009,"SP","São Paulo",35,"Cotia",350001,"São Paulo",3501,"São Paulo"
351310,3513108,"SP","São Paulo",35,"Cravinhos",350031,"Ribeirão Preto",3508,"Ribeirão Preto"
351320,3513207,"SP","São Paulo",35,"Cristais Paulista",350033,"Franca",3508,"Ribeirão Preto"
351330,3513306,"SP","São Paulo",35,"Cruzália",350014,"Assis",3504,"Marília"
351340,3513405,"SP","São Paulo",35,"Cruzeiro",350053,"Cruzeiro",3511,"São José dos Campos"
351350,3513504,"SP","São Paulo",35,"Cubatão",350002,"Santos",3501,"São Paulo"
351360,3513603,"SP","São Paulo",35,"Cunha",350052,"Guaratinguetá",3511,"São José dos Campos"
351370,3513702,"SP","São Paulo",35,"Descalvado",350037,"São Carlos",3509,"Araraquara"
351380,3513801,"SP","São Paulo",35,"Diadema",350001,"São Paulo",3501,"São Paulo"
351385,3513850,"SP","São Paulo",35,"Dirce Reis",350028,"Jales",3507,"São José do Rio Preto"
351390,3513900,"SP","São Paulo",35,"Divinolândia",350047,"São José do Rio Pardo - Mococa",3510,"Campinas"
351400,3514007,"SP","São Paulo",35,"Dobrada",350036,"Araraquara",3509,"Araraquara"
351410,3514106,"SP","São Paulo",35,"Dois Córregos",350010,"Jaú",3503,"Bauru"
351420,3514205,"SP","São Paulo",35,"Dolcinópolis",350028,"Jales",3507,"São José do Rio Preto"
351430,3514304,"SP","São Paulo",35,"Dourado",350037,"São Carlos",3509,"Araraquara"
351440,3514403,"SP","São Paulo",35,"Dracena",350020,"Dracena",3505,"Presidente Prudente"
351450,3514502,"SP","São Paulo",35,"Duartina",350009,"Bauru",3503,"Bauru"
351460,3514601,"SP","São Paulo",35,"Dumont",350031,"Ribeirão Preto",3508,"Ribeirão Preto"
351470,3514700,"SP","São Paulo",35,"Echaporã",350013,"Marília",3504,"Marília"
351480,3514809,"SP","São Paulo",35,"Eldorado",350005,"Registro",3502,"Sorocaba"
351490,3514908,"SP","São Paulo",35,"Elias Fausto",350038,"Campinas",3510,"Campinas"
351492,3514924,"SP","São Paulo",35,"Elisiário",350026,"Catanduva",3507,"São José do Rio Preto"
351495,3514957,"SP","São Paulo",35,"Embaúba",350026,"Catanduva",3507,"São José do Rio Preto"
351500,3515004,"SP","São Paulo",35,"Embu das Artes",350001,"São Paulo",3501,"São Paulo"
351510,3515103,"SP","São Paulo",35,"Embu-Guaçu",350001,"São Paulo",3501,"São Paulo"
351512,3515129,"SP","São Paulo",35,"Emilianópolis",350018,"Presidente Prudente",3505,"Presidente Prudente"
351515,3515152,"SP","São Paulo",35,"Engenheiro Coelho",350042,"Limeira",3510,"Campinas"
351518,3515186,"SP","São Paulo",35,"Espírito Santo do Pinhal",350044,"São João da Boa Vista",3510,"Campinas"
351519,3515194,"SP","São Paulo",35,"Espírito Santo do Turvo",350015,"Ourinhos",3504,"Marília"
351520,3515202,"SP","São Paulo",35,"Estrela d'Oeste",350029,"Fernandópolis",3507,"São José do Rio Preto"
351530,3515301,"SP","São Paulo",35,"Estrela do Norte",350018,"Presidente Prudente",3505,"Presidente Prudente"
351535,3515350,"SP","São Paulo",35,"Euclides da Cunha Paulista",350018,"Presidente Prudente",3505,"Presidente Prudente"
351540,3515400,"SP","São Paulo",35,"Fartura",350017,"Piraju",3504,"Marília"
351550,3515509,"SP","São Paulo",35,"Fernandópolis",350029,"Fernandópolis",3507,"São José do Rio Preto"
351560,3515608,"SP","São Paulo",35,"Fernando Prestes",350026,"Catanduva",3507,"São José do Rio Preto"
351565,3515657,"SP","São Paulo",35,"Fernão",350013,"Marília",3504,"Marília"
351570,3515707,"SP","São Paulo",35,"Ferraz de Vasconcelos",350001,"São Paulo",3501,"São Paulo"
351580,3515806,"SP","São Paulo",35,"Flora Rica",350020,"Dracena",3505,"Presidente Prudente"
351590,3515905,"SP","São Paulo",35,"Floreal",350027,"Votuporanga",3507,"São José do Rio Preto"
351600,3516002,"SP","São Paulo",35,"Flórida Paulista",350019,"Adamantina - Lucélia",3505,"Presidente Prudente"
351610,3516101,"SP","São Paulo",35,"Florínea",350014,"Assis",3504,"Marília"
351620,3516200,"SP","São Paulo",35,"Franca",350033,"Franca",3508,"Ribeirão Preto"
351630,3516309,"SP","São Paulo",35,"Francisco Morato",350001,"São Paulo",3501,"São Paulo"
351640,3516408,"SP","São Paulo",35,"Franco da Rocha",350001,"São Paulo",3501,"São Paulo"
351650,3516507,"SP","São Paulo",35,"Gabriel Monteiro",350023,"Birigui - Penápolis",3506,"Araçatuba"
351660,3516606,"SP","São Paulo",35,"Gália",350013,"Marília",3504,"Marília"
351670,3516705,"SP","São Paulo",35,"Garça",350013,"Marília",3504,"Marília"
351680,3516804,"SP","São Paulo",35,"Gastão Vidigal",350022,"Araçatuba",3506,"Araçatuba"
351685,3516853,"SP","São Paulo",35,"Gavião Peixoto",350036,"Araraquara",3509,"Araraquara"
351690,3516903,"SP","São Paulo",35,"General Salgado",350022,"Araçatuba",3506,"Araçatuba"
351700,3517000,"SP","São Paulo",35,"Getulina",350013,"Marília",3504,"Marília"
351710,3517109,"SP","São Paulo",35,"Glicério",350023,"Birigui - Penápolis",3506,"Araçatuba"
351720,3517208,"SP","São Paulo",35,"Guaiçara",350012,"Lins",3503,"Bauru"
351730,3517307,"SP","São Paulo",35,"Guaimbê",350013,"Marília",3504,"Marília"
351740,3517406,"SP","São Paulo",35,"Guaíra",350032,"Barretos",3508,"Ribeirão Preto"
351750,3517505,"SP","São Paulo",35,"Guapiaçu",350025,"São José do Rio Preto",3507,"São José do Rio Preto"
351760,3517604,"SP","São Paulo",35,"Guapiara",350004,"Itapeva",3502,"Sorocaba"
351770,3517703,"SP","São Paulo",35,"Guará",350035,"Ituverava",3508,"Ribeirão Preto"
351780,3517802,"SP","São Paulo",35,"Guaraçaí",350024,"Andradina",3506,"Araçatuba"
351790,3517901,"SP","São Paulo",35,"Guaraci",350032,"Barretos",3508,"Ribeirão Preto"
351800,3518008,"SP","São Paulo",35,"Guarani d'Oeste",350029,"Fernandópolis",3507,"São José do Rio Preto"
351810,3518107,"SP","São Paulo",35,"Guarantã",350012,"Lins",3503,"Bauru"
351820,3518206,"SP","São Paulo",35,"Guararapes",350022,"Araçatuba",3506,"Araçatuba"
351830,3518305,"SP","São Paulo",35,"Guararema",350001,"São Paulo",3501,"São Paulo"
351840,3518404,"SP","São Paulo",35,"Guaratinguetá",350052,"Guaratinguetá",3511,"São José dos Campos"
351850,3518503,"SP","São Paulo",35,"Guareí",350006,"Itapetininga",3502,"Sorocaba"
351860,3518602,"SP","São Paulo",35,"Guariba",350031,"Ribeirão Preto",3508,"Ribeirão Preto"
351870,3518701,"SP","São Paulo",35,"Guarujá",350002,"Santos",3501,"São Paulo"
351880,3518800,"SP","São Paulo",35,"Guarulhos",350001,"São Paulo",3501,"São Paulo"
351885,3518859,"SP","São Paulo",35,"Guatapará",350031,"Ribeirão Preto",3508,"Ribeirão Preto"
351890,3518909,"SP","São Paulo",35,"Guzolândia",350022,"Araçatuba",3506,"Araçatuba"
351900,3519006,"SP","São Paulo",35,"Herculândia",350016,"Tupã",3504,"Marília"
351905,3519055,"SP","São Paulo",35,"Holambra",350038,"Campinas",3510,"Campinas"
351907,3519071,"SP","São Paulo",35,"Hortolândia",350038,"Campinas",3510,"Campinas"
351910,3519105,"SP","São Paulo",35,"Iacanga",350009,"Bauru",3503,"Bauru"
351920,3519204,"SP","São Paulo",35,"Iacri",350016,"Tupã",3504,"Marília"
351925,3519253,"SP","São Paulo",35,"Iaras",350007,"Avaré",3502,"Sorocaba"
351930,3519303,"SP","São Paulo",35,"Ibaté",350037,"São Carlos",3509,"Araraquara"
351940,3519402,"SP","São Paulo",35,"Ibirá",350025,"São José do Rio Preto",3507,"São José do Rio Preto"
351950,3519501,"SP","São Paulo",35,"Ibirarema",350015,"Ourinhos",3504,"Marília"
351960,3519600,"SP","São Paulo",35,"Ibitinga",350036,"Araraquara",3509,"Araraquara"
351970,3519709,"SP","São Paulo",35,"Ibiúna",350003,"Sorocaba",3502,"Sorocaba"
351980,3519808,"SP","São Paulo",35,"Icém",350025,"São José do Rio Preto",3507,"São José do Rio Preto"
351990,3519907,"SP","São Paulo",35,"Iepê",350018,"Presidente Prudente",3505,"Presidente Prudente"
352000,3520004,"SP","São Paulo",35,"Igaraçu do Tietê",350010,"Jaú",3503,"Bauru"
352010,3520103,"SP","São Paulo",35,"Igarapava",350035,"Ituverava",3508,"Ribeirão Preto"
352020,3520202,"SP","São Paulo",35,"Igaratá",350049,"São José dos Campos",3511,"São José dos Campos"
352030,3520301,"SP","São Paulo",35,"Iguape",350005,"Registro",3502,"Sorocaba"
352040,3520400,"SP","São Paulo",35,"Ilhabela",350051,"Caraguatatuba - Ubatuba - São Sebastião",3511,"São José dos Campos"
352042,3520426,"SP","São Paulo",35,"Ilha Comprida",350005,"Registro",3502,"Sorocaba"
352044,3520442,"SP","São Paulo",35,"Ilha Solteira",350024,"Andradina",3506,"Araçatuba"
352050,3520509,"SP","São Paulo",35,"Indaiatuba",350038,"Campinas",3510,"Campinas"
352060,3520608,"SP","São Paulo",35,"Indiana",350018,"Presidente Prudente",3505,"Presidente Prudente"
352070,3520707,"SP","São Paulo",35,"Indiaporã",350029,"Fernandópolis",3507,"São José do Rio Preto"
352080,3520806,"SP","São Paulo",35,"Inúbia Paulista",350019,"Adamantina - Lucélia",3505,"Presidente Prudente"
352090,3520905,"SP","São Paulo",35,"Ipaussu",350015,"Ourinhos",3504,"Marília"
352100,3521002,"SP","São Paulo",35,"Iperó",350003,"Sorocaba",3502,"Sorocaba"
352110,3521101,"SP","São Paulo",35,"Ipeúna",350046,"Rio Claro",3510,"Campinas"
352115,3521150,"SP","São Paulo",35,"Ipiguá",350025,"São José do Rio Preto",3507,"São José do Rio Preto"
352120,3521200,"SP","São Paulo",35,"Iporanga",350005,"Registro",3502,"Sorocaba"
352130,3521309,"SP","São Paulo",35,"Ipuã",350034,"São Joaquim da Barra – Orlândia",3508,"Ribeirão Preto"
352140,3521408,"SP","São Paulo",35,"Iracemápolis",350042,"Limeira",3510,"Campinas"
352150,3521507,"SP","São Paulo",35,"Irapuã",350025,"São José do Rio Preto",3507,"São José do Rio Preto"
352160,3521606,"SP","São Paulo",35,"Irapuru",350020,"Dracena",3505,"Presidente Prudente"
352170,3521705,"SP","São Paulo",35,"Itaberá",350004,"Itapeva",3502,"Sorocaba"
352180,3521804,"SP","São Paulo",35,"Itaí",350007,"Avaré",3502,"Sorocaba"
352190,3521903,"SP","São Paulo",35,"Itajobi",350026,"Catanduva",3507,"São José do Rio Preto"
352200,3522000,"SP","São Paulo",35,"Itaju",350010,"Jaú",3503,"Bauru"
352210,3522109,"SP","São Paulo",35,"Itanhaém",350002,"Santos",3501,"São Paulo"
352215,3522158,"SP","São Paulo",35,"Itaoca",350004,"Itapeva",3502,"Sorocaba"
352220,3522208,"SP","São Paulo",35,"Itapecerica da Serra",350001,"São Paulo",3501,"São Paulo"
352230,3522307,"SP","São Paulo",35,"Itapetininga",350006,"Itapetininga",3502,"Sorocaba"
352240,3522406,"SP","São Paulo",35,"Itapeva",350004,"Itapeva",3502,"Sorocaba"
352250,3522505,"SP","São Paulo",35,"Itapevi",350001,"São Paulo",3501,"São Paulo"
352260,3522604,"SP","São Paulo",35,"Itapira",350043,"Mogi Guaçu",3510,"Campinas"
352265,3522653,"SP","São Paulo",35,"Itapirapuã Paulista",350004,"Itapeva",3502,"Sorocaba"
352270,3522703,"SP","São Paulo",35,"Itápolis",350036,"Araraquara",3509,"Araraquara"
352280,3522802,"SP","São Paulo",35,"Itaporanga",350004,"Itapeva",3502,"Sorocaba"
352290,3522901,"SP","São Paulo",35,"Itapuí",350010,"Jaú",3503,"Bauru"
352300,3523008,"SP","São Paulo",35,"Itapura",350024,"Andradina",3506,"Araçatuba"
352310,3523107,"SP","São Paulo",35,"Itaquaquecetuba",350001,"São Paulo",3501,"São Paulo"
352320,3523206,"SP","São Paulo",35,"Itararé",350004,"Itapeva",3502,"Sorocaba"
352330,3523305,"SP","São Paulo",35,"Itariri",350002,"Santos",3501,"São Paulo"
352340,3523404,"SP","São Paulo",35,"Itatiba",350039,"Jundiaí",3510,"Campinas"
352350,3523503,"SP","São Paulo",35,"Itatinga",350011,"Botucatu",3503,"Bauru"
352360,3523602,"SP","São Paulo",35,"Itirapina",350037,"São Carlos",3509,"Araraquara"
352370,3523701,"SP","São Paulo",35,"Itirapuã",350033,"Franca",3508,"Ribeirão Preto"
352380,3523800,"SP","São Paulo",35,"Itobi",350047,"São José do Rio Pardo - Mococa",3510,"Campinas"
352390,3523909,"SP","São Paulo",35,"Itu",350003,"Sorocaba",3502,"Sorocaba"
352400,3524006,"SP","São Paulo",35,"Itupeva",350039,"Jundiaí",3510,"Campinas"
352410,3524105,"SP","São Paulo",35,"Ituverava",350035,"Ituverava",3508,"Ribeirão Preto"
352420,3524204,"SP","São Paulo",35,"Jaborandi",350032,"Barretos",3508,"Ribeirão Preto"
352430,3524303,"SP","São Paulo",35,"Jaboticabal",350031,"Ribeirão Preto",3508,"Ribeirão Preto"
352440,3524402,"SP","São Paulo",35,"Jacareí",350049,"São José dos Campos",3511,"São José dos Campos"
352450,3524501,"SP","São Paulo",35,"Jaci",350025,"São José do Rio Preto",3507,"São José do Rio Preto"
352460,3524600,"SP","São Paulo",35,"Jacupiranga",350005,"Registro",3502,"Sorocaba"
352470,3524709,"SP","São Paulo",35,"Jaguariúna",350038,"Campinas",3510,"Campinas"
352480,3524808,"SP","São Paulo",35,"Jales",350028,"Jales",3507,"São José do Rio Preto"
352490,3524907,"SP","São Paulo",35,"Jambeiro",350049,"São José dos Campos",3511,"São José dos Campos"
352500,3525003,"SP","São Paulo",35,"Jandira",350001,"São Paulo",3501,"São Paulo"
352510,3525102,"SP","São Paulo",35,"Jardinópolis",350031,"Ribeirão Preto",3508,"Ribeirão Preto"
352520,3525201,"SP","São Paulo",35,"Jarinu",350039,"Jundiaí",3510,"Campinas"
352530,3525300,"SP","São Paulo",35,"Jaú",350010,"Jaú",3503,"Bauru"
352540,3525409,"SP","São Paulo",35,"Jeriquara",350033,"Franca",3508,"Ribeirão Preto"
352550,3525508,"SP","São Paulo",35,"Joanópolis",350041,"Bragança Paulista",3510,"Campinas"
352560,3525607,"SP","São Paulo",35,"João Ramalho",350018,"Presidente Prudente",3505,"Presidente Prudente"
352570,3525706,"SP","São Paulo",35,"José Bonifácio",350025,"São José do Rio Preto",3507,"São José do Rio Preto"
352580,3525805,"SP","São Paulo",35,"Júlio Mesquita",350013,"Marília",3504,"Marília"
352585,3525854,"SP","São Paulo",35,"Jumirim",350003,"Sorocaba",3502,"Sorocaba"
352590,3525904,"SP","São Paulo",35,"Jundiaí",350039,"Jundiaí",3510,"Campinas"
352600,3526001,"SP","São Paulo",35,"Junqueirópolis",350020,"Dracena",3505,"Presidente Prudente"
352610,3526100,"SP","São Paulo",35,"Juquiá",350005,"Registro",3502,"Sorocaba"
352620,3526209,"SP","São Paulo",35,"Juquitiba",350001,"São Paulo",3501,"São Paulo"
352630,3526308,"SP","São Paulo",35,"Lagoinha",350050,"Taubaté - Pindamonhangaba",3511,"São José dos Campos"
352640,3526407,"SP","São Paulo",35,"Laranjal Paulista",350040,"Piracicaba",3510,"Campinas"
352650,3526506,"SP","São Paulo",35,"Lavínia",350024,"Andradina",3506,"Araçatuba"
352660,3526605,"SP","São Paulo",35,"Lavrinhas",350053,"Cruzeiro",3511,"São José dos Campos"
352670,3526704,"SP","São Paulo",35,"Leme",350045,"Araras",3510,"Campinas"
352680,3526803,"SP","São Paulo",35,"Lençóis Paulista",350009,"Bauru",3503,"Bauru"
352690,3526902,"SP","São Paulo",35,"Limeira",350042,"Limeira",3510,"Campinas"
352700,3527009,"SP","São Paulo",35,"Lindóia",350048,"Amparo",3510,"Campinas"
352710,3527108,"SP","São Paulo",35,"Lins",350012,"Lins",3503,"Bauru"
352720,3527207,"SP","São Paulo",35,"Lorena",350052,"Guaratinguetá",3511,"São José dos Campos"
352725,3527256,"SP","São Paulo",35,"Lourdes",350023,"Birigui - Penápolis",3506,"Araçatuba"
352730,3527306,"SP","São Paulo",35,"Louveira",350039,"Jundiaí",3510,"Campinas"
352740,3527405,"SP","São Paulo",35,"Lucélia",350019,"Adamantina - Lucélia",3505,"Presidente Prudente"
352750,3527504,"SP","São Paulo",35,"Lucianópolis",350009,"Bauru",3503,"Bauru"
352760,3527603,"SP","São Paulo",35,"Luís Antônio",350031,"Ribeirão Preto",3508,"Ribeirão Preto"
352770,3527702,"SP","São Paulo",35,"Luiziânia",350023,"Birigui - Penápolis",3506,"Araçatuba"
352780,3527801,"SP","São Paulo",35,"Lupércio",350013,"Marília",3504,"Marília"
352790,3527900,"SP","São Paulo",35,"Lutécia",350014,"Assis",3504,"Marília"
352800,3528007,"SP","São Paulo",35,"Macatuba",350009,"Bauru",3503,"Bauru"
352810,3528106,"SP","São Paulo",35,"Macaubal",350025,"São José do Rio Preto",3507,"São José do Rio Preto"
352820,3528205,"SP","São Paulo",35,"Macedônia",350029,"Fernandópolis",3507,"São José do Rio Preto"
352830,3528304,"SP","São Paulo",35,"Magda",350022,"Araçatuba",3506,"Araçatuba"
352840,3528403,"SP","São Paulo",35,"Mairinque",350003,"Sorocaba",3502,"Sorocaba"
352850,3528502,"SP","São Paulo",35,"Mairiporã",350001,"São Paulo",3501,"São Paulo"
352860,3528601,"SP","São Paulo",35,"Manduri",350007,"Avaré",3502,"Sorocaba"
352870,3528700,"SP","São Paulo",35,"Marabá Paulista",350021,"Presidente Epitácio-Presidente Venceslau",3505,"Presidente Prudente"
352880,3528809,"SP","São Paulo",35,"Maracaí",350014,"Assis",3504,"Marília"
352885,3528858,"SP","São Paulo",35,"Marapoama",350026,"Catanduva",3507,"São José do Rio Preto"
352890,3528908,"SP","São Paulo",35,"Mariápolis",350019,"Adamantina - Lucélia",3505,"Presidente Prudente"
352900,3529005,"SP","São Paulo",35,"Marília",350013,"Marília",3504,"Marília"
352910,3529104,"SP","São Paulo",35,"Marinópolis",350028,"Jales",3507,"São José do Rio Preto"
352920,3529203,"SP","São Paulo",35,"Martinópolis",350018,"Presidente Prudente",3505,"Presidente Prudente"
352930,3529302,"SP","São Paulo",35,"Matão",350036,"Araraquara",3509,"Araraquara"
352940,3529401,"SP","São Paulo",35,"Mauá",350001,"São Paulo",3501,"São Paulo"
352950,3529500,"SP","São Paulo",35,"Mendonça",350025,"São José do Rio Preto",3507,"São José do Rio Preto"
352960,3529609,"SP","São Paulo",35,"Meridiano",350029,"Fernandópolis",3507,"São José do Rio Preto"
352965,3529658,"SP","São Paulo",35,"Mesópolis",350028,"Jales",3507,"São José do Rio Preto"
352970,3529708,"SP","São Paulo",35,"Miguelópolis",350035,"Ituverava",3508,"Ribeirão Preto"
352980,3529807,"SP","São Paulo",35,"Mineiros do Tietê",350010,"Jaú",3503,"Bauru"
352990,3529906,"SP","São Paulo",35,"Miracatu",350005,"Registro",3502,"Sorocaba"
353000,3530003,"SP","São Paulo",35,"Mira Estrela",350029,"Fernandópolis",3507,"São José do Rio Preto"
353010,3530102,"SP","São Paulo",35,"Mirandópolis",350024,"Andradina",3506,"Araçatuba"
353020,3530201,"SP","São Paulo",35,"Mirante do Paranapanema",350018,"Presidente Prudente",3505,"Presidente Prudente"
353030,3530300,"SP","São Paulo",35,"Mirassol",350025,"São José do Rio Preto",3507,"São José do Rio Preto"
353040,3530409,"SP","São Paulo",35,"Mirassolândia",350025,"São José do Rio Preto",3507,"São José do Rio Preto"
353050,3530508,"SP","São Paulo",35,"Mococa",350047,"São José do Rio Pardo - Mococa",3510,"Campinas"
353060,3530607,"SP","São Paulo",35,"Mogi das Cruzes",350001,"São Paulo",3501,"São Paulo"
353070,3530706,"SP","São Paulo",35,"Mogi Guaçu",350043,"Mogi Guaçu",3510,"Campinas"
353080,3530805,"SP","São Paulo",35,"Mogi Mirim",350043,"Mogi Guaçu",3510,"Campinas"
353090,3530904,"SP","São Paulo",35,"Mombuca",350040,"Piracicaba",3510,"Campinas"
353100,3531001,"SP","São Paulo",35,"Monções",350022,"Araçatuba",3506,"Araçatuba"
353110,3531100,"SP","São Paulo",35,"Mongaguá",350002,"Santos",3501,"São Paulo"
353120,3531209,"SP","São Paulo",35,"Monte Alegre do Sul",350048,"Amparo",3510,"Campinas"
353130,3531308,"SP","São Paulo",35,"Monte Alto",350031,"Ribeirão Preto",3508,"Ribeirão Preto"
353140,3531407,"SP","São Paulo",35,"Monte Aprazível",350025,"São José do Rio Preto",3507,"São José do Rio Preto"
353150,3531506,"SP","São Paulo",35,"Monte Azul Paulista",350032,"Barretos",3508,"Ribeirão Preto"
353160,3531605,"SP","São Paulo",35,"Monte Castelo",350020,"Dracena",3505,"Presidente Prudente"
353170,3531704,"SP","São Paulo",35,"Monteiro Lobato",350049,"São José dos Campos",3511,"São José dos Campos"
353180,3531803,"SP","São Paulo",35,"Monte Mor",350038,"Campinas",3510,"Campinas"
353190,3531902,"SP","São Paulo",35,"Morro Agudo",350034,"São Joaquim da Barra – Orlândia",3508,"Ribeirão Preto"
353200,3532009,"SP","São Paulo",35,"Morungaba",350039,"Jundiaí",3510,"Campinas"
353205,3532058,"SP","São Paulo",35,"Motuca",350036,"Araraquara",3509,"Araraquara"
353210,3532108,"SP","São Paulo",35,"Murutinga do Sul",350024,"Andradina",3506,"Araçatuba"
353215,3532157,"SP","São Paulo",35,"Nantes",350018,"Presidente Prudente",3505,"Presidente Prudente"
353220,3532207,"SP","São Paulo",35,"Narandiba",350018,"Presidente Prudente",3505,"Presidente Prudente"
353230,3532306,"SP","São Paulo",35,"Natividade da Serra",350050,"Taubaté - Pindamonhangaba",3511,"São José dos Campos"
353240,3532405,"SP","São Paulo",35,"Nazaré Paulista",350041,"Bragança Paulista",3510,"Campinas"
353250,3532504,"SP","São Paulo",35,"Neves Paulista",350025,"São José do Rio Preto",3507,"São José do Rio Preto"
353260,3532603,"SP","São Paulo",35,"Nhandeara",350027,"Votuporanga",3507,"São José do Rio Preto"
353270,3532702,"SP","São Paulo",35,"Nipoã",350025,"São José do Rio Preto",3507,"São José do Rio Preto"
353280,3532801,"SP","São Paulo",35,"Nova Aliança",350025,"São José do Rio Preto",3507,"São José do Rio Preto"
353282,3532827,"SP","São Paulo",35,"Nova Campina",350004,"Itapeva",3502,"Sorocaba"
353284,3532843,"SP","São Paulo",35,"Nova Canaã Paulista",350030,"Santa Fé do Sul",3507,"São José do Rio Preto"
353286,3532868,"SP","São Paulo",35,"Nova Castilho",350022,"Araçatuba",3506,"Araçatuba"
353290,3532900,"SP","São Paulo",35,"Nova Europa",350036,"Araraquara",3509,"Araraquara"
353300,3533007,"SP","São Paulo",35,"Nova Granada",350025,"São José do Rio Preto",3507,"São José do Rio Preto"
353310,3533106,"SP","São Paulo",35,"Nova Guataporanga",350020,"Dracena",3505,"Presidente Prudente"
353320,3533205,"SP","São Paulo",35,"Nova Independência",350024,"Andradina",3506,"Araçatuba"
353325,3533254,"SP","São Paulo",35,"Novais",350026,"Catanduva",3507,"São José do Rio Preto"
353330,3533304,"SP","São Paulo",35,"Nova Luzitânia",350022,"Araçatuba",3506,"Araçatuba"
353340,3533403,"SP","São Paulo",35,"Nova Odessa",350038,"Campinas",3510,"Campinas"
353350,3533502,"SP","São Paulo",35,"Novo Horizonte",350025,"São José do Rio Preto",3507,"São José do Rio Preto"
353360,3533601,"SP","São Paulo",35,"Nuporanga",350034,"São Joaquim da Barra – Orlândia",3508,"Ribeirão Preto"
353370,3533700,"SP","São Paulo",35,"Ocauçu",350013,"Marília",3504,"Marília"
353380,3533809,"SP","São Paulo",35,"Óleo",350007,"Avaré",3502,"Sorocaba"
353390,3533908,"SP","São Paulo",35,"Olímpia",350032,"Barretos",3508,"Ribeirão Preto"
353400,3534005,"SP","São Paulo",35,"Onda Verde",350025,"São José do Rio Preto",3507,"São José do Rio Preto"
353410,3534104,"SP","São Paulo",35,"Oriente",350013,"Marília",3504,"Marília"
353420,3534203,"SP","São Paulo",35,"Orindiúva",350025,"São José do Rio Preto",3507,"São José do Rio Preto"
353430,3534302,"SP","São Paulo",35,"Orlândia",350034,"São Joaquim da Barra – Orlândia",3508,"Ribeirão Preto"
353440,3534401,"SP","São Paulo",35,"Osasco",350001,"São Paulo",3501,"São Paulo"
353450,3534500,"SP","São Paulo",35,"Oscar Bressane",350013,"Marília",3504,"Marília"
353460,3534609,"SP","São Paulo",35,"Osvaldo Cruz",350019,"Adamantina - Lucélia",3505,"Presidente Prudente"
353470,3534708,"SP","São Paulo",35,"Ourinhos",350015,"Ourinhos",3504,"Marília"
353475,3534757,"SP","São Paulo",35,"Ouroeste",350029,"Fernandópolis",3507,"São José do Rio Preto"
353480,3534807,"SP","São Paulo",35,"Ouro Verde",350020,"Dracena",3505,"Presidente Prudente"
353490,3534906,"SP","São Paulo",35,"Pacaembu",350019,"Adamantina - Lucélia",3505,"Presidente Prudente"
353500,3535002,"SP","São Paulo",35,"Palestina",350025,"São José do Rio Preto",3507,"São José do Rio Preto"
353510,3535101,"SP","São Paulo",35,"Palmares Paulista",350026,"Catanduva",3507,"São José do Rio Preto"
353520,3535200,"SP","São Paulo",35,"Palmeira d'Oeste",350028,"Jales",3507,"São José do Rio Preto"
353530,3535309,"SP","São Paulo",35,"Palmital",350014,"Assis",3504,"Marília"
353540,3535408,"SP","São Paulo",35,"Panorama",350020,"Dracena",3505,"Presidente Prudente"
353550,3535507,"SP","São Paulo",35,"Paraguaçu Paulista",350014,"Assis",3504,"Marília"
353560,3535606,"SP","São Paulo",35,"Paraibuna",350049,"São José dos Campos",3511,"São José dos Campos"
353570,3535705,"SP","São Paulo",35,"Paraíso",350026,"Catanduva",3507,"São José do Rio Preto"
353580,3535804,"SP","São Paulo",35,"Paranapanema",350007,"Avaré",3502,"Sorocaba"
353590,3535903,"SP","São Paulo",35,"Paranapuã",350028,"Jales",3507,"São José do Rio Preto"
353600,3536000,"SP","São Paulo",35,"Parapuã",350016,"Tupã",3504,"Marília"
353610,3536109,"SP","São Paulo",35,"Pardinho",350011,"Botucatu",3503,"Bauru"
353620,3536208,"SP","São Paulo",35,"Pariquera-Açu",350005,"Registro",3502,"Sorocaba"
353625,3536257,"SP","São Paulo",35,"Parisi",350027,"Votuporanga",3507,"São José do Rio Preto"
353630,3536307,"SP","São Paulo",35,"Patrocínio Paulista",350033,"Franca",3508,"Ribeirão Preto"
353640,3536406,"SP","São Paulo",35,"Paulicéia",350020,"Dracena",3505,"Presidente Prudente"
353650,3536505,"SP","São Paulo",35,"Paulínia",350038,"Campinas",3510,"Campinas"
353657,3536570,"SP","São Paulo",35,"Paulistânia",350009,"Bauru",3503,"Bauru"
353660,3536604,"SP","São Paulo",35,"Paulo de Faria",350025,"São José do Rio Preto",3507,"São José do Rio Preto"
353670,3536703,"SP","São Paulo",35,"Pederneiras",350009,"Bauru",3503,"Bauru"
353680,3536802,"SP","São Paulo",35,"Pedra Bela",350041,"Bragança Paulista",3510,"Campinas"
353690,3536901,"SP","São Paulo",35,"Pedranópolis",350029,"Fernandópolis",3507,"São José do Rio Preto"
353700,3537008,"SP","São Paulo",35,"Pedregulho",350033,"Franca",3508,"Ribeirão Preto"
353710,3537107,"SP","São Paulo",35,"Pedreira",350038,"Campinas",3510,"Campinas"
353715,3537156,"SP","São Paulo",35,"Pedrinhas Paulista",350014,"Assis",3504,"Marília"
353720,3537206,"SP","São Paulo",35,"Pedro de Toledo",350002,"Santos",3501,"São Paulo"
353730,3537305,"SP","São Paulo",35,"Penápolis",350023,"Birigui - Penápolis",3506,"Araçatuba"
353740,3537404,"SP","São Paulo",35,"Pereira Barreto",350024,"Andradina",3506,"Araçatuba"
353750,3537503,"SP","São Paulo",35,"Pereiras",350008,"Tatuí",3502,"Sorocaba"
353760,3537602,"SP","São Paulo",35,"Peruíbe",350002,"Santos",3501,"São Paulo"
353770,3537701,"SP","São Paulo",35,"Piacatu",350023,"Birigui - Penápolis",3506,"Araçatuba"
353780,3537800,"SP","São Paulo",35,"Piedade",350003,"Sorocaba",3502,"Sorocaba"
353790,3537909,"SP","São Paulo",35,"Pilar do Sul",350003,"Sorocaba",3502,"Sorocaba"
353800,3538006,"SP","São Paulo",35,"Pindamonhangaba",350050,"Taubaté - Pindamonhangaba",3511,"São José dos Campos"
353810,3538105,"SP","São Paulo",35,"Pindorama",350026,"Catanduva",3507,"São José do Rio Preto"
353820,3538204,"SP","São Paulo",35,"Pinhalzinho",350041,"Bragança Paulista",3510,"Campinas"
353830,3538303,"SP","São Paulo",35,"Piquerobi",350021,"Presidente Epitácio-Presidente Venceslau",3505,"Presidente Prudente"
353850,3538501,"SP","São Paulo",35,"Piquete",350052,"Guaratinguetá",3511,"São José dos Campos"
353860,3538600,"SP","São Paulo",35,"Piracaia",350041,"Bragança Paulista",3510,"Campinas"
353870,3538709,"SP","São Paulo",35,"Piracicaba",350040,"Piracicaba",3510,"Campinas"
353880,3538808,"SP","São Paulo",35,"Piraju",350017,"Piraju",3504,"Marília"
353890,3538907,"SP","São Paulo",35,"Pirajuí",350009,"Bauru",3503,"Bauru"
353900,3539004,"SP","São Paulo",35,"Pirangi",350026,"Catanduva",3507,"São José do Rio Preto"
353910,3539103,"SP","São Paulo",35,"Pirapora do Bom Jesus",350001,"São Paulo",3501,"São Paulo"
353920,3539202,"SP","São Paulo",35,"Pirapozinho",350018,"Presidente Prudente",3505,"Presidente Prudente"
353930,3539301,"SP","São Paulo",35,"Pirassununga",350037,"São Carlos",3509,"Araraquara"
353940,3539400,"SP","São Paulo",35,"Piratininga",350009,"Bauru",3503,"Bauru"
353950,3539509,"SP","São Paulo",35,"Pitangueiras",350031,"Ribeirão Preto",3508,"Ribeirão Preto"
353960,3539608,"SP","São Paulo",35,"Planalto",350025,"São José do Rio Preto",3507,"São José do Rio Preto"
353970,3539707,"SP","São Paulo",35,"Platina",350014,"Assis",3504,"Marília"
353980,3539806,"SP","São Paulo",35,"Poá",350001,"São Paulo",3501,"São Paulo"
353990,3539905,"SP","São Paulo",35,"Poloni",350025,"São José do Rio Preto",3507,"São José do Rio Preto"
354000,3540002,"SP","São Paulo",35,"Pompéia",350013,"Marília",3504,"Marília"
354010,3540101,"SP","São Paulo",35,"Pongaí",350012,"Lins",3503,"Bauru"
354020,3540200,"SP","São Paulo",35,"Pontal",350031,"Ribeirão Preto",3508,"Ribeirão Preto"
354025,3540259,"SP","São Paulo",35,"Pontalinda",350028,"Jales",3507,"São José do Rio Preto"
354030,3540309,"SP","São Paulo",35,"Pontes Gestal",350027,"Votuporanga",3507,"São José do Rio Preto"
354040,3540408,"SP","São Paulo",35,"Populina",350028,"Jales",3507,"São José do Rio Preto"
354050,3540507,"SP","São Paulo",35,"Porangaba",350008,"Tatuí",3502,"Sorocaba"
354060,3540606,"SP","São Paulo",35,"Porto Feliz",350003,"Sorocaba",3502,"Sorocaba"
354070,3540705,"SP","São Paulo",35,"Porto Ferreira",350037,"São Carlos",3509,"Araraquara"
354075,3540754,"SP","São Paulo",35,"Potim",350052,"Guaratinguetá",3511,"São José dos Campos"
354080,3540804,"SP","São Paulo",35,"Potirendaba",350025,"São José do Rio Preto",3507,"São José do Rio Preto"
354085,3540853,"SP","São Paulo",35,"Pracinha",350019,"Adamantina - Lucélia",3505,"Presidente Prudente"
354090,3540903,"SP","São Paulo",35,"Pradópolis",350031,"Ribeirão Preto",3508,"Ribeirão Preto"
354100,3541000,"SP","São Paulo",35,"Praia Grande",350002,"Santos",3501,"São Paulo"
354105,3541059,"SP","São Paulo",35,"Pratânia",350011,"Botucatu",3503,"Bauru"
354110,3541109,"SP","São Paulo",35,"Presidente Alves",350009,"Bauru",3503,"Bauru"
354120,3541208,"SP","São Paulo",35,"Presidente Bernardes",350018,"Presidente Prudente",3505,"Presidente Prudente"
354130,3541307,"SP","São Paulo",35,"Presidente Epitácio",350021,"Presidente Epitácio-Presidente Venceslau",3505,"Presidente Prudente"
354140,3541406,"SP","São Paulo",35,"Presidente Prudente",350018,"Presidente Prudente",3505,"Presidente Prudente"
354150,3541505,"SP","São Paulo",35,"Presidente Venceslau",350021,"Presidente Epitácio-Presidente Venceslau",3505,"Presidente Prudente"
354160,3541604,"SP","São Paulo",35,"Promissão",350012,"Lins",3503,"Bauru"
354165,3541653,"SP","São Paulo",35,"Quadra",350008,"Tatuí",3502,"Sorocaba"
354170,3541703,"SP","São Paulo",35,"Quatá",350018,"Presidente Prudente",3505,"Presidente Prudente"
354180,3541802,"SP","São Paulo",35,"Queiroz",350016,"Tupã",3504,"Marília"
354190,3541901,"SP","São Paulo",35,"Queluz",350053,"Cruzeiro",3511,"São José dos Campos"
354200,3542008,"SP","São Paulo",35,"Quintana",350013,"Marília",3504,"Marília"
354210,3542107,"SP","São Paulo",35,"Rafard",350040,"Piracicaba",3510,"Campinas"
354220,3542206,"SP","São Paulo",35,"Rancharia",350018,"Presidente Prudente",3505,"Presidente Prudente"
354230,3542305,"SP","São Paulo",35,"Redenção da Serra",350050,"Taubaté - Pindamonhangaba",3511,"São José dos Campos"
354240,3542404,"SP","São Paulo",35,"Regente Feijó",350018,"Presidente Prudente",3505,"Presidente Prudente"
354250,3542503,"SP","São Paulo",35,"Reginópolis",350009,"Bauru",3503,"Bauru"
354260,3542602,"SP","São Paulo",35,"Registro",350005,"Registro",3502,"Sorocaba"
354270,3542701,"SP","São Paulo",35,"Restinga",350033,"Franca",3508,"Ribeirão Preto"
354280,3542800,"SP","São Paulo",35,"Ribeira",350004,"Itapeva",3502,"Sorocaba"
354290,3542909,"SP","São Paulo",35,"Ribeirão Bonito",350037,"São Carlos",3509,"Araraquara"
354300,3543006,"SP","São Paulo",35,"Ribeirão Branco",350004,"Itapeva",3502,"Sorocaba"
354310,3543105,"SP","São Paulo",35,"Ribeirão Corrente",350033,"Franca",3508,"Ribeirão Preto"
354320,3543204,"SP","São Paulo",35,"Ribeirão do Sul",350015,"Ourinhos",3504,"Marília"
354323,3543238,"SP","São Paulo",35,"Ribeirão dos Índios",350018,"Presidente Prudente",3505,"Presidente Prudente"
354325,3543253,"SP","São Paulo",35,"Ribeirão Grande",350004,"Itapeva",3502,"Sorocaba"
354330,3543303,"SP","São Paulo",35,"Ribeirão Pires",350001,"São Paulo",3501,"São Paulo"
354340,3543402,"SP","São Paulo",35,"Ribeirão Preto",350031,"Ribeirão Preto",3508,"Ribeirão Preto"
354350,3543501,"SP","São Paulo",35,"Riversul",350004,"Itapeva",3502,"Sorocaba"
354360,3543600,"SP","São Paulo",35,"Rifaina",350033,"Franca",3508,"Ribeirão Preto"
354370,3543709,"SP","São Paulo",35,"Rincão",350036,"Araraquara",3509,"Araraquara"
354380,3543808,"SP","São Paulo",35,"Rinópolis",350016,"Tupã",3504,"Marília"
354390,3543907,"SP","São Paulo",35,"Rio Claro",350046,"Rio Claro",3510,"Campinas"
354400,3544004,"SP","São Paulo",35,"Rio das Pedras",350040,"Piracicaba",3510,"Campinas"
354410,3544103,"SP","São Paulo",35,"Rio Grande da Serra",350001,"São Paulo",3501,"São Paulo"
354420,3544202,"SP","São Paulo",35,"Riolândia",350027,"Votuporanga",3507,"São José do Rio Preto"
354425,3544251,"SP","São Paulo",35,"Rosana",350018,"Presidente Prudente",3505,"Presidente Prudente"
354430,3544301,"SP","São Paulo",35,"Roseira",350052,"Guaratinguetá",3511,"São José dos Campos"
354440,3544400,"SP","São Paulo",35,"Rubiácea",350022,"Araçatuba",3506,"Araçatuba"
354450,3544509,"SP","São Paulo",35,"Rubinéia",350030,"Santa Fé do Sul",3507,"São José do Rio Preto"
354460,3544608,"SP","São Paulo",35,"Sabino",350012,"Lins",3503,"Bauru"
354470,3544707,"SP","São Paulo",35,"Sagres",350019,"Adamantina - Lucélia",3505,"Presidente Prudente"
354480,3544806,"SP","São Paulo",35,"Sales",350025,"São José do Rio Preto",3507,"São José do Rio Preto"
354490,3544905,"SP","São Paulo",35,"Sales Oliveira",350034,"São Joaquim da Barra – Orlândia",3508,"Ribeirão Preto"
354500,3545001,"SP","São Paulo",35,"Salesópolis",350001,"São Paulo",3501,"São Paulo"
354510,3545100,"SP","São Paulo",35,"Salmourão",350019,"Adamantina - Lucélia",3505,"Presidente Prudente"
354515,3545159,"SP","São Paulo",35,"Saltinho",350040,"Piracicaba",3510,"Campinas"
354520,3545209,"SP","São Paulo",35,"Salto",350003,"Sorocaba",3502,"Sorocaba"
354530,3545308,"SP","São Paulo",35,"Salto de Pirapora",350003,"Sorocaba",3502,"Sorocaba"
354540,3545407,"SP","São Paulo",35,"Salto Grande",350015,"Ourinhos",3504,"Marília"
354550,3545506,"SP","São Paulo",35,"Sandovalina",350018,"Presidente Prudente",3505,"Presidente Prudente"
354560,3545605,"SP","São Paulo",35,"Santa Adélia",350026,"Catanduva",3507,"São José do Rio Preto"
354570,3545704,"SP","São Paulo",35,"Santa Albertina",350028,"Jales",3507,"São José do Rio Preto"
354580,3545803,"SP","São Paulo",35,"Santa Bárbara d'Oeste",350038,"Campinas",3510,"Campinas"
354600,3546009,"SP","São Paulo",35,"Santa Branca",350049,"São José dos Campos",3511,"São José dos Campos"
354610,3546108,"SP","São Paulo",35,"Santa Clara d'Oeste",350030,"Santa Fé do Sul",3507,"São José do Rio Preto"
354620,3546207,"SP","São Paulo",35,"Santa Cruz da Conceição",350045,"Araras",3510,"Campinas"
354625,3546256,"SP","São Paulo",35,"Santa Cruz da Esperança",350031,"Ribeirão Preto",3508,"Ribeirão Preto"
354630,3546306,"SP","São Paulo",35,"Santa Cruz das Palmeiras",350044,"São João da Boa Vista",3510,"Campinas"
354640,3546405,"SP","São Paulo",35,"Santa Cruz do Rio Pardo",350015,"Ourinhos",3504,"Marília"
354650,3546504,"SP","São Paulo",35,"Santa Ernestina",350031,"Ribeirão Preto",3508,"Ribeirão Preto"
354660,3546603,"SP","São Paulo",35,"Santa Fé do Sul",350030,"Santa Fé do Sul",3507,"São José do Rio Preto"
354670,3546702,"SP","São Paulo",35,"Santa Gertrudes",350046,"Rio Claro",3510,"Campinas"
354680,3546801,"SP","São Paulo",35,"Santa Isabel",350001,"São Paulo",3501,"São Paulo"
354690,3546900,"SP","São Paulo",35,"Santa Lúcia",350036,"Araraquara",3509,"Araraquara"
354700,3547007,"SP","São Paulo",35,"Santa Maria da Serra",350040,"Piracicaba",3510,"Campinas"
354710,3547106,"SP","São Paulo",35,"Santa Mercedes",350020,"Dracena",3505,"Presidente Prudente"
354720,3547205,"SP","São Paulo",35,"Santana da Ponte Pensa",350030,"Santa Fé do Sul",3507,"São José do Rio Preto"
354730,3547304,"SP","São Paulo",35,"Santana de Parnaíba",350001,"São Paulo",3501,"São Paulo"
354740,3547403,"SP","São Paulo",35,"Santa Rita d'Oeste",350030,"Santa Fé do Sul",3507,"São José do Rio Preto"
354750,3547502,"SP","São Paulo",35,"Santa Rita do Passa Quatro",350037,"São Carlos",3509,"Araraquara"
354760,3547601,"SP","São Paulo",35,"Santa Rosa de Viterbo",350031,"Ribeirão Preto",3508,"Ribeirão Preto"
354765,3547650,"SP","São Paulo",35,"Santa Salete",350028,"Jales",3507,"São José do Rio Preto"
354770,3547700,"SP","São Paulo",35,"Santo Anastácio",350018,"Presidente Prudente",3505,"Presidente Prudente"
354780,3547809,"SP","São Paulo",35,"Santo André",350001,"São Paulo",3501,"São Paulo"
354790,3547908,"SP","São Paulo",35,"Santo Antônio da Alegria",350031,"Ribeirão Preto",3508,"Ribeirão Preto"
354800,3548005,"SP","São Paulo",35,"Santo Antônio de Posse",350038,"Campinas",3510,"Campinas"
354805,3548054,"SP","São Paulo",35,"Santo Antônio do Aracanguá",350022,"Araçatuba",3506,"Araçatuba"
354810,3548104,"SP","São Paulo",35,"Santo Antônio do Jardim",350044,"São João da Boa Vista",3510,"Campinas"
354820,3548203,"SP","São Paulo",35,"Santo Antônio do Pinhal",350050,"Taubaté - Pindamonhangaba",3511,"São José dos Campos"
354830,3548302,"SP","São Paulo",35,"Santo Expedito",350018,"Presidente Prudente",3505,"Presidente Prudente"
354840,3548401,"SP","São Paulo",35,"Santópolis do Aguapeí",350023,"Birigui - Penápolis",3506,"Araçatuba"
354850,3548500,"SP","São Paulo",35,"Santos",350002,"Santos",3501,"São Paulo"
354860,3548609,"SP","São Paulo",35,"São Bento do Sapucaí",350050,"Taubaté - Pindamonhangaba",3511,"São José dos Campos"
354870,3548708,"SP","São Paulo",35,"São Bernardo do Campo",350001,"São Paulo",3501,"São Paulo"
354880,3548807,"SP","São Paulo",35,"São Caetano do Sul",350001,"São Paulo",3501,"São Paulo"
354890,3548906,"SP","São Paulo",35,"São Carlos",350037,"São Carlos",3509,"Araraquara"
354900,3549003,"SP","São Paulo",35,"São Francisco",350028,"Jales",3507,"São José do Rio Preto"
354910,3549102,"SP","São Paulo",35,"São João da Boa Vista",350044,"São João da Boa Vista",3510,"Campinas"
354920,3549201,"SP","São Paulo",35,"São João das Duas Pontes",350029,"Fernandópolis",3507,"São José do Rio Preto"
354925,3549250,"SP","São Paulo",35,"São João de Iracema",350029,"Fernandópolis",3507,"São José do Rio Preto"
354930,3549300,"SP","São Paulo",35,"São João do Pau d'Alho",350020,"Dracena",3505,"Presidente Prudente"
354940,3549409,"SP","São Paulo",35,"São Joaquim da Barra",350034,"São Joaquim da Barra – Orlândia",3508,"Ribeirão Preto"
354950,3549508,"SP","São Paulo",35,"São José da Bela Vista",350033,"Franca",3508,"Ribeirão Preto"
354960,3549607,"SP","São Paulo",35,"São José do Barreiro",350053,"Cruzeiro",3511,"São José dos Campos"
354970,3549706,"SP","São Paulo",35,"São José do Rio Pardo",350047,"São José do Rio Pardo - Mococa",3510,"Campinas"
354980,3549805,"SP","São Paulo",35,"São José do Rio Preto",350025,"São José do Rio Preto",3507,"São José do Rio Preto"
354990,3549904,"SP","São Paulo",35,"São José dos Campos",350049,"São José dos Campos",3511,"São José dos Campos"
354995,3549953,"SP","São Paulo",35,"São Lourenço da Serra",350001,"São Paulo",3501,"São Paulo"
355000,3550001,"SP","São Paulo",35,"São Luiz do Paraitinga",350050,"Taubaté - Pindamonhangaba",3511,"São José dos Campos"
355010,3550100,"SP","São Paulo",35,"São Manuel",350011,"Botucatu",3503,"Bauru"
355020,3550209,"SP","São Paulo",35,"São Miguel Arcanjo",350006,"Itapetininga",3502,"Sorocaba"
355030,3550308,"SP","São Paulo",35,"São Paulo",350001,"São Paulo",3501,"São Paulo"
355040,3550407,"SP","São Paulo",35,"São Pedro",350040,"Piracicaba",3510,"Campinas"
355050,3550506,"SP","São Paulo",35,"São Pedro do Turvo",350015,"Ourinhos",3504,"Marília"
355060,3550605,"SP","São Paulo",35,"São Roque",350003,"Sorocaba",3502,"Sorocaba"
355070,3550704,"SP","São Paulo",35,"São Sebastião",350051,"Caraguatatuba - Ubatuba - São Sebastião",3511,"São José dos Campos"
355080,3550803,"SP","São Paulo",35,"São Sebastião da Grama",350047,"São José do Rio Pardo - Mococa",3510,"Campinas"
355090,3550902,"SP","São Paulo",35,"São Simão",350031,"Ribeirão Preto",3508,"Ribeirão Preto"
355100,3551009,"SP","São Paulo",35,"São Vicente",350002,"Santos",3501,"São Paulo"
355110,3551108,"SP","São Paulo",35,"Sarapuí",350003,"Sorocaba",3502,"Sorocaba"
355120,3551207,"SP","São Paulo",35,"Sarutaiá",350017,"Piraju",3504,"Marília"
355130,3551306,"SP","São Paulo",35,"Sebastianópolis do Sul",350027,"Votuporanga",3507,"São José do Rio Preto"
355140,3551405,"SP","São Paulo",35,"Serra Azul",350031,"Ribeirão Preto",3508,"Ribeirão Preto"
355150,3551504,"SP","São Paulo",35,"Serrana",350031,"Ribeirão Preto",3508,"Ribeirão Preto"
355160,3551603,"SP","São Paulo",35,"Serra Negra",350048,"Amparo",3510,"Campinas"
355170,3551702,"SP","São Paulo",35,"Sertãozinho",350031,"Ribeirão Preto",3508,"Ribeirão Preto"
355180,3551801,"SP","São Paulo",35,"Sete Barras",350005,"Registro",3502,"Sorocaba"
355190,3551900,"SP","São Paulo",35,"Severínia",350032,"Barretos",3508,"Ribeirão Preto"
355200,3552007,"SP","São Paulo",35,"Silveiras",350053,"Cruzeiro",3511,"São José dos Campos"
355210,3552106,"SP","São Paulo",35,"Socorro",350041,"Bragança Paulista",3510,"Campinas"
355220,3552205,"SP","São Paulo",35,"Sorocaba",350003,"Sorocaba",3502,"Sorocaba"
355230,3552304,"SP","São Paulo",35,"Sud Mennucci",350024,"Andradina",3506,"Araçatuba"
355240,3552403,"SP","São Paulo",35,"Sumaré",350038,"Campinas",3510,"Campinas"
355250,3552502,"SP","São Paulo",35,"Suzano",350001,"São Paulo",3501,"São Paulo"
355255,3552551,"SP","São Paulo",35,"Suzanápolis",350028,"Jales",3507,"São José do Rio Preto"
355260,3552601,"SP","São Paulo",35,"Tabapuã",350026,"Catanduva",3507,"São José do Rio Preto"
355270,3552700,"SP","São Paulo",35,"Tabatinga",350036,"Araraquara",3509,"Araraquara"
355280,3552809,"SP","São Paulo",35,"Taboão da Serra",350001,"São Paulo",3501,"São Paulo"
355290,3552908,"SP","São Paulo",35,"Taciba",350018,"Presidente Prudente",3505,"Presidente Prudente"
355300,3553005,"SP","São Paulo",35,"Taguaí",350007,"Avaré",3502,"Sorocaba"
355310,3553104,"SP","São Paulo",35,"Taiaçu",350032,"Barretos",3508,"Ribeirão Preto"
355320,3553203,"SP","São Paulo",35,"Taiúva",350032,"Barretos",3508,"Ribeirão Preto"
355330,3553302,"SP","São Paulo",35,"Tambaú",350044,"São João da Boa Vista",3510,"Campinas"
355340,3553401,"SP","São Paulo",35,"Tanabi",350025,"São José do Rio Preto",3507,"São José do Rio Preto"
355350,3553500,"SP","São Paulo",35,"Tapiraí",350003,"Sorocaba",3502,"Sorocaba"
355360,3553609,"SP","São Paulo",35,"Tapiratiba",350047,"São José do Rio Pardo - Mococa",3510,"Campinas"
355365,3553658,"SP","São Paulo",35,"Taquaral",350032,"Barretos",3508,"Ribeirão Preto"
355370,3553708,"SP","São Paulo",35,"Taquaritinga",350036,"Araraquara",3509,"Araraquara"
355380,3553807,"SP","São Paulo",35,"Taquarituba",350007,"Avaré",3502,"Sorocaba"
355385,3553856,"SP","São Paulo",35,"Taquarivaí",350004,"Itapeva",3502,"Sorocaba"
355390,3553906,"SP","São Paulo",35,"Tarabai",350018,"Presidente Prudente",3505,"Presidente Prudente"
355395,3553955,"SP","São Paulo",35,"Tarumã",350014,"Assis",3504,"Marília"
355400,3554003,"SP","São Paulo",35,"Tatuí",350008,"Tatuí",3502,"Sorocaba"
355410,3554102,"SP","São Paulo",35,"Taubaté",350050,"Taubaté - Pindamonhangaba",3511,"São José dos Campos"
355420,3554201,"SP","São Paulo",35,"Tejupá",350017,"Piraju",3504,"Marília"
355430,3554300,"SP","São Paulo",35,"Teodoro Sampaio",350018,"Presidente Prudente",3505,"Presidente Prudente"
355440,3554409,"SP","São Paulo",35,"Terra Roxa",350032,"Barretos",3508,"Ribeirão Preto"
355450,3554508,"SP","São Paulo",35,"Tietê",350003,"Sorocaba",3502,"Sorocaba"
355460,3554607,"SP","São Paulo",35,"Timburi",350017,"Piraju",3504,"Marília"
355465,3554656,"SP","São Paulo",35,"Torre de Pedra",350008,"Tatuí",3502,"Sorocaba"
355470,3554706,"SP","São Paulo",35,"Torrinha",350010,"Jaú",3503,"Bauru"
355475,3554755,"SP","São Paulo",35,"Trabiju",350036,"Araraquara",3509,"Araraquara"
355480,3554805,"SP","São Paulo",35,"Tremembé",350050,"Taubaté - Pindamonhangaba",3511,"São José dos Campos"
355490,3554904,"SP","São Paulo",35,"Três Fronteiras",350030,"Santa Fé do Sul",3507,"São José do Rio Preto"
355495,3554953,"SP","São Paulo",35,"Tuiuti",350041,"Bragança Paulista",3510,"Campinas"
355500,3555000,"SP","São Paulo",35,"Tupã",350016,"Tupã",3504,"Marília"
355510,3555109,"SP","São Paulo",35,"Tupi Paulista",350020,"Dracena",3505,"Presidente Prudente"
355520,3555208,"SP","São Paulo",35,"Turiúba",350023,"Birigui - Penápolis",3506,"Araçatuba"
355530,3555307,"SP","São Paulo",35,"Turmalina",350028,"Jales",3507,"São José do Rio Preto"
355535,3555356,"SP","São Paulo",35,"Ubarana",350025,"São José do Rio Preto",3507,"São José do Rio Preto"
355540,3555406,"SP","São Paulo",35,"Ubatuba",350051,"Caraguatatuba - Ubatuba - São Sebastião",3511,"São José dos Campos"
355550,3555505,"SP","São Paulo",35,"Ubirajara",350009,"Bauru",3503,"Bauru"
355560,3555604,"SP","São Paulo",35,"Uchoa",350025,"São José do Rio Preto",3507,"São José do Rio Preto"
355570,3555703,"SP","São Paulo",35,"União Paulista",350025,"São José do Rio Preto",3507,"São José do Rio Preto"
355580,3555802,"SP","São Paulo",35,"Urânia",350028,"Jales",3507,"São José do Rio Preto"
355590,3555901,"SP","São Paulo",35,"Uru",350012,"Lins",3503,"Bauru"
355600,3556008,"SP","São Paulo",35,"Urupês",350025,"São José do Rio Preto",3507,"São José do Rio Preto"
355610,3556107,"SP","São Paulo",35,"Valentim Gentil",350027,"Votuporanga",3507,"São José do Rio Preto"
355620,3556206,"SP","São Paulo",35,"Valinhos",350038,"Campinas",3510,"Campinas"
355630,3556305,"SP","São Paulo",35,"Valparaíso",350022,"Araçatuba",3506,"Araçatuba"
355635,3556354,"SP","São Paulo",35,"Vargem",350041,"Bragança Paulista",3510,"Campinas"
355640,3556404,"SP","São Paulo",35,"Vargem Grande do Sul",350044,"São João da Boa Vista",3510,"Campinas"
355645,3556453,"SP","São Paulo",35,"Vargem Grande Paulista",350001,"São Paulo",3501,"São Paulo"
355650,3556503,"SP","São Paulo",35,"Várzea Paulista",350039,"Jundiaí",3510,"Campinas"
355660,3556602,"SP","São Paulo",35,"Vera Cruz",350013,"Marília",3504,"Marília"
355670,3556701,"SP","São Paulo",35,"Vinhedo",350038,"Campinas",3510,"Campinas"
355680,3556800,"SP","São Paulo",35,"Viradouro",350032,"Barretos",3508,"Ribeirão Preto"
355690,3556909,"SP","São Paulo",35,"Vista Alegre do Alto",350026,"Catanduva",3507,"São José do Rio Preto"
355695,3556958,"SP","São Paulo",35,"Vitória Brasil",350028,"Jales",3507,"São José do Rio Preto"
355700,3557006,"SP","São Paulo",35,"Votorantim",350003,"Sorocaba",3502,"Sorocaba"
355710,3557105,"SP","São Paulo",35,"Votuporanga",350027,"Votuporanga",3507,"São José do Rio Preto"
355715,3557154,"SP","São Paulo",35,"Zacarias",350023,"Birigui - Penápolis",3506,"Araçatuba"
355720,3557204,"SP","São Paulo",35,"Chavantes",350015,"Ourinhos",3504,"Marília"
355730,3557303,"SP","São Paulo",35,"Estiva Gerbi",350043,"Mogi Guaçu",3510,"Campinas"
410010,4100103,"PR","Paraná",41,"Abatiá",410022,"Santo Antônio da Platina",4105,"Londrina"
410020,4100202,"PR","Paraná",41,"Adrianópolis",410001,"Curitiba",4101,"Curitiba"
410030,4100301,"PR","Paraná",41,"Agudos do Sul",410001,"Curitiba",4101,"Curitiba"
410040,4100400,"PR","Paraná",41,"Almirante Tamandaré",410001,"Curitiba",4101,"Curitiba"
410045,4100459,"PR","Paraná",41,"Altamira do Paraná",410015,"Campo Mourão",4104,"Maringá"
410050,4100509,"PR","Paraná",41,"Altônia",410016,"Umuarama",4104,"Maringá"
410060,4100608,"PR","Paraná",41,"Alto Paraná",410017,"Paranavaí",4104,"Maringá"
410070,4100707,"PR","Paraná",41,"Alto Piquiri",410016,"Umuarama",4104,"Maringá"
410080,4100806,"PR","Paraná",41,"Alvorada do Sul",410021,"Londrina",4105,"Londrina"
410090,4100905,"PR","Paraná",41,"Amaporã",410017,"Paranavaí",4104,"Maringá"
410100,4101002,"PR","Paraná",41,"Ampére",410009,"Francisco Beltrão",4103,"Cascavel"
410105,4101051,"PR","Paraná",41,"Anahy",410006,"Cascavel",4103,"Cascavel"
410110,4101101,"PR","Paraná",41,"Andirá",410022,"Santo Antônio da Platina",4105,"Londrina"
410115,4101150,"PR","Paraná",41,"Ângulo",410014,"Maringá",4104,"Maringá"
410120,4101200,"PR","Paraná",41,"Antonina",410002,"Paranaguá",4101,"Curitiba"
410130,4101309,"PR","Paraná",41,"Antônio Olinto",410003,"União da Vitória",4101,"Curitiba"
410140,4101408,"PR","Paraná",41,"Apucarana",410023,"Apucarana",4105,"Londrina"
410150,4101507,"PR","Paraná",41,"Arapongas",410021,"Londrina",4105,"Londrina"
410160,4101606,"PR","Paraná",41,"Arapoti",410027,"Ponta Grossa",4106,"Ponta Grossa"
410165,4101655,"PR","Paraná",41,"Arapuã",410025,"Ivaiporã",4105,"Londrina"
410170,4101705,"PR","Paraná",41,"Araruna",410015,"Campo Mourão",4104,"Maringá"
410180,4101804,"PR","Paraná",41,"Araucária",410001,"Curitiba",4101,"Curitiba"
410185,4101853,"PR","Paraná",41,"Ariranha do Ivaí",410025,"Ivaiporã",4105,"Londrina"
410190,4101903,"PR","Paraná",41,"Assaí",410021,"Londrina",4105,"Londrina"
410200,4102000,"PR","Paraná",41,"Assis Chateaubriand",410008,"Toledo",4103,"Cascavel"
410210,4102109,"PR","Paraná",41,"Astorga",410014,"Maringá",4104,"Maringá"
410220,4102208,"PR","Paraná",41,"Atalaia",410014,"Maringá",4104,"Maringá"
410230,4102307,"PR","Paraná",41,"Balsa Nova",410001,"Curitiba",4101,"Curitiba"
410240,4102406,"PR","Paraná",41,"Bandeirantes",410024,"Cornélio Procópio – Bandeirantes",4105,"Londrina"
410250,4102505,"PR","Paraná",41,"Barbosa Ferraz",410015,"Campo Mourão",4104,"Maringá"
410260,4102604,"PR","Paraná",41,"Barracão",410009,"Francisco Beltrão",4103,"Cascavel"
410270,4102703,"PR","Paraná",41,"Barra do Jacaré",410022,"Santo Antônio da Platina",4105,"Londrina"
410275,4102752,"PR","Paraná",41,"Bela Vista da Caroba",410009,"Francisco Beltrão",4103,"Cascavel"
410280,4102802,"PR","Paraná",41,"Bela Vista do Paraíso",410021,"Londrina",4105,"Londrina"
410290,4102901,"PR","Paraná",41,"Bituruna",410003,"União da Vitória",4101,"Curitiba"
410300,4103008,"PR","Paraná",41,"Boa Esperança",410015,"Campo Mourão",4104,"Maringá"
410302,4103024,"PR","Paraná",41,"Boa Esperança do Iguaçu",410012,"Dois Vizinhos",4103,"Cascavel"
410304,4103040,"PR","Paraná",41,"Boa Ventura de São Roque",410005,"Pitanga",4102,"Guarapuava"
410305,4103057,"PR","Paraná",41,"Boa Vista da Aparecida",410006,"Cascavel",4103,"Cascavel"
410310,4103107,"PR","Paraná",41,"Bocaiúva do Sul",410001,"Curitiba",4101,"Curitiba"
410315,4103156,"PR","Paraná",41,"Bom Jesus do Sul",410009,"Francisco Beltrão",4103,"Cascavel"
410320,4103206,"PR","Paraná",41,"Bom Sucesso",410023,"Apucarana",4105,"Londrina"
410322,4103222,"PR","Paraná",41,"Bom Sucesso do Sul",410010,"Pato Branco",4103,"Cascavel"
410330,4103305,"PR","Paraná",41,"Borrazópolis",410023,"Apucarana",4105,"Londrina"
410335,4103354,"PR","Paraná",41,"Braganey",410006,"Cascavel",4103,"Cascavel"
410337,4103370,"PR","Paraná",41,"Brasilândia do Sul",410016,"Umuarama",4104,"Maringá"
410340,4103404,"PR","Paraná",41,"Cafeara",410021,"Londrina",4105,"Londrina"
410345,4103453,"PR","Paraná",41,"Cafelândia",410006,"Cascavel",4103,"Cascavel"
410347,4103479,"PR","Paraná",41,"Cafezal do Sul",410016,"Umuarama",4104,"Maringá"
410350,4103503,"PR","Paraná",41,"Califórnia",410023,"Apucarana",4105,"Londrina"
410360,4103602,"PR","Paraná",41,"Cambará",410022,"Santo Antônio da Platina",4105,"Londrina"
410370,4103701,"PR","Paraná",41,"Cambé",410021,"Londrina",4105,"Londrina"
410380,4103800,"PR","Paraná",41,"Cambira",410023,"Apucarana",4105,"Londrina"
410390,4103909,"PR","Paraná",41,"Campina da Lagoa",410015,"Campo Mourão",4104,"Maringá"
410395,4103958,"PR","Paraná",41,"Campina do Simão",410004,"Guarapuava",4102,"Guarapuava"
410400,4104006,"PR","Paraná",41,"Campina Grande do Sul",410001,"Curitiba",4101,"Curitiba"
410405,4104055,"PR","Paraná",41,"Campo Bonito",410006,"Cascavel",4103,"Cascavel"
410410,4104105,"PR","Paraná",41,"Campo do Tenente",410001,"Curitiba",4101,"Curitiba"
410420,4104204,"PR","Paraná",41,"Campo Largo",410001,"Curitiba",4101,"Curitiba"
410425,4104253,"PR","Paraná",41,"Campo Magro",410001,"Curitiba",4101,"Curitiba"
410430,4104303,"PR","Paraná",41,"Campo Mourão",410015,"Campo Mourão",4104,"Maringá"
410440,4104402,"PR","Paraná",41,"Cândido de Abreu",410025,"Ivaiporã",4105,"Londrina"
410442,4104428,"PR","Paraná",41,"Candói",410004,"Guarapuava",4102,"Guarapuava"
410445,4104451,"PR","Paraná",41,"Cantagalo",410004,"Guarapuava",4102,"Guarapuava"
410450,4104501,"PR","Paraná",41,"Capanema",410009,"Francisco Beltrão",4103,"Cascavel"
410460,4104600,"PR","Paraná",41,"Capitão Leônidas Marques",410006,"Cascavel",4103,"Cascavel"
410465,4104659,"PR","Paraná",41,"Carambeí",410027,"Ponta Grossa",4106,"Ponta Grossa"
410470,4104709,"PR","Paraná",41,"Carlópolis",410022,"Santo Antônio da Platina",4105,"Londrina"
410480,4104808,"PR","Paraná",41,"Cascavel",410006,"Cascavel",4103,"Cascavel"
410490,4104907,"PR","Paraná",41,"Castro",410027,"Ponta Grossa",4106,"Ponta Grossa"
410500,4105003,"PR","Paraná",41,"Catanduvas",410006,"Cascavel",4103,"Cascavel"
410510,4105102,"PR","Paraná",41,"Centenário do Sul",410021,"Londrina",4105,"Londrina"
410520,4105201,"PR","Paraná",41,"Cerro Azul",410001,"Curitiba",4101,"Curitiba"
410530,4105300,"PR","Paraná",41,"Céu Azul",410006,"Cascavel",4103,"Cascavel"
410540,4105409,"PR","Paraná",41,"Chopinzinho",410010,"Pato Branco",4103,"Cascavel"
410550,4105508,"PR","Paraná",41,"Cianorte",410018,"Cianorte",4104,"Maringá"
410560,4105607,"PR","Paraná",41,"Cidade Gaúcha",410016,"Umuarama",4104,"Maringá"
410570,4105706,"PR","Paraná",41,"Clevelândia",410010,"Pato Branco",4103,"Cascavel"
410580,4105805,"PR","Paraná",41,"Colombo",410001,"Curitiba",4101,"Curitiba"
410590,4105904,"PR","Paraná",41,"Colorado",410019,"Paranacity - Colorado",4104,"Maringá"
410600,4106001,"PR","Paraná",41,"Congonhinhas",410024,"Cornélio Procópio – Bandeirantes",4105,"Londrina"
410610,4106100,"PR","Paraná",41,"Conselheiro Mairinck",410026,"Ibaiti",4105,"Londrina"
410620,4106209,"PR","Paraná",41,"Contenda",410001,"Curitiba",4101,"Curitiba"
410630,4106308,"PR","Paraná",41,"Corbélia",410006,"Cascavel",4103,"Cascavel"
410640,4106407,"PR","Paraná",41,"Cornélio Procópio",410024,"Cornélio Procópio – Bandeirantes",4105,"Londrina"
410645,4106456,"PR","Paraná",41,"Coronel Domingos Soares",410010,"Pato Branco",4103,"Cascavel"
410650,4106506,"PR","Paraná",41,"Coronel Vivida",410010,"Pato Branco",4103,"Cascavel"
410655,4106555,"PR","Paraná",41,"Corumbataí do Sul",410015,"Campo Mourão",4104,"Maringá"
410657,4106571,"PR","Paraná",41,"Cruzeiro do Iguaçu",410012,"Dois Vizinhos",4103,"Cascavel"
410660,4106605,"PR","Paraná",41,"Cruzeiro do Oeste",410016,"Umuarama",4104,"Maringá"
410670,4106704,"PR","Paraná",41,"Cruzeiro do Sul",410019,"Paranacity - Colorado",4104,"Maringá"
410680,4106803,"PR","Paraná",41,"Cruz Machado",410003,"União da Vitória",4101,"Curitiba"
410685,4106852,"PR","Paraná",41,"Cruzmaltina",410025,"Ivaiporã",4105,"Londrina"
410690,4106902,"PR","Paraná",41,"Curitiba",410001,"Curitiba",4101,"Curitiba"
410700,4107009,"PR","Paraná",41,"Curiúva",410028,"Telêmaco Borba",4106,"Ponta Grossa"
410710,4107108,"PR","Paraná",41,"Diamante do Norte",410017,"Paranavaí",4104,"Maringá"
410712,4107124,"PR","Paraná",41,"Diamante do Sul",410006,"Cascavel",4103,"Cascavel"
410715,4107157,"PR","Paraná",41,"Diamante D'Oeste",410006,"Cascavel",4103,"Cascavel"
410720,4107207,"PR","Paraná",41,"Dois Vizinhos",410012,"Dois Vizinhos",4103,"Cascavel"
410725,4107256,"PR","Paraná",41,"Douradina",410016,"Umuarama",4104,"Maringá"
410730,4107306,"PR","Paraná",41,"Doutor Camargo",410014,"Maringá",4104,"Maringá"
410740,4107405,"PR","Paraná",41,"Enéas Marques",410009,"Francisco Beltrão",4103,"Cascavel"
410750,4107504,"PR","Paraná",41,"Engenheiro Beltrão",410015,"Campo Mourão",4104,"Maringá"
410752,4107520,"PR","Paraná",41,"Esperança Nova",410016,"Umuarama",4104,"Maringá"
410753,4107538,"PR","Paraná",41,"Entre Rios do Oeste",410013,"Marechal Cândido Rondon",4103,"Cascavel"
410754,4107546,"PR","Paraná",41,"Espigão Alto do Iguaçu",410011,"Laranjeiras do Sul - Quedas do Iguaçu",4103,"Cascavel"
410755,4107553,"PR","Paraná",41,"Farol",410015,"Campo Mourão",4104,"Maringá"
410760,4107603,"PR","Paraná",41,"Faxinal",410025,"Ivaiporã",4105,"Londrina"
410765,4107652,"PR","Paraná",41,"Fazenda Rio Grande",410001,"Curitiba",4101,"Curitiba"
410770,4107702,"PR","Paraná",41,"Fênix",410015,"Campo Mourão",4104,"Maringá"
410773,4107736,"PR","Paraná",41,"Fernandes Pinheiro",410029,"Irati",4106,"Ponta Grossa"
410775,4107751,"PR","Paraná",41,"Figueira",410026,"Ibaiti",4105,"Londrina"
410780,4107801,"PR","Paraná",41,"Floraí",410014,"Maringá",4104,"Maringá"
410785,4107850,"PR","Paraná",41,"Flor da Serra do Sul",410009,"Francisco Beltrão",4103,"Cascavel"
410790,4107900,"PR","Paraná",41,"Floresta",410014,"Maringá",4104,"Maringá"
410800,4108007,"PR","Paraná",41,"Florestópolis",410021,"Londrina",4105,"Londrina"
410810,4108106,"PR","Paraná",41,"Flórida",410014,"Maringá",4104,"Maringá"
410820,4108205,"PR","Paraná",41,"Formosa do Oeste",410008,"Toledo",4103,"Cascavel"
410830,4108304,"PR","Paraná",41,"Foz do Iguaçu",410007,"Foz do Iguaçu",4103,"Cascavel"
410832,4108320,"PR","Paraná",41,"Francisco Alves",410016,"Umuarama",4104,"Maringá"
410840,4108403,"PR","Paraná",41,"Francisco Beltrão",410009,"Francisco Beltrão",4103,"Cascavel"
410845,4108452,"PR","Paraná",41,"Foz do Jordão",410004,"Guarapuava",4102,"Guarapuava"
410850,4108502,"PR","Paraná",41,"General Carneiro",410003,"União da Vitória",4101,"Curitiba"
410855,4108551,"PR","Paraná",41,"Godoy Moreira",410025,"Ivaiporã",4105,"Londrina"
410860,4108601,"PR","Paraná",41,"Goioerê",410015,"Campo Mourão",4104,"Maringá"
410865,4108650,"PR","Paraná",41,"Goioxim",410004,"Guarapuava",4102,"Guarapuava"
410870,4108700,"PR","Paraná",41,"Grandes Rios",410025,"Ivaiporã",4105,"Londrina"
410880,4108809,"PR","Paraná",41,"Guaíra",410008,"Toledo",4103,"Cascavel"
410890,4108908,"PR","Paraná",41,"Guairaçá",410017,"Paranavaí",4104,"Maringá"
410895,4108957,"PR","Paraná",41,"Guamiranga",410004,"Guarapuava",4102,"Guarapuava"
410900,4109005,"PR","Paraná",41,"Guapirama",410022,"Santo Antônio da Platina",4105,"Londrina"
410910,4109104,"PR","Paraná",41,"Guaporema",410018,"Cianorte",4104,"Maringá"
410920,4109203,"PR","Paraná",41,"Guaraci",410021,"Londrina",4105,"Londrina"
410930,4109302,"PR","Paraná",41,"Guaraniaçu",410006,"Cascavel",4103,"Cascavel"
410940,4109401,"PR","Paraná",41,"Guarapuava",410004,"Guarapuava",4102,"Guarapuava"
410950,4109500,"PR","Paraná",41,"Guaraqueçaba",410002,"Paranaguá",4101,"Curitiba"
410960,4109609,"PR","Paraná",41,"Guaratuba",410002,"Paranaguá",4101,"Curitiba"
410965,4109658,"PR","Paraná",41,"Honório Serpa",410010,"Pato Branco",4103,"Cascavel"
410970,4109708,"PR","Paraná",41,"Ibaiti",410026,"Ibaiti",4105,"Londrina"
410975,4109757,"PR","Paraná",41,"Ibema",410006,"Cascavel",4103,"Cascavel"
410980,4109807,"PR","Paraná",41,"Ibiporã",410021,"Londrina",4105,"Londrina"
410990,4109906,"PR","Paraná",41,"Icaraíma",410016,"Umuarama",4104,"Maringá"
411000,4110003,"PR","Paraná",41,"Iguaraçu",410014,"Maringá",4104,"Maringá"
411005,4110052,"PR","Paraná",41,"Iguatu",410006,"Cascavel",4103,"Cascavel"
411007,4110078,"PR","Paraná",41,"Imbaú",410028,"Telêmaco Borba",4106,"Ponta Grossa"
411010,4110102,"PR","Paraná",41,"Imbituva",410029,"Irati",4106,"Ponta Grossa"
411020,4110201,"PR","Paraná",41,"Inácio Martins",410004,"Guarapuava",4102,"Guarapuava"
411030,4110300,"PR","Paraná",41,"Inajá",410019,"Paranacity - Colorado",4104,"Maringá"
411040,4110409,"PR","Paraná",41,"Indianópolis",410018,"Cianorte",4104,"Maringá"
411050,4110508,"PR","Paraná",41,"Ipiranga",410027,"Ponta Grossa",4106,"Ponta Grossa"
411060,4110607,"PR","Paraná",41,"Iporã",410016,"Umuarama",4104,"Maringá"
411065,4110656,"PR","Paraná",41,"Iracema do Oeste",410008,"Toledo",4103,"Cascavel"
411070,4110706,"PR","Paraná",41,"Irati",410029,"Irati",4106,"Ponta Grossa"
411080,4110805,"PR","Paraná",41,"Iretama",410015,"Campo Mourão",4104,"Maringá"
411090,4110904,"PR","Paraná",41,"Itaguajé",410019,"Paranacity - Colorado",4104,"Maringá"
411095,4110953,"PR","Paraná",41,"Itaipulândia",410007,"Foz do Iguaçu",4103,"Cascavel"
411100,4111001,"PR","Paraná",41,"Itambaracá",410024,"Cornélio Procópio – Bandeirantes",4105,"Londrina"
411110,4111100,"PR","Paraná",41,"Itambé",410014,"Maringá",4104,"Maringá"
411120,4111209,"PR","Paraná",41,"Itapejara d'Oeste",410010,"Pato Branco",4103,"Cascavel"
411125,4111258,"PR","Paraná",41,"Itaperuçu",410001,"Curitiba",4101,"Curitiba"
411130,4111308,"PR","Paraná",41,"Itaúna do Sul",410017,"Paranavaí",4104,"Maringá"
411140,4111407,"PR","Paraná",41,"Ivaí",410027,"Ponta Grossa",4106,"Ponta Grossa"
411150,4111506,"PR","Paraná",41,"Ivaiporã",410025,"Ivaiporã",4105,"Londrina"
411155,4111555,"PR","Paraná",41,"Ivaté",410016,"Umuarama",4104,"Maringá"
411160,4111605,"PR","Paraná",41,"Ivatuba",410014,"Maringá",4104,"Maringá"
411170,4111704,"PR","Paraná",41,"Jaboti",410026,"Ibaiti",4105,"Londrina"
411180,4111803,"PR","Paraná",41,"Jacarezinho",410022,"Santo Antônio da Platina",4105,"Londrina"
411190,4111902,"PR","Paraná",41,"Jaguapitã",410021,"Londrina",4105,"Londrina"
411200,4112009,"PR","Paraná",41,"Jaguariaíva",410027,"Ponta Grossa",4106,"Ponta Grossa"
411210,4112108,"PR","Paraná",41,"Jandaia do Sul",410023,"Apucarana",4105,"Londrina"
411220,4112207,"PR","Paraná",41,"Janiópolis",410015,"Campo Mourão",4104,"Maringá"
411230,4112306,"PR","Paraná",41,"Japira",410026,"Ibaiti",4105,"Londrina"
411240,4112405,"PR","Paraná",41,"Japurá",410018,"Cianorte",4104,"Maringá"
411250,4112504,"PR","Paraná",41,"Jardim Alegre",410025,"Ivaiporã",4105,"Londrina"
411260,4112603,"PR","Paraná",41,"Jardim Olinda",410019,"Paranacity - Colorado",4104,"Maringá"
411270,4112702,"PR","Paraná",41,"Jataizinho",410021,"Londrina",4105,"Londrina"
411275,4112751,"PR","Paraná",41,"Jesuítas",410008,"Toledo",4103,"Cascavel"
411280,4112801,"PR","Paraná",41,"Joaquim Távora",410022,"Santo Antônio da Platina",4105,"Londrina"
411290,4112900,"PR","Paraná",41,"Jundiaí do Sul",410022,"Santo Antônio da Platina",4105,"Londrina"
411295,4112959,"PR","Paraná",41,"Juranda",410015,"Campo Mourão",4104,"Maringá"
411300,4113007,"PR","Paraná",41,"Jussara",410018,"Cianorte",4104,"Maringá"
411310,4113106,"PR","Paraná",41,"Kaloré",410023,"Apucarana",4105,"Londrina"
411320,4113205,"PR","Paraná",41,"Lapa",410001,"Curitiba",4101,"Curitiba"
411325,4113254,"PR","Paraná",41,"Laranjal",410005,"Pitanga",4102,"Guarapuava"
411330,4113304,"PR","Paraná",41,"Laranjeiras do Sul",410011,"Laranjeiras do Sul - Quedas do Iguaçu",4103,"Cascavel"
411340,4113403,"PR","Paraná",41,"Leópolis",410024,"Cornélio Procópio – Bandeirantes",4105,"Londrina"
411342,4113429,"PR","Paraná",41,"Lidianópolis",410025,"Ivaiporã",4105,"Londrina"
411345,4113452,"PR","Paraná",41,"Lindoeste",410006,"Cascavel",4103,"Cascavel"
411350,4113502,"PR","Paraná",41,"Loanda",410020,"Loanda",4104,"Maringá"
411360,4113601,"PR","Paraná",41,"Lobato",410019,"Paranacity - Colorado",4104,"Maringá"
411370,4113700,"PR","Paraná",41,"Londrina",410021,"Londrina",4105,"Londrina"
411373,4113734,"PR","Paraná",41,"Luiziana",410015,"Campo Mourão",4104,"Maringá"
411375,4113759,"PR","Paraná",41,"Lunardelli",410025,"Ivaiporã",4105,"Londrina"
411380,4113809,"PR","Paraná",41,"Lupionópolis",410021,"Londrina",4105,"Londrina"
411390,4113908,"PR","Paraná",41,"Mallet",410029,"Irati",4106,"Ponta Grossa"
411400,4114005,"PR","Paraná",41,"Mamborê",410015,"Campo Mourão",4104,"Maringá"
411410,4114104,"PR","Paraná",41,"Mandaguaçu",410014,"Maringá",4104,"Maringá"
411420,4114203,"PR","Paraná",41,"Mandaguari",410014,"Maringá",4104,"Maringá"
411430,4114302,"PR","Paraná",41,"Mandirituba",410001,"Curitiba",4101,"Curitiba"
411435,4114351,"PR","Paraná",41,"Manfrinópolis",410009,"Francisco Beltrão",4103,"Cascavel"
411440,4114401,"PR","Paraná",41,"Mangueirinha",410010,"Pato Branco",4103,"Cascavel"
411450,4114500,"PR","Paraná",41,"Manoel Ribas",410025,"Ivaiporã",4105,"Londrina"
411460,4114609,"PR","Paraná",41,"Marechal Cândido Rondon",410013,"Marechal Cândido Rondon",4103,"Cascavel"
411470,4114708,"PR","Paraná",41,"Maria Helena",410016,"Umuarama",4104,"Maringá"
411480,4114807,"PR","Paraná",41,"Marialva",410014,"Maringá",4104,"Maringá"
411490,4114906,"PR","Paraná",41,"Marilândia do Sul",410023,"Apucarana",4105,"Londrina"
411500,4115002,"PR","Paraná",41,"Marilena",410017,"Paranavaí",4104,"Maringá"
411510,4115101,"PR","Paraná",41,"Mariluz",410016,"Umuarama",4104,"Maringá"
411520,4115200,"PR","Paraná",41,"Maringá",410014,"Maringá",4104,"Maringá"
411530,4115309,"PR","Paraná",41,"Mariópolis",410010,"Pato Branco",4103,"Cascavel"
411535,4115358,"PR","Paraná",41,"Maripá",410008,"Toledo",4103,"Cascavel"
411540,4115408,"PR","Paraná",41,"Marmeleiro",410009,"Francisco Beltrão",4103,"Cascavel"
411545,4115457,"PR","Paraná",41,"Marquinho",410011,"Laranjeiras do Sul - Quedas do Iguaçu",4103,"Cascavel"
411550,4115507,"PR","Paraná",41,"Marumbi",410023,"Apucarana",4105,"Londrina"
411560,4115606,"PR","Paraná",41,"Matelândia",410006,"Cascavel",4103,"Cascavel"
411570,4115705,"PR","Paraná",41,"Matinhos",410002,"Paranaguá",4101,"Curitiba"
411573,4115739,"PR","Paraná",41,"Mato Rico",410005,"Pitanga",4102,"Guarapuava"
411575,4115754,"PR","Paraná",41,"Mauá da Serra",410023,"Apucarana",4105,"Londrina"
411580,4115804,"PR","Paraná",41,"Medianeira",410007,"Foz do Iguaçu",4103,"Cascavel"
411585,4115853,"PR","Paraná",41,"Mercedes",410013,"Marechal Cândido Rondon",4103,"Cascavel"
411590,4115903,"PR","Paraná",41,"Mirador",410017,"Paranavaí",4104,"Maringá"
411600,4116000,"PR","Paraná",41,"Miraselva",410021,"Londrina",4105,"Londrina"
411605,4116059,"PR","Paraná",41,"Missal",410007,"Foz do Iguaçu",4103,"Cascavel"
411610,4116109,"PR","Paraná",41,"Moreira Sales",410015,"Campo Mourão",4104,"Maringá"
411620,4116208,"PR","Paraná",41,"Morretes",410002,"Paranaguá",4101,"Curitiba"
411630,4116307,"PR","Paraná",41,"Munhoz de Melo",410014,"Maringá",4104,"Maringá"
411640,4116406,"PR","Paraná",41,"Nossa Senhora das Graças",410019,"Paranacity - Colorado",4104,"Maringá"
411650,4116505,"PR","Paraná",41,"Nova Aliança do Ivaí",410017,"Paranavaí",4104,"Maringá"
411660,4116604,"PR","Paraná",41,"Nova América da Colina",410024,"Cornélio Procópio – Bandeirantes",4105,"Londrina"
411670,4116703,"PR","Paraná",41,"Nova Aurora",410006,"Cascavel",4103,"Cascavel"
411680,4116802,"PR","Paraná",41,"Nova Cantu",410015,"Campo Mourão",4104,"Maringá"
411690,4116901,"PR","Paraná",41,"Nova Esperança",410014,"Maringá",4104,"Maringá"
411695,4116950,"PR","Paraná",41,"Nova Esperança do Sudoeste",410009,"Francisco Beltrão",4103,"Cascavel"
411700,4117008,"PR","Paraná",41,"Nova Fátima",410024,"Cornélio Procópio – Bandeirantes",4105,"Londrina"
411705,4117057,"PR","Paraná",41,"Nova Laranjeiras",410011,"Laranjeiras do Sul - Quedas do Iguaçu",4103,"Cascavel"
411710,4117107,"PR","Paraná",41,"Nova Londrina",410017,"Paranavaí",4104,"Maringá"
411720,4117206,"PR","Paraná",41,"Nova Olímpia",410016,"Umuarama",4104,"Maringá"
411721,4117214,"PR","Paraná",41,"Nova Santa Bárbara",410024,"Cornélio Procópio – Bandeirantes",4105,"Londrina"
411722,4117222,"PR","Paraná",41,"Nova Santa Rosa",410013,"Marechal Cândido Rondon",4103,"Cascavel"
411725,4117255,"PR","Paraná",41,"Nova Prata do Iguaçu",410012,"Dois Vizinhos",4103,"Cascavel"
411727,4117271,"PR","Paraná",41,"Nova Tebas",410005,"Pitanga",4102,"Guarapuava"
411729,4117297,"PR","Paraná",41,"Novo Itacolomi",410023,"Apucarana",4105,"Londrina"
411730,4117305,"PR","Paraná",41,"Ortigueira",410028,"Telêmaco Borba",4106,"Ponta Grossa"
411740,4117404,"PR","Paraná",41,"Ourizona",410014,"Maringá",4104,"Maringá"
411745,4117453,"PR","Paraná",41,"Ouro Verde do Oeste",410008,"Toledo",4103,"Cascavel"
411750,4117503,"PR","Paraná",41,"Paiçandu",410014,"Maringá",4104,"Maringá"
411760,4117602,"PR","Paraná",41,"Palmas",410010,"Pato Branco",4103,"Cascavel"
411770,4117701,"PR","Paraná",41,"Palmeira",410027,"Ponta Grossa",4106,"Ponta Grossa"
411780,4117800,"PR","Paraná",41,"Palmital",410005,"Pitanga",4102,"Guarapuava"
411790,4117909,"PR","Paraná",41,"Palotina",410008,"Toledo",4103,"Cascavel"
411800,4118006,"PR","Paraná",41,"Paraíso do Norte",410017,"Paranavaí",4104,"Maringá"
411810,4118105,"PR","Paraná",41,"Paranacity",410019,"Paranacity - Colorado",4104,"Maringá"
411820,4118204,"PR","Paraná",41,"Paranaguá",410002,"Paranaguá",4101,"Curitiba"
411830,4118303,"PR","Paraná",41,"Paranapoema",410019,"Paranacity - Colorado",4104,"Maringá"
411840,4118402,"PR","Paraná",41,"Paranavaí",410017,"Paranavaí",4104,"Maringá"
411845,4118451,"PR","Paraná",41,"Pato Bragado",410013,"Marechal Cândido Rondon",4103,"Cascavel"
411850,4118501,"PR","Paraná",41,"Pato Branco",410010,"Pato Branco",4103,"Cascavel"
411860,4118600,"PR","Paraná",41,"Paula Freitas",410003,"União da Vitória",4101,"Curitiba"
411870,4118709,"PR","Paraná",41,"Paulo Frontin",410003,"União da Vitória",4101,"Curitiba"
411880,4118808,"PR","Paraná",41,"Peabiru",410015,"Campo Mourão",4104,"Maringá"
411885,4118857,"PR","Paraná",41,"Perobal",410016,"Umuarama",4104,"Maringá"
411890,4118907,"PR","Paraná",41,"Pérola",410016,"Umuarama",4104,"Maringá"
411900,4119004,"PR","Paraná",41,"Pérola d'Oeste",410009,"Francisco Beltrão",4103,"Cascavel"
411910,4119103,"PR","Paraná",41,"Piên",410001,"Curitiba",4101,"Curitiba"
411915,4119152,"PR","Paraná",41,"Pinhais",410001,"Curitiba",4101,"Curitiba"
411920,4119202,"PR","Paraná",41,"Pinhalão",410026,"Ibaiti",4105,"Londrina"
411925,4119251,"PR","Paraná",41,"Pinhal de São Bento",410009,"Francisco Beltrão",4103,"Cascavel"
411930,4119301,"PR","Paraná",41,"Pinhão",410004,"Guarapuava",4102,"Guarapuava"
411940,4119400,"PR","Paraná",41,"Piraí do Sul",410027,"Ponta Grossa",4106,"Ponta Grossa"
411950,4119509,"PR","Paraná",41,"Piraquara",410001,"Curitiba",4101,"Curitiba"
411960,4119608,"PR","Paraná",41,"Pitanga",410005,"Pitanga",4102,"Guarapuava"
411965,4119657,"PR","Paraná",41,"Pitangueiras",410021,"Londrina",4105,"Londrina"
411970,4119707,"PR","Paraná",41,"Planaltina do Paraná",410017,"Paranavaí",4104,"Maringá"
411980,4119806,"PR","Paraná",41,"Planalto",410009,"Francisco Beltrão",4103,"Cascavel"
411990,4119905,"PR","Paraná",41,"Ponta Grossa",410027,"Ponta Grossa",4106,"Ponta Grossa"
411995,4119954,"PR","Paraná",41,"Pontal do Paraná",410002,"Paranaguá",4101,"Curitiba"
412000,4120002,"PR","Paraná",41,"Porecatu",410021,"Londrina",4105,"Londrina"
412010,4120101,"PR","Paraná",41,"Porto Amazonas",410027,"Ponta Grossa",4106,"Ponta Grossa"
412015,4120150,"PR","Paraná",41,"Porto Barreiro",410011,"Laranjeiras do Sul - Quedas do Iguaçu",4103,"Cascavel"
412020,4120200,"PR","Paraná",41,"Porto Rico",410020,"Loanda",4104,"Maringá"
412030,4120309,"PR","Paraná",41,"Porto Vitória",410003,"União da Vitória",4101,"Curitiba"
412033,4120333,"PR","Paraná",41,"Prado Ferreira",410021,"Londrina",4105,"Londrina"
412035,4120358,"PR","Paraná",41,"Pranchita",410009,"Francisco Beltrão",4103,"Cascavel"
412040,4120408,"PR","Paraná",41,"Presidente Castelo Branco",410014,"Maringá",4104,"Maringá"
412050,4120507,"PR","Paraná",41,"Primeiro de Maio",410021,"Londrina",4105,"Londrina"
412060,4120606,"PR","Paraná",41,"Prudentópolis",410004,"Guarapuava",4102,"Guarapuava"
412065,4120655,"PR","Paraná",41,"Quarto Centenário",410015,"Campo Mourão",4104,"Maringá"
412070,4120705,"PR","Paraná",41,"Quatiguá",410022,"Santo Antônio da Platina",4105,"Londrina"
412080,4120804,"PR","Paraná",41,"Quatro Barras",410001,"Curitiba",4101,"Curitiba"
412085,4120853,"PR","Paraná",41,"Quatro Pontes",410013,"Marechal Cândido Rondon",4103,"Cascavel"
412090,4120903,"PR","Paraná",41,"Quedas do Iguaçu",410011,"Laranjeiras do Sul - Quedas do Iguaçu",4103,"Cascavel"
412100,4121000,"PR","Paraná",41,"Querência do Norte",410020,"Loanda",4104,"Maringá"
412110,4121109,"PR","Paraná",41,"Quinta do Sol",410015,"Campo Mourão",4104,"Maringá"
412120,4121208,"PR","Paraná",41,"Quitandinha",410001,"Curitiba",4101,"Curitiba"
412125,4121257,"PR","Paraná",41,"Ramilândia",410006,"Cascavel",4103,"Cascavel"
412130,4121307,"PR","Paraná",41,"Rancho Alegre",410024,"Cornélio Procópio – Bandeirantes",4105,"Londrina"
412135,4121356,"PR","Paraná",41,"Rancho Alegre D'Oeste",410015,"Campo Mourão",4104,"Maringá"
412140,4121406,"PR","Paraná",41,"Realeza",410009,"Francisco Beltrão",4103,"Cascavel"
412150,4121505,"PR","Paraná",41,"Rebouças",410029,"Irati",4106,"Ponta Grossa"
412160,4121604,"PR","Paraná",41,"Renascença",410009,"Francisco Beltrão",4103,"Cascavel"
412170,4121703,"PR","Paraná",41,"Reserva",410028,"Telêmaco Borba",4106,"Ponta Grossa"
412175,4121752,"PR","Paraná",41,"Reserva do Iguaçu",410004,"Guarapuava",4102,"Guarapuava"
412180,4121802,"PR","Paraná",41,"Ribeirão Claro",410022,"Santo Antônio da Platina",4105,"Londrina"
412190,4121901,"PR","Paraná",41,"Ribeirão do Pinhal",410022,"Santo Antônio da Platina",4105,"Londrina"
412200,4122008,"PR","Paraná",41,"Rio Azul",410029,"Irati",4106,"Ponta Grossa"
412210,4122107,"PR","Paraná",41,"Rio Bom",410023,"Apucarana",4105,"Londrina"
412215,4122156,"PR","Paraná",41,"Rio Bonito do Iguaçu",410011,"Laranjeiras do Sul - Quedas do Iguaçu",4103,"Cascavel"
412217,4122172,"PR","Paraná",41,"Rio Branco do Ivaí",410025,"Ivaiporã",4105,"Londrina"
412220,4122206,"PR","Paraná",41,"Rio Branco do Sul",410001,"Curitiba",4101,"Curitiba"
412230,4122305,"PR","Paraná",41,"Rio Negro",410001,"Curitiba",4101,"Curitiba"
412240,4122404,"PR","Paraná",41,"Rolândia",410021,"Londrina",4105,"Londrina"
412250,4122503,"PR","Paraná",41,"Roncador",410015,"Campo Mourão",4104,"Maringá"
412260,4122602,"PR","Paraná",41,"Rondon",410018,"Cianorte",4104,"Maringá"
412265,4122651,"PR","Paraná",41,"Rosário do Ivaí",410025,"Ivaiporã",4105,"Londrina"
412270,4122701,"PR","Paraná",41,"Sabáudia",410021,"Londrina",4105,"Londrina"
412280,4122800,"PR","Paraná",41,"Salgado Filho",410009,"Francisco Beltrão",4103,"Cascavel"
412290,4122909,"PR","Paraná",41,"Salto do Itararé",410022,"Santo Antônio da Platina",4105,"Londrina"
412300,4123006,"PR","Paraná",41,"Salto do Lontra",410012,"Dois Vizinhos",4103,"Cascavel"
412310,4123105,"PR","Paraná",41,"Santa Amélia",410024,"Cornélio Procópio – Bandeirantes",4105,"Londrina"
412320,4123204,"PR","Paraná",41,"Santa Cecília do Pavão",410024,"Cornélio Procópio – Bandeirantes",4105,"Londrina"
412330,4123303,"PR","Paraná",41,"Santa Cruz de Monte Castelo",410020,"Loanda",4104,"Maringá"
412340,4123402,"PR","Paraná",41,"Santa Fé",410014,"Maringá",4104,"Maringá"
412350,4123501,"PR","Paraná",41,"Santa Helena",410008,"Toledo",4103,"Cascavel"
412360,4123600,"PR","Paraná",41,"Santa Inês",410019,"Paranacity - Colorado",4104,"Maringá"
412370,4123709,"PR","Paraná",41,"Santa Isabel do Ivaí",410020,"Loanda",4104,"Maringá"
412380,4123808,"PR","Paraná",41,"Santa Izabel do Oeste",410009,"Francisco Beltrão",4103,"Cascavel"
412382,4123824,"PR","Paraná",41,"Santa Lúcia",410006,"Cascavel",4103,"Cascavel"
412385,4123857,"PR","Paraná",41,"Santa Maria do Oeste",410005,"Pitanga",4102,"Guarapuava"
412390,4123907,"PR","Paraná",41,"Santa Mariana",410024,"Cornélio Procópio – Bandeirantes",4105,"Londrina"
412395,4123956,"PR","Paraná",41,"Santa Mônica",410020,"Loanda",4104,"Maringá"
412400,4124004,"PR","Paraná",41,"Santana do Itararé",410022,"Santo Antônio da Platina",4105,"Londrina"
412402,4124020,"PR","Paraná",41,"Santa Tereza do Oeste",410006,"Cascavel",4103,"Cascavel"
412405,4124053,"PR","Paraná",41,"Santa Terezinha de Itaipu",410007,"Foz do Iguaçu",4103,"Cascavel"
412410,4124103,"PR","Paraná",41,"Santo Antônio da Platina",410022,"Santo Antônio da Platina",4105,"Londrina"
412420,4124202,"PR","Paraná",41,"Santo Antônio do Caiuá",410017,"Paranavaí",4104,"Maringá"
412430,4124301,"PR","Paraná",41,"Santo Antônio do Paraíso",410024,"Cornélio Procópio – Bandeirantes",4105,"Londrina"
412440,4124400,"PR","Paraná",41,"Santo Antônio do Sudoeste",410009,"Francisco Beltrão",4103,"Cascavel"
412450,4124509,"PR","Paraná",41,"Santo Inácio",410019,"Paranacity - Colorado",4104,"Maringá"
412460,4124608,"PR","Paraná",41,"São Carlos do Ivaí",410017,"Paranavaí",4104,"Maringá"
412470,4124707,"PR","Paraná",41,"São Jerônimo da Serra",410024,"Cornélio Procópio – Bandeirantes",4105,"Londrina"
412480,4124806,"PR","Paraná",41,"São João",410010,"Pato Branco",4103,"Cascavel"
412490,4124905,"PR","Paraná",41,"São João do Caiuá",410017,"Paranavaí",4104,"Maringá"
412500,4125001,"PR","Paraná",41,"São João do Ivaí",410025,"Ivaiporã",4105,"Londrina"
412510,4125100,"PR","Paraná",41,"São João do Triunfo",410027,"Ponta Grossa",4106,"Ponta Grossa"
412520,4125209,"PR","Paraná",41,"São Jorge d'Oeste",410012,"Dois Vizinhos",4103,"Cascavel"
412530,4125308,"PR","Paraná",41,"São Jorge do Ivaí",410014,"Maringá",4104,"Maringá"
412535,4125357,"PR","Paraná",41,"São Jorge do Patrocínio",410016,"Umuarama",4104,"Maringá"
412540,4125407,"PR","Paraná",41,"São José da Boa Vista",410022,"Santo Antônio da Platina",4105,"Londrina"
412545,4125456,"PR","Paraná",41,"São José das Palmeiras",410008,"Toledo",4103,"Cascavel"
412550,4125506,"PR","Paraná",41,"São José dos Pinhais",410001,"Curitiba",4101,"Curitiba"
412555,4125555,"PR","Paraná",41,"São Manoel do Paraná",410018,"Cianorte",4104,"Maringá"
412560,4125605,"PR","Paraná",41,"São Mateus do Sul",410003,"União da Vitória",4101,"Curitiba"
412570,4125704,"PR","Paraná",41,"São Miguel do Iguaçu",410007,"Foz do Iguaçu",4103,"Cascavel"
412575,4125753,"PR","Paraná",41,"São Pedro do Iguaçu",410008,"Toledo",4103,"Cascavel"
412580,4125803,"PR","Paraná",41,"São Pedro do Ivaí",410023,"Apucarana",4105,"Londrina"
412590,4125902,"PR","Paraná",41,"São Pedro do Paraná",410020,"Loanda",4104,"Maringá"
412600,4126009,"PR","Paraná",41,"São Sebastião da Amoreira",410024,"Cornélio Procópio – Bandeirantes",4105,"Londrina"
412610,4126108,"PR","Paraná",41,"São Tomé",410018,"Cianorte",4104,"Maringá"
412620,4126207,"PR","Paraná",41,"Sapopema",410024,"Cornélio Procópio – Bandeirantes",4105,"Londrina"
412625,4126256,"PR","Paraná",41,"Sarandi",410014,"Maringá",4104,"Maringá"
412627,4126272,"PR","Paraná",41,"Saudade do Iguaçu",410010,"Pato Branco",4103,"Cascavel"
412630,4126306,"PR","Paraná",41,"Sengés",410027,"Ponta Grossa",4106,"Ponta Grossa"
412635,4126355,"PR","Paraná",41,"Serranópolis do Iguaçu",410007,"Foz do Iguaçu",4103,"Cascavel"
412640,4126405,"PR","Paraná",41,"Sertaneja",410024,"Cornélio Procópio – Bandeirantes",4105,"Londrina"
412650,4126504,"PR","Paraná",41,"Sertanópolis",410021,"Londrina",4105,"Londrina"
412660,4126603,"PR","Paraná",41,"Siqueira Campos",410022,"Santo Antônio da Platina",4105,"Londrina"
412665,4126652,"PR","Paraná",41,"Sulina",410010,"Pato Branco",4103,"Cascavel"
412667,4126678,"PR","Paraná",41,"Tamarana",410021,"Londrina",4105,"Londrina"
412670,4126702,"PR","Paraná",41,"Tamboara",410017,"Paranavaí",4104,"Maringá"
412680,4126801,"PR","Paraná",41,"Tapejara",410018,"Cianorte",4104,"Maringá"
412690,4126900,"PR","Paraná",41,"Tapira",410016,"Umuarama",4104,"Maringá"
412700,4127007,"PR","Paraná",41,"Teixeira Soares",410029,"Irati",4106,"Ponta Grossa"
412710,4127106,"PR","Paraná",41,"Telêmaco Borba",410028,"Telêmaco Borba",4106,"Ponta Grossa"
412720,4127205,"PR","Paraná",41,"Terra Boa",410018,"Cianorte",4104,"Maringá"
412730,4127304,"PR","Paraná",41,"Terra Rica",410017,"Paranavaí",4104,"Maringá"
412740,4127403,"PR","Paraná",41,"Terra Roxa",410008,"Toledo",4103,"Cascavel"
412750,4127502,"PR","Paraná",41,"Tibagi",410028,"Telêmaco Borba",4106,"Ponta Grossa"
412760,4127601,"PR","Paraná",41,"Tijucas do Sul",410001,"Curitiba",4101,"Curitiba"
412770,4127700,"PR","Paraná",41,"Toledo",410008,"Toledo",4103,"Cascavel"
412780,4127809,"PR","Paraná",41,"Tomazina",410022,"Santo Antônio da Platina",4105,"Londrina"
412785,4127858,"PR","Paraná",41,"Três Barras do Paraná",410006,"Cascavel",4103,"Cascavel"
412788,4127882,"PR","Paraná",41,"Tunas do Paraná",410001,"Curitiba",4101,"Curitiba"
412790,4127908,"PR","Paraná",41,"Tuneiras do Oeste",410018,"Cianorte",4104,"Maringá"
412795,4127957,"PR","Paraná",41,"Tupãssi",410008,"Toledo",4103,"Cascavel"
412796,4127965,"PR","Paraná",41,"Turvo",410004,"Guarapuava",4102,"Guarapuava"
412800,4128005,"PR","Paraná",41,"Ubiratã",410015,"Campo Mourão",4104,"Maringá"
412810,4128104,"PR","Paraná",41,"Umuarama",410016,"Umuarama",4104,"Maringá"
412820,4128203,"PR","Paraná",41,"União da Vitória",410003,"União da Vitória",4101,"Curitiba"
412830,4128302,"PR","Paraná",41,"Uniflor",410014,"Maringá",4104,"Maringá"
412840,4128401,"PR","Paraná",41,"Uraí",410024,"Cornélio Procópio – Bandeirantes",4105,"Londrina"
412850,4128500,"PR","Paraná",41,"Wenceslau Braz",410022,"Santo Antônio da Platina",4105,"Londrina"
412853,4128534,"PR","Paraná",41,"Ventania",410028,"Telêmaco Borba",4106,"Ponta Grossa"
412855,4128559,"PR","Paraná",41,"Vera Cruz do Oeste",410006,"Cascavel",4103,"Cascavel"
412860,4128609,"PR","Paraná",41,"Verê",410009,"Francisco Beltrão",4103,"Cascavel"
412862,4128625,"PR","Paraná",41,"Alto Paraíso",410016,"Umuarama",4104,"Maringá"
412863,4128633,"PR","Paraná",41,"Doutor Ulysses",410001,"Curitiba",4101,"Curitiba"
412865,4128658,"PR","Paraná",41,"Virmond",410011,"Laranjeiras do Sul - Quedas do Iguaçu",4103,"Cascavel"
412870,4128708,"PR","Paraná",41,"Vitorino",410010,"Pato Branco",4103,"Cascavel"
412880,4128807,"PR","Paraná",41,"Xambrê",410016,"Umuarama",4104,"Maringá"
420005,4200051,"SC","Santa Catarina",42,"Abdon Batista",420008,"Joaçaba - Herval d'Oeste",4204,"Chapecó"
420010,4200101,"SC","Santa Catarina",42,"Abelardo Luz",420011,"Xanxerê",4204,"Chapecó"
420020,4200200,"SC","Santa Catarina",42,"Agrolândia",420022,"Rio do Sul",4207,"Blumenau"
420030,4200309,"SC","Santa Catarina",42,"Agronômica",420022,"Rio do Sul",4207,"Blumenau"
420040,4200408,"SC","Santa Catarina",42,"Água Doce",420008,"Joaçaba - Herval d'Oeste",4204,"Chapecó"
420050,4200507,"SC","Santa Catarina",42,"Águas de Chapecó",420007,"Chapecó",4204,"Chapecó"
420055,4200556,"SC","Santa Catarina",42,"Águas Frias",420007,"Chapecó",4204,"Chapecó"
420060,4200606,"SC","Santa Catarina",42,"Águas Mornas",420001,"Florianópolis",4201,"Florianópolis"
420070,4200705,"SC","Santa Catarina",42,"Alfredo Wagner",420001,"Florianópolis",4201,"Florianópolis"
420075,4200754,"SC","Santa Catarina",42,"Alto Bela Vista",420010,"Concórdia",4204,"Chapecó"
420080,4200804,"SC","Santa Catarina",42,"Anchieta",420009,"São Miguel do Oeste",4204,"Chapecó"
420090,4200903,"SC","Santa Catarina",42,"Angelina",420001,"Florianópolis",4201,"Florianópolis"
420100,4201000,"SC","Santa Catarina",42,"Anita Garibaldi",420005,"Lages",4203,"Lages"
420110,4201109,"SC","Santa Catarina",42,"Anitápolis",420001,"Florianópolis",4201,"Florianópolis"
420120,4201208,"SC","Santa Catarina",42,"Antônio Carlos",420001,"Florianópolis",4201,"Florianópolis"
420125,4201257,"SC","Santa Catarina",42,"Apiúna",420019,"Blumenau",4207,"Blumenau"
420127,4201273,"SC","Santa Catarina",42,"Arabutã",420010,"Concórdia",4204,"Chapecó"
420130,4201307,"SC","Santa Catarina",42,"Araquari",420016,"Joinville",4206,"Joinville"
420140,4201406,"SC","Santa Catarina",42,"Araranguá",420004,"Araranguá",4202,"Criciúma"
420150,4201505,"SC","Santa Catarina",42,"Armazém",420003,"Tubarão",4202,"Criciúma"
420160,4201604,"SC","Santa Catarina",42,"Arroio Trinta",420015,"Videira",4205,"Caçador"
420165,4201653,"SC","Santa Catarina",42,"Arvoredo",420007,"Chapecó",4204,"Chapecó"
420170,4201703,"SC","Santa Catarina",42,"Ascurra",420019,"Blumenau",4207,"Blumenau"
420180,4201802,"SC","Santa Catarina",42,"Atalanta",420022,"Rio do Sul",4207,"Blumenau"
420190,4201901,"SC","Santa Catarina",42,"Aurora",420022,"Rio do Sul",4207,"Blumenau"
420195,4201950,"SC","Santa Catarina",42,"Balneário Arroio do Silva",420004,"Araranguá",4202,"Criciúma"
420200,4202008,"SC","Santa Catarina",42,"Balneário Camboriú",420020,"Itajaí",4207,"Blumenau"
420205,4202057,"SC","Santa Catarina",42,"Balneário Barra do Sul",420016,"Joinville",4206,"Joinville"
420207,4202073,"SC","Santa Catarina",42,"Balneário Gaivota",420004,"Araranguá",4202,"Criciúma"
420208,4202081,"SC","Santa Catarina",42,"Bandeirante",420009,"São Miguel do Oeste",4204,"Chapecó"
420209,4202099,"SC","Santa Catarina",42,"Barra Bonita",420009,"São Miguel do Oeste",4204,"Chapecó"
420210,4202107,"SC","Santa Catarina",42,"Barra Velha",420020,"Itajaí",4207,"Blumenau"
420213,4202131,"SC","Santa Catarina",42,"Bela Vista do Toldo",420017,"Mafra",4206,"Joinville"
420215,4202156,"SC","Santa Catarina",42,"Belmonte",420009,"São Miguel do Oeste",4204,"Chapecó"
420220,4202206,"SC","Santa Catarina",42,"Benedito Novo",420019,"Blumenau",4207,"Blumenau"
420230,4202305,"SC","Santa Catarina",42,"Biguaçu",420001,"Florianópolis",4201,"Florianópolis"
420240,4202404,"SC","Santa Catarina",42,"Blumenau",420019,"Blumenau",4207,"Blumenau"
420243,4202438,"SC","Santa Catarina",42,"Bocaina do Sul",420005,"Lages",4203,"Lages"
420245,4202453,"SC","Santa Catarina",42,"Bombinhas",420020,"Itajaí",4207,"Blumenau"
420250,4202503,"SC","Santa Catarina",42,"Bom Jardim da Serra",420005,"Lages",4203,"Lages"
420253,4202537,"SC","Santa Catarina",42,"Bom Jesus",420011,"Xanxerê",4204,"Chapecó"
420257,4202578,"SC","Santa Catarina",42,"Bom Jesus do Oeste",420012,"Maravilha",4204,"Chapecó"
420260,4202602,"SC","Santa Catarina",42,"Bom Retiro",420005,"Lages",4203,"Lages"
420270,4202701,"SC","Santa Catarina",42,"Botuverá",420021,"Brusque",4207,"Blumenau"
420280,4202800,"SC","Santa Catarina",42,"Braço do Norte",420003,"Tubarão",4202,"Criciúma"
420285,4202859,"SC","Santa Catarina",42,"Braço do Trombudo",420022,"Rio do Sul",4207,"Blumenau"
420287,4202875,"SC","Santa Catarina",42,"Brunópolis",420006,"Curitibanos",4203,"Lages"
420290,4202909,"SC","Santa Catarina",42,"Brusque",420021,"Brusque",4207,"Blumenau"
420300,4203006,"SC","Santa Catarina",42,"Caçador",420014,"Caçador",4205,"Caçador"
420310,4203105,"SC","Santa Catarina",42,"Caibi",420007,"Chapecó",4204,"Chapecó"
420315,4203154,"SC","Santa Catarina",42,"Calmon",420014,"Caçador",4205,"Caçador"
420320,4203204,"SC","Santa Catarina",42,"Camboriú",420020,"Itajaí",4207,"Blumenau"
420325,4203253,"SC","Santa Catarina",42,"Capão Alto",420005,"Lages",4203,"Lages"
420330,4203303,"SC","Santa Catarina",42,"Campo Alegre",420018,"São Bento do Sul - Rio Negrinho",4206,"Joinville"
420340,4203402,"SC","Santa Catarina",42,"Campo Belo do Sul",420005,"Lages",4203,"Lages"
420350,4203501,"SC","Santa Catarina",42,"Campo Erê",420013,"São Lourenço do Oeste",4204,"Chapecó"
420360,4203600,"SC","Santa Catarina",42,"Campos Novos",420008,"Joaçaba - Herval d'Oeste",4204,"Chapecó"
420370,4203709,"SC","Santa Catarina",42,"Canelinha",420021,"Brusque",4207,"Blumenau"
420380,4203808,"SC","Santa Catarina",42,"Canoinhas",420017,"Mafra",4206,"Joinville"
420390,4203907,"SC","Santa Catarina",42,"Capinzal",420008,"Joaçaba - Herval d'Oeste",4204,"Chapecó"
420395,4203956,"SC","Santa Catarina",42,"Capivari de Baixo",420003,"Tubarão",4202,"Criciúma"
420400,4204004,"SC","Santa Catarina",42,"Catanduvas",420008,"Joaçaba - Herval d'Oeste",4204,"Chapecó"
420410,4204103,"SC","Santa Catarina",42,"Caxambu do Sul",420007,"Chapecó",4204,"Chapecó"
420415,4204152,"SC","Santa Catarina",42,"Celso Ramos",420008,"Joaçaba - Herval d'Oeste",4204,"Chapecó"
420417,4204178,"SC","Santa Catarina",42,"Cerro Negro",420005,"Lages",4203,"Lages"
420419,4204194,"SC","Santa Catarina",42,"Chapadão do Lageado",420024,"Ituporanga",4207,"Blumenau"
420420,4204202,"SC","Santa Catarina",42,"Chapecó",420007,"Chapecó",4204,"Chapecó"
420425,4204251,"SC","Santa Catarina",42,"Cocal do Sul",420002,"Criciúma",4202,"Criciúma"
420430,4204301,"SC","Santa Catarina",42,"Concórdia",420010,"Concórdia",4204,"Chapecó"
420435,4204350,"SC","Santa Catarina",42,"Cordilheira Alta",420007,"Chapecó",4204,"Chapecó"
420440,4204400,"SC","Santa Catarina",42,"Coronel Freitas",420007,"Chapecó",4204,"Chapecó"
420445,4204459,"SC","Santa Catarina",42,"Coronel Martins",420011,"Xanxerê",4204,"Chapecó"
420450,4204509,"SC","Santa Catarina",42,"Corupá",420016,"Joinville",4206,"Joinville"
420455,4204558,"SC","Santa Catarina",42,"Correia Pinto",420005,"Lages",4203,"Lages"
420460,4204608,"SC","Santa Catarina",42,"Criciúma",420002,"Criciúma",4202,"Criciúma"
420470,4204707,"SC","Santa Catarina",42,"Cunha Porã",420012,"Maravilha",4204,"Chapecó"
420475,4204756,"SC","Santa Catarina",42,"Cunhataí",420007,"Chapecó",4204,"Chapecó"
420480,4204806,"SC","Santa Catarina",42,"Curitibanos",420006,"Curitibanos",4203,"Lages"
420490,4204905,"SC","Santa Catarina",42,"Descanso",420009,"São Miguel do Oeste",4204,"Chapecó"
420500,4205001,"SC","Santa Catarina",42,"Dionísio Cerqueira",420009,"São Miguel do Oeste",4204,"Chapecó"
420510,4205100,"SC","Santa Catarina",42,"Dona Emma",420023,"Ibirama - Presidente Getúlio",4207,"Blumenau"
420515,4205159,"SC","Santa Catarina",42,"Doutor Pedrinho",420019,"Blumenau",4207,"Blumenau"
420517,4205175,"SC","Santa Catarina",42,"Entre Rios",420011,"Xanxerê",4204,"Chapecó"
420519,4205191,"SC","Santa Catarina",42,"Ermo",420004,"Araranguá",4202,"Criciúma"
420520,4205209,"SC","Santa Catarina",42,"Erval Velho",420008,"Joaçaba - Herval d'Oeste",4204,"Chapecó"
420530,4205308,"SC","Santa Catarina",42,"Faxinal dos Guedes",420011,"Xanxerê",4204,"Chapecó"
420535,4205357,"SC","Santa Catarina",42,"Flor do Sertão",420009,"São Miguel do Oeste",4204,"Chapecó"
420540,4205407,"SC","Santa Catarina",42,"Florianópolis",420001,"Florianópolis",4201,"Florianópolis"
420543,4205431,"SC","Santa Catarina",42,"Formosa do Sul",420007,"Chapecó",4204,"Chapecó"
420545,4205456,"SC","Santa Catarina",42,"Forquilhinha",420002,"Criciúma",4202,"Criciúma"
420550,4205506,"SC","Santa Catarina",42,"Fraiburgo",420015,"Videira",4205,"Caçador"
420555,4205555,"SC","Santa Catarina",42,"Frei Rogério",420006,"Curitibanos",4203,"Lages"
420560,4205605,"SC","Santa Catarina",42,"Galvão",420013,"São Lourenço do Oeste",4204,"Chapecó"
420570,4205704,"SC","Santa Catarina",42,"Garopaba",420001,"Florianópolis",4201,"Florianópolis"
420580,4205803,"SC","Santa Catarina",42,"Garuva",420016,"Joinville",4206,"Joinville"
420590,4205902,"SC","Santa Catarina",42,"Gaspar",420019,"Blumenau",4207,"Blumenau"
420600,4206009,"SC","Santa Catarina",42,"Governador Celso Ramos",420001,"Florianópolis",4201,"Florianópolis"
420610,4206108,"SC","Santa Catarina",42,"Grão-Pará",420003,"Tubarão",4202,"Criciúma"
420620,4206207,"SC","Santa Catarina",42,"Gravatal",420003,"Tubarão",4202,"Criciúma"
420630,4206306,"SC","Santa Catarina",42,"Guabiruba",420021,"Brusque",4207,"Blumenau"
420640,4206405,"SC","Santa Catarina",42,"Guaraciaba",420009,"São Miguel do Oeste",4204,"Chapecó"
420650,4206504,"SC","Santa Catarina",42,"Guaramirim",420016,"Joinville",4206,"Joinville"
420660,4206603,"SC","Santa Catarina",42,"Guarujá do Sul",420009,"São Miguel do Oeste",4204,"Chapecó"
420665,4206652,"SC","Santa Catarina",42,"Guatambú",420007,"Chapecó",4204,"Chapecó"
420670,4206702,"SC","Santa Catarina",42,"Herval d'Oeste",420008,"Joaçaba - Herval d'Oeste",4204,"Chapecó"
420675,4206751,"SC","Santa Catarina",42,"Ibiam",420015,"Videira",4205,"Caçador"
420680,4206801,"SC","Santa Catarina",42,"Ibicaré",420008,"Joaçaba - Herval d'Oeste",4204,"Chapecó"
420690,4206900,"SC","Santa Catarina",42,"Ibirama",420023,"Ibirama - Presidente Getúlio",4207,"Blumenau"
420700,4207007,"SC","Santa Catarina",42,"Içara",420002,"Criciúma",4202,"Criciúma"
420710,4207106,"SC","Santa Catarina",42,"Ilhota",420019,"Blumenau",4207,"Blumenau"
420720,4207205,"SC","Santa Catarina",42,"Imaruí",420003,"Tubarão",4202,"Criciúma"
420730,4207304,"SC","Santa Catarina",42,"Imbituba",420001,"Florianópolis",4201,"Florianópolis"
420740,4207403,"SC","Santa Catarina",42,"Imbuia",420024,"Ituporanga",4207,"Blumenau"
420750,4207502,"SC","Santa Catarina",42,"Indaial",420019,"Blumenau",4207,"Blumenau"
420757,4207577,"SC","Santa Catarina",42,"Iomerê",420015,"Videira",4205,"Caçador"
420760,4207601,"SC","Santa Catarina",42,"Ipira",420010,"Concórdia",4204,"Chapecó"
420765,4207650,"SC","Santa Catarina",42,"Iporã do Oeste",420009,"São Miguel do Oeste",4204,"Chapecó"
420768,4207684,"SC","Santa Catarina",42,"Ipuaçu",420011,"Xanxerê",4204,"Chapecó"
420770,4207700,"SC","Santa Catarina",42,"Ipumirim",420010,"Concórdia",4204,"Chapecó"
420775,4207759,"SC","Santa Catarina",42,"Iraceminha",420012,"Maravilha",4204,"Chapecó"
420780,4207809,"SC","Santa Catarina",42,"Irani",420010,"Concórdia",4204,"Chapecó"
420785,4207858,"SC","Santa Catarina",42,"Irati",420007,"Chapecó",4204,"Chapecó"
420790,4207908,"SC","Santa Catarina",42,"Irineópolis",420017,"Mafra",4206,"Joinville"
420800,4208005,"SC","Santa Catarina",42,"Itá",420010,"Concórdia",4204,"Chapecó"
420810,4208104,"SC","Santa Catarina",42,"Itaiópolis",420017,"Mafra",4206,"Joinville"
420820,4208203,"SC","Santa Catarina",42,"Itajaí",420020,"Itajaí",4207,"Blumenau"
420830,4208302,"SC","Santa Catarina",42,"Itapema",420020,"Itajaí",4207,"Blumenau"
420840,4208401,"SC","Santa Catarina",42,"Itapiranga",420009,"São Miguel do Oeste",4204,"Chapecó"
420845,4208450,"SC","Santa Catarina",42,"Itapoá",420016,"Joinville",4206,"Joinville"
420850,4208500,"SC","Santa Catarina",42,"Ituporanga",420024,"Ituporanga",4207,"Blumenau"
420860,4208609,"SC","Santa Catarina",42,"Jaborá",420008,"Joaçaba - Herval d'Oeste",4204,"Chapecó"
420870,4208708,"SC","Santa Catarina",42,"Jacinto Machado",420004,"Araranguá",4202,"Criciúma"
420880,4208807,"SC","Santa Catarina",42,"Jaguaruna",420003,"Tubarão",4202,"Criciúma"
420890,4208906,"SC","Santa Catarina",42,"Jaraguá do Sul",420016,"Joinville",4206,"Joinville"
420895,4208955,"SC","Santa Catarina",42,"Jardinópolis",420007,"Chapecó",4204,"Chapecó"
420900,4209003,"SC","Santa Catarina",42,"Joaçaba",420008,"Joaçaba - Herval d'Oeste",4204,"Chapecó"
420910,4209102,"SC","Santa Catarina",42,"Joinville",420016,"Joinville",4206,"Joinville"
420915,4209151,"SC","Santa Catarina",42,"José Boiteux",420023,"Ibirama - Presidente Getúlio",4207,"Blumenau"
420917,4209177,"SC","Santa Catarina",42,"Jupiá",420013,"São Lourenço do Oeste",4204,"Chapecó"
420920,4209201,"SC","Santa Catarina",42,"Lacerdópolis",420008,"Joaçaba - Herval d'Oeste",4204,"Chapecó"
420930,4209300,"SC","Santa Catarina",42,"Lages",420005,"Lages",4203,"Lages"
420940,4209409,"SC","Santa Catarina",42,"Laguna",420003,"Tubarão",4202,"Criciúma"
420945,4209458,"SC","Santa Catarina",42,"Lajeado Grande",420007,"Chapecó",4204,"Chapecó"
420950,4209508,"SC","Santa Catarina",42,"Laurentino",420022,"Rio do Sul",4207,"Blumenau"
420960,4209607,"SC","Santa Catarina",42,"Lauro Müller",420002,"Criciúma",4202,"Criciúma"
420970,4209706,"SC","Santa Catarina",42,"Lebon Régis",420014,"Caçador",4205,"Caçador"
420980,4209805,"SC","Santa Catarina",42,"Leoberto Leal",420024,"Ituporanga",4207,"Blumenau"
420985,4209854,"SC","Santa Catarina",42,"Lindóia do Sul",420010,"Concórdia",4204,"Chapecó"
420990,4209904,"SC","Santa Catarina",42,"Lontras",420022,"Rio do Sul",4207,"Blumenau"
421000,4210001,"SC","Santa Catarina",42,"Luiz Alves",420020,"Itajaí",4207,"Blumenau"
421003,4210035,"SC","Santa Catarina",42,"Luzerna",420008,"Joaçaba - Herval d'Oeste",4204,"Chapecó"
421005,4210050,"SC","Santa Catarina",42,"Macieira",420014,"Caçador",4205,"Caçador"
421010,4210100,"SC","Santa Catarina",42,"Mafra",420017,"Mafra",4206,"Joinville"
421020,4210209,"SC","Santa Catarina",42,"Major Gercino",420021,"Brusque",4207,"Blumenau"
421030,4210308,"SC","Santa Catarina",42,"Major Vieira",420017,"Mafra",4206,"Joinville"
421040,4210407,"SC","Santa Catarina",42,"Maracajá",420004,"Araranguá",4202,"Criciúma"
421050,4210506,"SC","Santa Catarina",42,"Maravilha",420012,"Maravilha",4204,"Chapecó"
421055,4210555,"SC","Santa Catarina",42,"Marema",420007,"Chapecó",4204,"Chapecó"
421060,4210605,"SC","Santa Catarina",42,"Massaranduba",420016,"Joinville",4206,"Joinville"
421070,4210704,"SC","Santa Catarina",42,"Matos Costa",420014,"Caçador",4205,"Caçador"
421080,4210803,"SC","Santa Catarina",42,"Meleiro",420004,"Araranguá",4202,"Criciúma"
421085,4210852,"SC","Santa Catarina",42,"Mirim Doce",420022,"Rio do Sul",4207,"Blumenau"
421090,4210902,"SC","Santa Catarina",42,"Modelo",420007,"Chapecó",4204,"Chapecó"
421100,4211009,"SC","Santa Catarina",42,"Mondaí",420007,"Chapecó",4204,"Chapecó"
421105,4211058,"SC","Santa Catarina",42,"Monte Carlo",420015,"Videira",4205,"Caçador"
421110,4211108,"SC","Santa Catarina",42,"Monte Castelo",420017,"Mafra",4206,"Joinville"
421120,4211207,"SC","Santa Catarina",42,"Morro da Fumaça",420002,"Criciúma",4202,"Criciúma"
421125,4211256,"SC","Santa Catarina",42,"Morro Grande",420002,"Criciúma",4202,"Criciúma"
421130,4211306,"SC","Santa Catarina",42,"Navegantes",420020,"Itajaí",4207,"Blumenau"
421140,4211405,"SC","Santa Catarina",42,"Nova Erechim",420007,"Chapecó",4204,"Chapecó"
421145,4211454,"SC","Santa Catarina",42,"Nova Itaberaba",420007,"Chapecó",4204,"Chapecó"
421150,4211504,"SC","Santa Catarina",42,"Nova Trento",420021,"Brusque",4207,"Blumenau"
421160,4211603,"SC","Santa Catarina",42,"Nova Veneza",420002,"Criciúma",4202,"Criciúma"
421165,4211652,"SC","Santa Catarina",42,"Novo Horizonte",420013,"São Lourenço do Oeste",4204,"Chapecó"
421170,4211702,"SC","Santa Catarina",42,"Orleans",420002,"Criciúma",4202,"Criciúma"
421175,4211751,"SC","Santa Catarina",42,"Otacílio Costa",420005,"Lages",4203,"Lages"
421180,4211801,"SC","Santa Catarina",42,"Ouro",420008,"Joaçaba - Herval d'Oeste",4204,"Chapecó"
421185,4211850,"SC","Santa Catarina",42,"Ouro Verde",420011,"Xanxerê",4204,"Chapecó"
421187,4211876,"SC","Santa Catarina",42,"Paial",420007,"Chapecó",4204,"Chapecó"
421189,4211892,"SC","Santa Catarina",42,"Painel",420005,"Lages",4203,"Lages"
421190,4211900,"SC","Santa Catarina",42,"Palhoça",420001,"Florianópolis",4201,"Florianópolis"
421200,4212007,"SC","Santa Catarina",42,"Palma Sola",420009,"São Miguel do Oeste",4204,"Chapecó"
421205,4212056,"SC","Santa Catarina",42,"Palmeira",420005,"Lages",4203,"Lages"
421210,4212106,"SC","Santa Catarina",42,"Palmitos",420007,"Chapecó",4204,"Chapecó"
421220,4212205,"SC","Santa Catarina",42,"Papanduva",420017,"Mafra",4206,"Joinville"
421223,4212239,"SC","Santa Catarina",42,"Paraíso",420009,"São Miguel do Oeste",4204,"Chapecó"
421225,4212254,"SC","Santa Catarina",42,"Passo de Torres",420004,"Araranguá",4202,"Criciúma"
421227,4212270,"SC","Santa Catarina",42,"Passos Maia",420011,"Xanxerê",4204,"Chapecó"
421230,4212304,"SC","Santa Catarina",42,"Paulo Lopes",420001,"Florianópolis",4201,"Florianópolis"
421240,4212403,"SC","Santa Catarina",42,"Pedras Grandes",420003,"Tubarão",4202,"Criciúma"
421250,4212502,"SC","Santa Catarina",42,"Penha",420020,"Itajaí",4207,"Blumenau"
421260,4212601,"SC","Santa Catarina",42,"Peritiba",420010,"Concórdia",4204,"Chapecó"
421270,4212700,"SC","Santa Catarina",42,"Petrolândia",420024,"Ituporanga",4207,"Blumenau"
421280,4212809,"SC","Santa Catarina",42,"Balneário Piçarras",420020,"Itajaí",4207,"Blumenau"
421290,4212908,"SC","Santa Catarina",42,"Pinhalzinho",420007,"Chapecó",4204,"Chapecó"
421300,4213005,"SC","Santa Catarina",42,"Pinheiro Preto",420015,"Videira",4205,"Caçador"
421310,4213104,"SC","Santa Catarina",42,"Piratuba",420010,"Concórdia",4204,"Chapecó"
421315,4213153,"SC","Santa Catarina",42,"Planalto Alegre",420007,"Chapecó",4204,"Chapecó"
421320,4213203,"SC","Santa Catarina",42,"Pomerode",420019,"Blumenau",4207,"Blumenau"
421330,4213302,"SC","Santa Catarina",42,"Ponte Alta",420005,"Lages",4203,"Lages"
421335,4213351,"SC","Santa Catarina",42,"Ponte Alta do Norte",420006,"Curitibanos",4203,"Lages"
421340,4213401,"SC","Santa Catarina",42,"Ponte Serrada",420011,"Xanxerê",4204,"Chapecó"
421350,4213500,"SC","Santa Catarina",42,"Porto Belo",420020,"Itajaí",4207,"Blumenau"
421360,4213609,"SC","Santa Catarina",42,"Porto União",420017,"Mafra",4206,"Joinville"
421370,4213708,"SC","Santa Catarina",42,"Pouso Redondo",420022,"Rio do Sul",4207,"Blumenau"
421380,4213807,"SC","Santa Catarina",42,"Praia Grande",420004,"Araranguá",4202,"Criciúma"
421390,4213906,"SC","Santa Catarina",42,"Presidente Castello Branco",420010,"Concórdia",4204,"Chapecó"
421400,4214003,"SC","Santa Catarina",42,"Presidente Getúlio",420023,"Ibirama - Presidente Getúlio",4207,"Blumenau"
421410,4214102,"SC","Santa Catarina",42,"Presidente Nereu",420022,"Rio do Sul",4207,"Blumenau"
421415,4214151,"SC","Santa Catarina",42,"Princesa",420009,"São Miguel do Oeste",4204,"Chapecó"
421420,4214201,"SC","Santa Catarina",42,"Quilombo",420007,"Chapecó",4204,"Chapecó"
421430,4214300,"SC","Santa Catarina",42,"Rancho Queimado",420001,"Florianópolis",4201,"Florianópolis"
421440,4214409,"SC","Santa Catarina",42,"Rio das Antas",420015,"Videira",4205,"Caçador"
421450,4214508,"SC","Santa Catarina",42,"Rio do Campo",420022,"Rio do Sul",4207,"Blumenau"
421460,4214607,"SC","Santa Catarina",42,"Rio do Oeste",420022,"Rio do Sul",4207,"Blumenau"
421470,4214706,"SC","Santa Catarina",42,"Rio dos Cedros",420019,"Blumenau",4207,"Blumenau"
421480,4214805,"SC","Santa Catarina",42,"Rio do Sul",420022,"Rio do Sul",4207,"Blumenau"
421490,4214904,"SC","Santa Catarina",42,"Rio Fortuna",420003,"Tubarão",4202,"Criciúma"
421500,4215000,"SC","Santa Catarina",42,"Rio Negrinho",420018,"São Bento do Sul - Rio Negrinho",4206,"Joinville"
421505,4215059,"SC","Santa Catarina",42,"Rio Rufino",420005,"Lages",4203,"Lages"
421507,4215075,"SC","Santa Catarina",42,"Riqueza",420007,"Chapecó",4204,"Chapecó"
421510,4215109,"SC","Santa Catarina",42,"Rodeio",420019,"Blumenau",4207,"Blumenau"
421520,4215208,"SC","Santa Catarina",42,"Romelândia",420009,"São Miguel do Oeste",4204,"Chapecó"
421530,4215307,"SC","Santa Catarina",42,"Salete",420022,"Rio do Sul",4207,"Blumenau"
421535,4215356,"SC","Santa Catarina",42,"Saltinho",420012,"Maravilha",4204,"Chapecó"
421540,4215406,"SC","Santa Catarina",42,"Salto Veloso",420015,"Videira",4205,"Caçador"
421545,4215455,"SC","Santa Catarina",42,"Sangão",420003,"Tubarão",4202,"Criciúma"
421550,4215505,"SC","Santa Catarina",42,"Santa Cecília",420006,"Curitibanos",4203,"Lages"
421555,4215554,"SC","Santa Catarina",42,"Santa Helena",420009,"São Miguel do Oeste",4204,"Chapecó"
421560,4215604,"SC","Santa Catarina",42,"Santa Rosa de Lima",420003,"Tubarão",4202,"Criciúma"
421565,4215653,"SC","Santa Catarina",42,"Santa Rosa do Sul",420004,"Araranguá",4202,"Criciúma"
421567,4215679,"SC","Santa Catarina",42,"Santa Terezinha",420022,"Rio do Sul",4207,"Blumenau"
421568,4215687,"SC","Santa Catarina",42,"Santa Terezinha do Progresso",420012,"Maravilha",4204,"Chapecó"
421569,4215695,"SC","Santa Catarina",42,"Santiago do Sul",420007,"Chapecó",4204,"Chapecó"
421570,4215703,"SC","Santa Catarina",42,"Santo Amaro da Imperatriz",420001,"Florianópolis",4201,"Florianópolis"
421575,4215752,"SC","Santa Catarina",42,"São Bernardino",420013,"São Lourenço do Oeste",4204,"Chapecó"
421580,4215802,"SC","Santa Catarina",42,"São Bento do Sul",420018,"São Bento do Sul - Rio Negrinho",4206,"Joinville"
421590,4215901,"SC","Santa Catarina",42,"São Bonifácio",420001,"Florianópolis",4201,"Florianópolis"
421600,4216008,"SC","Santa Catarina",42,"São Carlos",420007,"Chapecó",4204,"Chapecó"
421605,4216057,"SC","Santa Catarina",42,"São Cristóvão do Sul",420006,"Curitibanos",4203,"Lages"
421610,4216107,"SC","Santa Catarina",42,"São Domingos",420011,"Xanxerê",4204,"Chapecó"
421620,4216206,"SC","Santa Catarina",42,"São Francisco do Sul",420016,"Joinville",4206,"Joinville"
421625,4216255,"SC","Santa Catarina",42,"São João do Oeste",420009,"São Miguel do Oeste",4204,"Chapecó"
421630,4216305,"SC","Santa Catarina",42,"São João Batista",420021,"Brusque",4207,"Blumenau"
421635,4216354,"SC","Santa Catarina",42,"São João do Itaperiú",420016,"Joinville",4206,"Joinville"
421640,4216404,"SC","Santa Catarina",42,"São João do Sul",420004,"Araranguá",4202,"Criciúma"
421650,4216503,"SC","Santa Catarina",42,"São Joaquim",420005,"Lages",4203,"Lages"
421660,4216602,"SC","Santa Catarina",42,"São José",420001,"Florianópolis",4201,"Florianópolis"
421670,4216701,"SC","Santa Catarina",42,"São José do Cedro",420009,"São Miguel do Oeste",4204,"Chapecó"
421680,4216800,"SC","Santa Catarina",42,"São José do Cerrito",420005,"Lages",4203,"Lages"
421690,4216909,"SC","Santa Catarina",42,"São Lourenço do Oeste",420013,"São Lourenço do Oeste",4204,"Chapecó"
421700,4217006,"SC","Santa Catarina",42,"São Ludgero",420003,"Tubarão",4202,"Criciúma"
421710,4217105,"SC","Santa Catarina",42,"São Martinho",420003,"Tubarão",4202,"Criciúma"
421715,4217154,"SC","Santa Catarina",42,"São Miguel da Boa Vista",420012,"Maravilha",4204,"Chapecó"
421720,4217204,"SC","Santa Catarina",42,"São Miguel do Oeste",420009,"São Miguel do Oeste",4204,"Chapecó"
421725,4217253,"SC","Santa Catarina",42,"São Pedro de Alcântara",420001,"Florianópolis",4201,"Florianópolis"
421730,4217303,"SC","Santa Catarina",42,"Saudades",420007,"Chapecó",4204,"Chapecó"
421740,4217402,"SC","Santa Catarina",42,"Schroeder",420016,"Joinville",4206,"Joinville"
421750,4217501,"SC","Santa Catarina",42,"Seara",420010,"Concórdia",4204,"Chapecó"
421755,4217550,"SC","Santa Catarina",42,"Serra Alta",420007,"Chapecó",4204,"Chapecó"
421760,4217600,"SC","Santa Catarina",42,"Siderópolis",420002,"Criciúma",4202,"Criciúma"
421770,4217709,"SC","Santa Catarina",42,"Sombrio",420004,"Araranguá",4202,"Criciúma"
421775,4217758,"SC","Santa Catarina",42,"Sul Brasil",420007,"Chapecó",4204,"Chapecó"
421780,4217808,"SC","Santa Catarina",42,"Taió",420022,"Rio do Sul",4207,"Blumenau"
421790,4217907,"SC","Santa Catarina",42,"Tangará",420015,"Videira",4205,"Caçador"
421795,4217956,"SC","Santa Catarina",42,"Tigrinhos",420012,"Maravilha",4204,"Chapecó"
421800,4218004,"SC","Santa Catarina",42,"Tijucas",420020,"Itajaí",4207,"Blumenau"
421810,4218103,"SC","Santa Catarina",42,"Timbé do Sul",420004,"Araranguá",4202,"Criciúma"
421820,4218202,"SC","Santa Catarina",42,"Timbó",420019,"Blumenau",4207,"Blumenau"
421825,4218251,"SC","Santa Catarina",42,"Timbó Grande",420014,"Caçador",4205,"Caçador"
421830,4218301,"SC","Santa Catarina",42,"Três Barras",420017,"Mafra",4206,"Joinville"
421835,4218350,"SC","Santa Catarina",42,"Treviso",420002,"Criciúma",4202,"Criciúma"
421840,4218400,"SC","Santa Catarina",42,"Treze de Maio",420003,"Tubarão",4202,"Criciúma"
421850,4218509,"SC","Santa Catarina",42,"Treze Tílias",420008,"Joaçaba - Herval d'Oeste",4204,"Chapecó"
421860,4218608,"SC","Santa Catarina",42,"Trombudo Central",420022,"Rio do Sul",4207,"Blumenau"
421870,4218707,"SC","Santa Catarina",42,"Tubarão",420003,"Tubarão",4202,"Criciúma"
421875,4218756,"SC","Santa Catarina",42,"Tunápolis",420009,"São Miguel do Oeste",4204,"Chapecó"
421880,4218806,"SC","Santa Catarina",42,"Turvo",420004,"Araranguá",4202,"Criciúma"
421885,4218855,"SC","Santa Catarina",42,"União do Oeste",420007,"Chapecó",4204,"Chapecó"
421890,4218905,"SC","Santa Catarina",42,"Urubici",420005,"Lages",4203,"Lages"
421895,4218954,"SC","Santa Catarina",42,"Urupema",420005,"Lages",4203,"Lages"
421900,4219002,"SC","Santa Catarina",42,"Urussanga",420002,"Criciúma",4202,"Criciúma"
421910,4219101,"SC","Santa Catarina",42,"Vargeão",420011,"Xanxerê",4204,"Chapecó"
421915,4219150,"SC","Santa Catarina",42,"Vargem",420008,"Joaçaba - Herval d'Oeste",4204,"Chapecó"
421917,4219176,"SC","Santa Catarina",42,"Vargem Bonita",420008,"Joaçaba - Herval d'Oeste",4204,"Chapecó"
421920,4219200,"SC","Santa Catarina",42,"Vidal Ramos",420024,"Ituporanga",4207,"Blumenau"
421930,4219309,"SC","Santa Catarina",42,"Videira",420015,"Videira",4205,"Caçador"
421935,4219358,"SC","Santa Catarina",42,"Vitor Meireles",420023,"Ibirama - Presidente Getúlio",4207,"Blumenau"
421940,4219408,"SC","Santa Catarina",42,"Witmarsum",420023,"Ibirama - Presidente Getúlio",4207,"Blumenau"
421950,4219507,"SC","Santa Catarina",42,"Xanxerê",420011,"Xanxerê",4204,"Chapecó"
421960,4219606,"SC","Santa Catarina",42,"Xavantina",420011,"Xanxerê",4204,"Chapecó"
421970,4219705,"SC","Santa Catarina",42,"Xaxim",420007,"Chapecó",4204,"Chapecó"
421985,4219853,"SC","Santa Catarina",42,"Zortéa",420008,"Joaçaba - Herval d'Oeste",4204,"Chapecó"
430003,4300034,"RS","Rio Grande do Sul",43,"Aceguá",430010,"Bagé",4302,"Pelotas"
430005,4300059,"RS","Rio Grande do Sul",43,"Água Santa",430032,"Tapejara - Sananduva",4306,"Passo Fundo"
430010,4300109,"RS","Rio Grande do Sul",43,"Agudo",430011,"Santa Maria",4303,"Santa Maria"
430020,4300208,"RS","Rio Grande do Sul",43,"Ajuricaba",430018,"Ijuí",4305,"Ijuí"
430030,4300307,"RS","Rio Grande do Sul",43,"Alecrim",430019,"Santa Rosa",4305,"Ijuí"
430040,4300406,"RS","Rio Grande do Sul",43,"Alegrete",430015,"Uruguaiana",4304,"Uruguaiana"
430045,4300455,"RS","Rio Grande do Sul",43,"Alegria",430023,"Três de Maio",4305,"Ijuí"
430047,4300471,"RS","Rio Grande do Sul",43,"Almirante Tamandaré do Sul",430028,"Carazinho",4306,"Passo Fundo"
430050,4300505,"RS","Rio Grande do Sul",43,"Alpestre",430035,"Nonoai",4306,"Passo Fundo"
430055,4300554,"RS","Rio Grande do Sul",43,"Alto Alegre",430025,"Passo Fundo",4306,"Passo Fundo"
430057,4300570,"RS","Rio Grande do Sul",43,"Alto Feliz",430036,"Caxias do Sul",4307,"Caxias do Sul"
430060,4300604,"RS","Rio Grande do Sul",43,"Alvorada",430001,"Porto Alegre",4301,"Porto Alegre"
430063,4300638,"RS","Rio Grande do Sul",43,"Amaral Ferrador",430005,"Camaquã",4301,"Porto Alegre"
430064,4300646,"RS","Rio Grande do Sul",43,"Ametista do Sul",430029,"Frederico Westphalen",4306,"Passo Fundo"
430066,4300661,"RS","Rio Grande do Sul",43,"André da Rocha",430038,"Nova Prata - Guaporé",4307,"Caxias do Sul"
430070,4300703,"RS","Rio Grande do Sul",43,"Anta Gorda",430043,"Encantado",4308,"Santa Cruz do Sul - Lajeado"
430080,4300802,"RS","Rio Grande do Sul",43,"Antônio Prado",430036,"Caxias do Sul",4307,"Caxias do Sul"
430085,4300851,"RS","Rio Grande do Sul",43,"Arambaré",430005,"Camaquã",4301,"Porto Alegre"
430087,4300877,"RS","Rio Grande do Sul",43,"Araricá",430002,"Novo Hamburgo - São Leopoldo",4301,"Porto Alegre"
430090,4300901,"RS","Rio Grande do Sul",43,"Aratiba",430026,"Erechim",4306,"Passo Fundo"
430100,4301008,"RS","Rio Grande do Sul",43,"Arroio do Meio",430041,"Lajeado",4308,"Santa Cruz do Sul - Lajeado"
430105,4301057,"RS","Rio Grande do Sul",43,"Arroio do Sal",430008,"Torres",4301,"Porto Alegre"
430107,4301073,"RS","Rio Grande do Sul",43,"Arroio do Padre",430009,"Pelotas",4302,"Pelotas"
430110,4301107,"RS","Rio Grande do Sul",43,"Arroio dos Ratos",430001,"Porto Alegre",4301,"Porto Alegre"
430120,4301206,"RS","Rio Grande do Sul",43,"Arroio do Tigre",430042,"Sobradinho",4308,"Santa Cruz do Sul - Lajeado"
430130,4301305,"RS","Rio Grande do Sul",43,"Arroio Grande",430009,"Pelotas",4302,"Pelotas"
430140,4301404,"RS","Rio Grande do Sul",43,"Arvorezinha",430031,"Soledade",4306,"Passo Fundo"
430150,4301503,"RS","Rio Grande do Sul",43,"Augusto Pestana",430018,"Ijuí",4305,"Ijuí"
430155,4301552,"RS","Rio Grande do Sul",43,"Áurea",430026,"Erechim",4306,"Passo Fundo"
430160,4301602,"RS","Rio Grande do Sul",43,"Bagé",430010,"Bagé",4302,"Pelotas"
430163,4301636,"RS","Rio Grande do Sul",43,"Balneário Pinhal",430003,"Tramandaí - Osório",4301,"Porto Alegre"
430165,4301651,"RS","Rio Grande do Sul",43,"Barão",430037,"Bento Gonçalves",4307,"Caxias do Sul"
430170,4301701,"RS","Rio Grande do Sul",43,"Barão de Cotegipe",430026,"Erechim",4306,"Passo Fundo"
430175,4301750,"RS","Rio Grande do Sul",43,"Barão do Triunfo",430001,"Porto Alegre",4301,"Porto Alegre"
430180,4301800,"RS","Rio Grande do Sul",43,"Barracão",430033,"Lagoa Vermelha",4306,"Passo Fundo"
430185,4301859,"RS","Rio Grande do Sul",43,"Barra do Guarita",430021,"Três Passos",4305,"Ijuí"
430187,4301875,"RS","Rio Grande do Sul",43,"Barra do Quaraí",430015,"Uruguaiana",4304,"Uruguaiana"
430190,4301909,"RS","Rio Grande do Sul",43,"Barra do Ribeiro",430001,"Porto Alegre",4301,"Porto Alegre"
430192,4301925,"RS","Rio Grande do Sul",43,"Barra do Rio Azul",430026,"Erechim",4306,"Passo Fundo"
430195,4301958,"RS","Rio Grande do Sul",43,"Barra Funda",430028,"Carazinho",4306,"Passo Fundo"
430200,4302006,"RS","Rio Grande do Sul",43,"Barros Cassal",430031,"Soledade",4306,"Passo Fundo"
430205,4302055,"RS","Rio Grande do Sul",43,"Benjamin Constant do Sul",430026,"Erechim",4306,"Passo Fundo"
430210,4302105,"RS","Rio Grande do Sul",43,"Bento Gonçalves",430037,"Bento Gonçalves",4307,"Caxias do Sul"
430215,4302154,"RS","Rio Grande do Sul",43,"Boa Vista das Missões",430029,"Frederico Westphalen",4306,"Passo Fundo"
430220,4302204,"RS","Rio Grande do Sul",43,"Boa Vista do Buricá",430023,"Três de Maio",4305,"Ijuí"
430222,4302220,"RS","Rio Grande do Sul",43,"Boa Vista do Cadeado",430027,"Cruz Alta",4306,"Passo Fundo"
430223,4302238,"RS","Rio Grande do Sul",43,"Boa Vista do Incra",430027,"Cruz Alta",4306,"Passo Fundo"
430225,4302253,"RS","Rio Grande do Sul",43,"Boa Vista do Sul",430037,"Bento Gonçalves",4307,"Caxias do Sul"
430230,4302303,"RS","Rio Grande do Sul",43,"Bom Jesus",430039,"Vacaria",4307,"Caxias do Sul"
430235,4302352,"RS","Rio Grande do Sul",43,"Bom Princípio",430002,"Novo Hamburgo - São Leopoldo",4301,"Porto Alegre"
430237,4302378,"RS","Rio Grande do Sul",43,"Bom Progresso",430021,"Três Passos",4305,"Ijuí"
430240,4302402,"RS","Rio Grande do Sul",43,"Bom Retiro do Sul",430041,"Lajeado",4308,"Santa Cruz do Sul - Lajeado"
430245,4302451,"RS","Rio Grande do Sul",43,"Boqueirão do Leão",430041,"Lajeado",4308,"Santa Cruz do Sul - Lajeado"
430250,4302501,"RS","Rio Grande do Sul",43,"Bossoroca",430022,"São Luiz Gonzaga",4305,"Ijuí"
430258,4302584,"RS","Rio Grande do Sul",43,"Bozano",430018,"Ijuí",4305,"Ijuí"
430260,4302600,"RS","Rio Grande do Sul",43,"Braga",430021,"Três Passos",4305,"Ijuí"
430265,4302659,"RS","Rio Grande do Sul",43,"Brochier",430007,"Montenegro",4301,"Porto Alegre"
430270,4302709,"RS","Rio Grande do Sul",43,"Butiá",430006,"Charqueadas - Triunfo - São Jerônimo",4301,"Porto Alegre"
430280,4302808,"RS","Rio Grande do Sul",43,"Caçapava do Sul",430012,"São Gabriel - Caçapava do Sul",4303,"Santa Maria"
430290,4302907,"RS","Rio Grande do Sul",43,"Cacequi",430011,"Santa Maria",4303,"Santa Maria"
430300,4303004,"RS","Rio Grande do Sul",43,"Cachoeira do Sul",430013,"Cachoeira do Sul",4303,"Santa Maria"
430310,4303103,"RS","Rio Grande do Sul",43,"Cachoeirinha",430001,"Porto Alegre",4301,"Porto Alegre"
430320,4303202,"RS","Rio Grande do Sul",43,"Cacique Doble",430033,"Lagoa Vermelha",4306,"Passo Fundo"
430330,4303301,"RS","Rio Grande do Sul",43,"Caibaté",430022,"São Luiz Gonzaga",4305,"Ijuí"
430340,4303400,"RS","Rio Grande do Sul",43,"Caiçara",430029,"Frederico Westphalen",4306,"Passo Fundo"
430350,4303509,"RS","Rio Grande do Sul",43,"Camaquã",430005,"Camaquã",4301,"Porto Alegre"
430355,4303558,"RS","Rio Grande do Sul",43,"Camargo",430030,"Marau",4306,"Passo Fundo"
430360,4303608,"RS","Rio Grande do Sul",43,"Cambará do Sul",430036,"Caxias do Sul",4307,"Caxias do Sul"
430367,4303673,"RS","Rio Grande do Sul",43,"Campestre da Serra",430036,"Caxias do Sul",4307,"Caxias do Sul"
430370,4303707,"RS","Rio Grande do Sul",43,"Campina das Missões",430019,"Santa Rosa",4305,"Ijuí"
430380,4303806,"RS","Rio Grande do Sul",43,"Campinas do Sul",430026,"Erechim",4306,"Passo Fundo"
430390,4303905,"RS","Rio Grande do Sul",43,"Campo Bom",430002,"Novo Hamburgo - São Leopoldo",4301,"Porto Alegre"
430400,4304002,"RS","Rio Grande do Sul",43,"Campo Novo",430021,"Três Passos",4305,"Ijuí"
430410,4304101,"RS","Rio Grande do Sul",43,"Campos Borges",430025,"Passo Fundo",4306,"Passo Fundo"
430420,4304200,"RS","Rio Grande do Sul",43,"Candelária",430040,"Santa Cruz do Sul",4308,"Santa Cruz do Sul - Lajeado"
430430,4304309,"RS","Rio Grande do Sul",43,"Cândido Godói",430019,"Santa Rosa",4305,"Ijuí"
430435,4304358,"RS","Rio Grande do Sul",43,"Candiota",430010,"Bagé",4302,"Pelotas"
430440,4304408,"RS","Rio Grande do Sul",43,"Canela",430036,"Caxias do Sul",4307,"Caxias do Sul"
430450,4304507,"RS","Rio Grande do Sul",43,"Canguçu",430009,"Pelotas",4302,"Pelotas"
430460,4304606,"RS","Rio Grande do Sul",43,"Canoas",430001,"Porto Alegre",4301,"Porto Alegre"
430461,4304614,"RS","Rio Grande do Sul",43,"Canudos do Vale",430041,"Lajeado",4308,"Santa Cruz do Sul - Lajeado"
430462,4304622,"RS","Rio Grande do Sul",43,"Capão Bonito do Sul",430033,"Lagoa Vermelha",4306,"Passo Fundo"
430463,4304630,"RS","Rio Grande do Sul",43,"Capão da Canoa",430003,"Tramandaí - Osório",4301,"Porto Alegre"
430465,4304655,"RS","Rio Grande do Sul",43,"Capão do Cipó",430014,"Santiago",4303,"Santa Maria"
430466,4304663,"RS","Rio Grande do Sul",43,"Capão do Leão",430009,"Pelotas",4302,"Pelotas"
430467,4304671,"RS","Rio Grande do Sul",43,"Capivari do Sul",430001,"Porto Alegre",4301,"Porto Alegre"
430468,4304689,"RS","Rio Grande do Sul",43,"Capela de Santana",430002,"Novo Hamburgo - São Leopoldo",4301,"Porto Alegre"
430469,4304697,"RS","Rio Grande do Sul",43,"Capitão",430041,"Lajeado",4308,"Santa Cruz do Sul - Lajeado"
430470,4304705,"RS","Rio Grande do Sul",43,"Carazinho",430028,"Carazinho",4306,"Passo Fundo"
430471,4304713,"RS","Rio Grande do Sul",43,"Caraá",430001,"Porto Alegre",4301,"Porto Alegre"
430480,4304804,"RS","Rio Grande do Sul",43,"Carlos Barbosa",430037,"Bento Gonçalves",4307,"Caxias do Sul"
430485,4304853,"RS","Rio Grande do Sul",43,"Carlos Gomes",430026,"Erechim",4306,"Passo Fundo"
430490,4304903,"RS","Rio Grande do Sul",43,"Casca",430030,"Marau",4306,"Passo Fundo"
430495,4304952,"RS","Rio Grande do Sul",43,"Caseiros",430033,"Lagoa Vermelha",4306,"Passo Fundo"
430500,4305009,"RS","Rio Grande do Sul",43,"Catuípe",430018,"Ijuí",4305,"Ijuí"
430510,4305108,"RS","Rio Grande do Sul",43,"Caxias do Sul",430036,"Caxias do Sul",4307,"Caxias do Sul"
430511,4305116,"RS","Rio Grande do Sul",43,"Centenário",430026,"Erechim",4306,"Passo Fundo"
430512,4305124,"RS","Rio Grande do Sul",43,"Cerrito",430009,"Pelotas",4302,"Pelotas"
430513,4305132,"RS","Rio Grande do Sul",43,"Cerro Branco",430013,"Cachoeira do Sul",4303,"Santa Maria"
430515,4305157,"RS","Rio Grande do Sul",43,"Cerro Grande",430034,"Palmeira das Missões",4306,"Passo Fundo"
430517,4305173,"RS","Rio Grande do Sul",43,"Cerro Grande do Sul",430005,"Camaquã",4301,"Porto Alegre"
430520,4305207,"RS","Rio Grande do Sul",43,"Cerro Largo",430024,"Cerro Largo",4305,"Ijuí"
430530,4305306,"RS","Rio Grande do Sul",43,"Chapada",430028,"Carazinho",4306,"Passo Fundo"
430535,4305355,"RS","Rio Grande do Sul",43,"Charqueadas",430006,"Charqueadas - Triunfo - São Jerônimo",4301,"Porto Alegre"
430537,4305371,"RS","Rio Grande do Sul",43,"Charrua",430032,"Tapejara - Sananduva",4306,"Passo Fundo"
430540,4305405,"RS","Rio Grande do Sul",43,"Chiapetta",430018,"Ijuí",4305,"Ijuí"
430543,4305439,"RS","Rio Grande do Sul",43,"Chuí",430009,"Pelotas",4302,"Pelotas"
430544,4305447,"RS","Rio Grande do Sul",43,"Chuvisca",430005,"Camaquã",4301,"Porto Alegre"
430545,4305454,"RS","Rio Grande do Sul",43,"Cidreira",430003,"Tramandaí - Osório",4301,"Porto Alegre"
430550,4305504,"RS","Rio Grande do Sul",43,"Ciríaco",430030,"Marau",4306,"Passo Fundo"
430558,4305587,"RS","Rio Grande do Sul",43,"Colinas",430041,"Lajeado",4308,"Santa Cruz do Sul - Lajeado"
430560,4305603,"RS","Rio Grande do Sul",43,"Colorado",430028,"Carazinho",4306,"Passo Fundo"
430570,4305702,"RS","Rio Grande do Sul",43,"Condor",430018,"Ijuí",4305,"Ijuí"
430580,4305801,"RS","Rio Grande do Sul",43,"Constantina",430028,"Carazinho",4306,"Passo Fundo"
430583,4305835,"RS","Rio Grande do Sul",43,"Coqueiro Baixo",430041,"Lajeado",4308,"Santa Cruz do Sul - Lajeado"
430585,4305850,"RS","Rio Grande do Sul",43,"Coqueiros do Sul",430028,"Carazinho",4306,"Passo Fundo"
430587,4305871,"RS","Rio Grande do Sul",43,"Coronel Barros",430018,"Ijuí",4305,"Ijuí"
430590,4305900,"RS","Rio Grande do Sul",43,"Coronel Bicaco",430018,"Ijuí",4305,"Ijuí"
430593,4305934,"RS","Rio Grande do Sul",43,"Coronel Pilar",430037,"Bento Gonçalves",4307,"Caxias do Sul"
430595,4305959,"RS","Rio Grande do Sul",43,"Cotiporã",430037,"Bento Gonçalves",4307,"Caxias do Sul"
430597,4305975,"RS","Rio Grande do Sul",43,"Coxilha",430025,"Passo Fundo",4306,"Passo Fundo"
430600,4306007,"RS","Rio Grande do Sul",43,"Crissiumal",430021,"Três Passos",4305,"Ijuí"
430605,4306056,"RS","Rio Grande do Sul",43,"Cristal",430005,"Camaquã",4301,"Porto Alegre"
430607,4306072,"RS","Rio Grande do Sul",43,"Cristal do Sul",430029,"Frederico Westphalen",4306,"Passo Fundo"
430610,4306106,"RS","Rio Grande do Sul",43,"Cruz Alta",430027,"Cruz Alta",4306,"Passo Fundo"
430613,4306130,"RS","Rio Grande do Sul",43,"Cruzaltense",430026,"Erechim",4306,"Passo Fundo"
430620,4306205,"RS","Rio Grande do Sul",43,"Cruzeiro do Sul",430041,"Lajeado",4308,"Santa Cruz do Sul - Lajeado"
430630,4306304,"RS","Rio Grande do Sul",43,"David Canabarro",430030,"Marau",4306,"Passo Fundo"
430632,4306320,"RS","Rio Grande do Sul",43,"Derrubadas",430021,"Três Passos",4305,"Ijuí"
430635,4306353,"RS","Rio Grande do Sul",43,"Dezesseis de Novembro",430022,"São Luiz Gonzaga",4305,"Ijuí"
430637,4306379,"RS","Rio Grande do Sul",43,"Dilermando de Aguiar",430011,"Santa Maria",4303,"Santa Maria"
430640,4306403,"RS","Rio Grande do Sul",43,"Dois Irmãos",430002,"Novo Hamburgo - São Leopoldo",4301,"Porto Alegre"
430642,4306429,"RS","Rio Grande do Sul",43,"Dois Irmãos das Missões",430034,"Palmeira das Missões",4306,"Passo Fundo"
430645,4306452,"RS","Rio Grande do Sul",43,"Dois Lajeados",430038,"Nova Prata - Guaporé",4307,"Caxias do Sul"
430650,4306502,"RS","Rio Grande do Sul",43,"Dom Feliciano",430005,"Camaquã",4301,"Porto Alegre"
430655,4306551,"RS","Rio Grande do Sul",43,"Dom Pedro de Alcântara",430008,"Torres",4301,"Porto Alegre"
430660,4306601,"RS","Rio Grande do Sul",43,"Dom Pedrito",430010,"Bagé",4302,"Pelotas"
430670,4306700,"RS","Rio Grande do Sul",43,"Dona Francisca",430011,"Santa Maria",4303,"Santa Maria"
430673,4306734,"RS","Rio Grande do Sul",43,"Doutor Maurício Cardoso",430023,"Três de Maio",4305,"Ijuí"
430675,4306759,"RS","Rio Grande do Sul",43,"Doutor Ricardo",430043,"Encantado",4308,"Santa Cruz do Sul - Lajeado"
430676,4306767,"RS","Rio Grande do Sul",43,"Eldorado do Sul",430001,"Porto Alegre",4301,"Porto Alegre"
430680,4306809,"RS","Rio Grande do Sul",43,"Encantado",430043,"Encantado",4308,"Santa Cruz do Sul - Lajeado"
430690,4306908,"RS","Rio Grande do Sul",43,"Encruzilhada do Sul",430040,"Santa Cruz do Sul",4308,"Santa Cruz do Sul - Lajeado"
430692,4306924,"RS","Rio Grande do Sul",43,"Engenho Velho",430028,"Carazinho",4306,"Passo Fundo"
430693,4306932,"RS","Rio Grande do Sul",43,"Entre-Ijuís",430020,"Santo Ângelo",4305,"Ijuí"
430695,4306957,"RS","Rio Grande do Sul",43,"Entre Rios do Sul",430026,"Erechim",4306,"Passo Fundo"
430697,4306973,"RS","Rio Grande do Sul",43,"Erebango",430026,"Erechim",4306,"Passo Fundo"
430700,4307005,"RS","Rio Grande do Sul",43,"Erechim",430026,"Erechim",4306,"Passo Fundo"
430705,4307054,"RS","Rio Grande do Sul",43,"Ernestina",430025,"Passo Fundo",4306,"Passo Fundo"
430710,4307104,"RS","Rio Grande do Sul",43,"Herval",430009,"Pelotas",4302,"Pelotas"
430720,4307203,"RS","Rio Grande do Sul",43,"Erval Grande",430026,"Erechim",4306,"Passo Fundo"
430730,4307302,"RS","Rio Grande do Sul",43,"Erval Seco",430029,"Frederico Westphalen",4306,"Passo Fundo"
430740,4307401,"RS","Rio Grande do Sul",43,"Esmeralda",430039,"Vacaria",4307,"Caxias do Sul"
430745,4307450,"RS","Rio Grande do Sul",43,"Esperança do Sul",430021,"Três Passos",4305,"Ijuí"
430750,4307500,"RS","Rio Grande do Sul",43,"Espumoso",430025,"Passo Fundo",4306,"Passo Fundo"
430755,4307559,"RS","Rio Grande do Sul",43,"Estação",430026,"Erechim",4306,"Passo Fundo"
430760,4307609,"RS","Rio Grande do Sul",43,"Estância Velha",430002,"Novo Hamburgo - São Leopoldo",4301,"Porto Alegre"
430770,4307708,"RS","Rio Grande do Sul",43,"Esteio",430001,"Porto Alegre",4301,"Porto Alegre"
430780,4307807,"RS","Rio Grande do Sul",43,"Estrela",430041,"Lajeado",4308,"Santa Cruz do Sul - Lajeado"
430781,4307815,"RS","Rio Grande do Sul",43,"Estrela Velha",430042,"Sobradinho",4308,"Santa Cruz do Sul - Lajeado"
430783,4307831,"RS","Rio Grande do Sul",43,"Eugênio de Castro",430020,"Santo Ângelo",4305,"Ijuí"
430786,4307864,"RS","Rio Grande do Sul",43,"Fagundes Varela",430037,"Bento Gonçalves",4307,"Caxias do Sul"
430790,4307906,"RS","Rio Grande do Sul",43,"Farroupilha",430036,"Caxias do Sul",4307,"Caxias do Sul"
430800,4308003,"RS","Rio Grande do Sul",43,"Faxinal do Soturno",430011,"Santa Maria",4303,"Santa Maria"
430805,4308052,"RS","Rio Grande do Sul",43,"Faxinalzinho",430026,"Erechim",4306,"Passo Fundo"
430807,4308078,"RS","Rio Grande do Sul",43,"Fazenda Vilanova",430041,"Lajeado",4308,"Santa Cruz do Sul - Lajeado"
430810,4308102,"RS","Rio Grande do Sul",43,"Feliz",430036,"Caxias do Sul",4307,"Caxias do Sul"
430820,4308201,"RS","Rio Grande do Sul",43,"Flores da Cunha",430036,"Caxias do Sul",4307,"Caxias do Sul"
430825,4308250,"RS","Rio Grande do Sul",43,"Floriano Peixoto",430026,"Erechim",4306,"Passo Fundo"
430830,4308300,"RS","Rio Grande do Sul",43,"Fontoura Xavier",430031,"Soledade",4306,"Passo Fundo"
430840,4308409,"RS","Rio Grande do Sul",43,"Formigueiro",430011,"Santa Maria",4303,"Santa Maria"
430843,4308433,"RS","Rio Grande do Sul",43,"Forquetinha",430041,"Lajeado",4308,"Santa Cruz do Sul - Lajeado"
430845,4308458,"RS","Rio Grande do Sul",43,"Fortaleza dos Valos",430027,"Cruz Alta",4306,"Passo Fundo"
430850,4308508,"RS","Rio Grande do Sul",43,"Frederico Westphalen",430029,"Frederico Westphalen",4306,"Passo Fundo"
430860,4308607,"RS","Rio Grande do Sul",43,"Garibaldi",430037,"Bento Gonçalves",4307,"Caxias do Sul"
430865,4308656,"RS","Rio Grande do Sul",43,"Garruchos",430022,"São Luiz Gonzaga",4305,"Ijuí"
430870,4308706,"RS","Rio Grande do Sul",43,"Gaurama",430026,"Erechim",4306,"Passo Fundo"
430880,4308805,"RS","Rio Grande do Sul",43,"General Câmara",430006,"Charqueadas - Triunfo - São Jerônimo",4301,"Porto Alegre"
430885,4308854,"RS","Rio Grande do Sul",43,"Gentil",430030,"Marau",4306,"Passo Fundo"
430890,4308904,"RS","Rio Grande do Sul",43,"Getúlio Vargas",430026,"Erechim",4306,"Passo Fundo"
430900,4309001,"RS","Rio Grande do Sul",43,"Giruá",430020,"Santo Ângelo",4305,"Ijuí"
430905,4309050,"RS","Rio Grande do Sul",43,"Glorinha",430001,"Porto Alegre",4301,"Porto Alegre"
430910,4309100,"RS","Rio Grande do Sul",43,"Gramado",430036,"Caxias do Sul",4307,"Caxias do Sul"
430912,4309126,"RS","Rio Grande do Sul",43,"Gramado dos Loureiros",430035,"Nonoai",4306,"Passo Fundo"
430915,4309159,"RS","Rio Grande do Sul",43,"Gramado Xavier",430040,"Santa Cruz do Sul",4308,"Santa Cruz do Sul - Lajeado"
430920,4309209,"RS","Rio Grande do Sul",43,"Gravataí",430001,"Porto Alegre",4301,"Porto Alegre"
430925,4309258,"RS","Rio Grande do Sul",43,"Guabiju",430038,"Nova Prata - Guaporé",4307,"Caxias do Sul"
430930,4309308,"RS","Rio Grande do Sul",43,"Guaíba",430001,"Porto Alegre",4301,"Porto Alegre"
430940,4309407,"RS","Rio Grande do Sul",43,"Guaporé",430038,"Nova Prata - Guaporé",4307,"Caxias do Sul"
430950,4309506,"RS","Rio Grande do Sul",43,"Guarani das Missões",430020,"Santo Ângelo",4305,"Ijuí"
430955,4309555,"RS","Rio Grande do Sul",43,"Harmonia",430002,"Novo Hamburgo - São Leopoldo",4301,"Porto Alegre"
430957,4309571,"RS","Rio Grande do Sul",43,"Herveiras",430040,"Santa Cruz do Sul",4308,"Santa Cruz do Sul - Lajeado"
430960,4309605,"RS","Rio Grande do Sul",43,"Horizontina",430023,"Três de Maio",4305,"Ijuí"
430965,4309654,"RS","Rio Grande do Sul",43,"Hulha Negra",430010,"Bagé",4302,"Pelotas"
430970,4309704,"RS","Rio Grande do Sul",43,"Humaitá",430021,"Três Passos",4305,"Ijuí"
430975,4309753,"RS","Rio Grande do Sul",43,"Ibarama",430042,"Sobradinho",4308,"Santa Cruz do Sul - Lajeado"
430980,4309803,"RS","Rio Grande do Sul",43,"Ibiaçá",430032,"Tapejara - Sananduva",4306,"Passo Fundo"
430990,4309902,"RS","Rio Grande do Sul",43,"Ibiraiaras",430033,"Lagoa Vermelha",4306,"Passo Fundo"
430995,4309951,"RS","Rio Grande do Sul",43,"Ibirapuitã",430031,"Soledade",4306,"Passo Fundo"
431000,4310009,"RS","Rio Grande do Sul",43,"Ibirubá",430027,"Cruz Alta",4306,"Passo Fundo"
431010,4310108,"RS","Rio Grande do Sul",43,"Igrejinha",430004,"Taquara - Parobé - Igrejinha",4301,"Porto Alegre"
431020,4310207,"RS","Rio Grande do Sul",43,"Ijuí",430018,"Ijuí",4305,"Ijuí"
431030,4310306,"RS","Rio Grande do Sul",43,"Ilópolis",430043,"Encantado",4308,"Santa Cruz do Sul - Lajeado"
431033,4310330,"RS","Rio Grande do Sul",43,"Imbé",430003,"Tramandaí - Osório",4301,"Porto Alegre"
431036,4310363,"RS","Rio Grande do Sul",43,"Imigrante",430041,"Lajeado",4308,"Santa Cruz do Sul - Lajeado"
431040,4310405,"RS","Rio Grande do Sul",43,"Independência",430023,"Três de Maio",4305,"Ijuí"
431041,4310413,"RS","Rio Grande do Sul",43,"Inhacorá",430018,"Ijuí",4305,"Ijuí"
431043,4310439,"RS","Rio Grande do Sul",43,"Ipê",430036,"Caxias do Sul",4307,"Caxias do Sul"
431046,4310462,"RS","Rio Grande do Sul",43,"Ipiranga do Sul",430026,"Erechim",4306,"Passo Fundo"
431050,4310504,"RS","Rio Grande do Sul",43,"Iraí",430029,"Frederico Westphalen",4306,"Passo Fundo"
431053,4310538,"RS","Rio Grande do Sul",43,"Itaara",430011,"Santa Maria",4303,"Santa Maria"
431055,4310553,"RS","Rio Grande do Sul",43,"Itacurubi",430014,"Santiago",4303,"Santa Maria"
431057,4310579,"RS","Rio Grande do Sul",43,"Itapuca",430031,"Soledade",4306,"Passo Fundo"
431060,4310603,"RS","Rio Grande do Sul",43,"Itaqui",430017,"São Borja",4304,"Uruguaiana"
431065,4310652,"RS","Rio Grande do Sul",43,"Itati",430003,"Tramandaí - Osório",4301,"Porto Alegre"
431070,4310702,"RS","Rio Grande do Sul",43,"Itatiba do Sul",430026,"Erechim",4306,"Passo Fundo"
431075,4310751,"RS","Rio Grande do Sul",43,"Ivorá",430011,"Santa Maria",4303,"Santa Maria"
431080,4310801,"RS","Rio Grande do Sul",43,"Ivoti",430002,"Novo Hamburgo - São Leopoldo",4301,"Porto Alegre"
431085,4310850,"RS","Rio Grande do Sul",43,"Jaboticaba",430029,"Frederico Westphalen",4306,"Passo Fundo"
431087,4310876,"RS","Rio Grande do Sul",43,"Jacuizinho",430027,"Cruz Alta",4306,"Passo Fundo"
431090,4310900,"RS","Rio Grande do Sul",43,"Jacutinga",430026,"Erechim",4306,"Passo Fundo"
431100,4311007,"RS","Rio Grande do Sul",43,"Jaguarão",430009,"Pelotas",4302,"Pelotas"
431110,4311106,"RS","Rio Grande do Sul",43,"Jaguari",430011,"Santa Maria",4303,"Santa Maria"
431112,4311122,"RS","Rio Grande do Sul",43,"Jaquirana",430039,"Vacaria",4307,"Caxias do Sul"
431113,4311130,"RS","Rio Grande do Sul",43,"Jari",430011,"Santa Maria",4303,"Santa Maria"
431115,4311155,"RS","Rio Grande do Sul",43,"Jóia",430018,"Ijuí",4305,"Ijuí"
431120,4311205,"RS","Rio Grande do Sul",43,"Júlio de Castilhos",430011,"Santa Maria",4303,"Santa Maria"
431123,4311239,"RS","Rio Grande do Sul",43,"Lagoa Bonita do Sul",430042,"Sobradinho",4308,"Santa Cruz do Sul - Lajeado"
431125,4311254,"RS","Rio Grande do Sul",43,"Lagoão",430042,"Sobradinho",4308,"Santa Cruz do Sul - Lajeado"
431127,4311270,"RS","Rio Grande do Sul",43,"Lagoa dos Três Cantos",430025,"Passo Fundo",4306,"Passo Fundo"
431130,4311304,"RS","Rio Grande do Sul",43,"Lagoa Vermelha",430033,"Lagoa Vermelha",4306,"Passo Fundo"
431140,4311403,"RS","Rio Grande do Sul",43,"Lajeado",430041,"Lajeado",4308,"Santa Cruz do Sul - Lajeado"
431142,4311429,"RS","Rio Grande do Sul",43,"Lajeado do Bugre",430034,"Palmeira das Missões",4306,"Passo Fundo"
431150,4311502,"RS","Rio Grande do Sul",43,"Lavras do Sul",430012,"São Gabriel - Caçapava do Sul",4303,"Santa Maria"
431160,4311601,"RS","Rio Grande do Sul",43,"Liberato Salzano",430029,"Frederico Westphalen",4306,"Passo Fundo"
431162,4311627,"RS","Rio Grande do Sul",43,"Lindolfo Collor",430002,"Novo Hamburgo - São Leopoldo",4301,"Porto Alegre"
431164,4311643,"RS","Rio Grande do Sul",43,"Linha Nova",430002,"Novo Hamburgo - São Leopoldo",4301,"Porto Alegre"
431170,4311700,"RS","Rio Grande do Sul",43,"Machadinho",430033,"Lagoa Vermelha",4306,"Passo Fundo"
431171,4311718,"RS","Rio Grande do Sul",43,"Maçambará",430017,"São Borja",4304,"Uruguaiana"
431173,4311734,"RS","Rio Grande do Sul",43,"Mampituba",430008,"Torres",4301,"Porto Alegre"
431175,4311759,"RS","Rio Grande do Sul",43,"Manoel Viana",430015,"Uruguaiana",4304,"Uruguaiana"
431177,4311775,"RS","Rio Grande do Sul",43,"Maquiné",430003,"Tramandaí - Osório",4301,"Porto Alegre"
431179,4311791,"RS","Rio Grande do Sul",43,"Maratá",430007,"Montenegro",4301,"Porto Alegre"
431180,4311809,"RS","Rio Grande do Sul",43,"Marau",430030,"Marau",4306,"Passo Fundo"
431190,4311908,"RS","Rio Grande do Sul",43,"Marcelino Ramos",430026,"Erechim",4306,"Passo Fundo"
431198,4311981,"RS","Rio Grande do Sul",43,"Mariana Pimentel",430001,"Porto Alegre",4301,"Porto Alegre"
431200,4312005,"RS","Rio Grande do Sul",43,"Mariano Moro",430026,"Erechim",4306,"Passo Fundo"
431205,4312054,"RS","Rio Grande do Sul",43,"Marques de Souza",430041,"Lajeado",4308,"Santa Cruz do Sul - Lajeado"
431210,4312104,"RS","Rio Grande do Sul",43,"Mata",430011,"Santa Maria",4303,"Santa Maria"
431213,4312138,"RS","Rio Grande do Sul",43,"Mato Castelhano",430025,"Passo Fundo",4306,"Passo Fundo"
431215,4312153,"RS","Rio Grande do Sul",43,"Mato Leitão",430040,"Santa Cruz do Sul",4308,"Santa Cruz do Sul - Lajeado"
431217,4312179,"RS","Rio Grande do Sul",43,"Mato Queimado",430024,"Cerro Largo",4305,"Ijuí"
431220,4312203,"RS","Rio Grande do Sul",43,"Maximiliano de Almeida",430032,"Tapejara - Sananduva",4306,"Passo Fundo"
431225,4312252,"RS","Rio Grande do Sul",43,"Minas do Leão",430006,"Charqueadas - Triunfo - São Jerônimo",4301,"Porto Alegre"
431230,4312302,"RS","Rio Grande do Sul",43,"Miraguaí",430021,"Três Passos",4305,"Ijuí"
431235,4312351,"RS","Rio Grande do Sul",43,"Montauri",430038,"Nova Prata - Guaporé",4307,"Caxias do Sul"
431237,4312377,"RS","Rio Grande do Sul",43,"Monte Alegre dos Campos",430039,"Vacaria",4307,"Caxias do Sul"
431238,4312385,"RS","Rio Grande do Sul",43,"Monte Belo do Sul",430037,"Bento Gonçalves",4307,"Caxias do Sul"
431240,4312401,"RS","Rio Grande do Sul",43,"Montenegro",430007,"Montenegro",4301,"Porto Alegre"
431242,4312427,"RS","Rio Grande do Sul",43,"Mormaço",430031,"Soledade",4306,"Passo Fundo"
431244,4312443,"RS","Rio Grande do Sul",43,"Morrinhos do Sul",430008,"Torres",4301,"Porto Alegre"
431245,4312450,"RS","Rio Grande do Sul",43,"Morro Redondo",430009,"Pelotas",4302,"Pelotas"
431247,4312476,"RS","Rio Grande do Sul",43,"Morro Reuter",430002,"Novo Hamburgo - São Leopoldo",4301,"Porto Alegre"
431250,4312500,"RS","Rio Grande do Sul",43,"Mostardas",430001,"Porto Alegre",4301,"Porto Alegre"
431260,4312609,"RS","Rio Grande do Sul",43,"Muçum",430043,"Encantado",4308,"Santa Cruz do Sul - Lajeado"
431261,4312617,"RS","Rio Grande do Sul",43,"Muitos Capões",430039,"Vacaria",4307,"Caxias do Sul"
431262,4312625,"RS","Rio Grande do Sul",43,"Muliterno",430030,"Marau",4306,"Passo Fundo"
431265,4312658,"RS","Rio Grande do Sul",43,"Não-Me-Toque",430028,"Carazinho",4306,"Passo Fundo"
431267,4312674,"RS","Rio Grande do Sul",43,"Nicolau Vergueiro",430025,"Passo Fundo",4306,"Passo Fundo"
431270,4312708,"RS","Rio Grande do Sul",43,"Nonoai",430035,"Nonoai",4306,"Passo Fundo"
431275,4312757,"RS","Rio Grande do Sul",43,"Nova Alvorada",430030,"Marau",4306,"Passo Fundo"
431280,4312807,"RS","Rio Grande do Sul",43,"Nova Araçá",430038,"Nova Prata - Guaporé",4307,"Caxias do Sul"
431290,4312906,"RS","Rio Grande do Sul",43,"Nova Bassano",430038,"Nova Prata - Guaporé",4307,"Caxias do Sul"
431295,4312955,"RS","Rio Grande do Sul",43,"Nova Boa Vista",430028,"Carazinho",4306,"Passo Fundo"
431300,4313003,"RS","Rio Grande do Sul",43,"Nova Bréscia",430043,"Encantado",4308,"Santa Cruz do Sul - Lajeado"
431301,4313011,"RS","Rio Grande do Sul",43,"Nova Candelária",430023,"Três de Maio",4305,"Ijuí"
431303,4313037,"RS","Rio Grande do Sul",43,"Nova Esperança do Sul",430014,"Santiago",4303,"Santa Maria"
431306,4313060,"RS","Rio Grande do Sul",43,"Nova Hartz",430002,"Novo Hamburgo - São Leopoldo",4301,"Porto Alegre"
431308,4313086,"RS","Rio Grande do Sul",43,"Nova Pádua",430036,"Caxias do Sul",4307,"Caxias do Sul"
431310,4313102,"RS","Rio Grande do Sul",43,"Nova Palma",430011,"Santa Maria",4303,"Santa Maria"
431320,4313201,"RS","Rio Grande do Sul",43,"Nova Petrópolis",430036,"Caxias do Sul",4307,"Caxias do Sul"
431330,4313300,"RS","Rio Grande do Sul",43,"Nova Prata",430038,"Nova Prata - Guaporé",4307,"Caxias do Sul"
431333,4313334,"RS","Rio Grande do Sul",43,"Nova Ramada",430018,"Ijuí",4305,"Ijuí"
431335,4313359,"RS","Rio Grande do Sul",43,"Nova Roma do Sul",430036,"Caxias do Sul",4307,"Caxias do Sul"
431337,4313375,"RS","Rio Grande do Sul",43,"Nova Santa Rita",430001,"Porto Alegre",4301,"Porto Alegre"
431339,4313391,"RS","Rio Grande do Sul",43,"Novo Cabrais",430013,"Cachoeira do Sul",4303,"Santa Maria"
431340,4313409,"RS","Rio Grande do Sul",43,"Novo Hamburgo",430002,"Novo Hamburgo - São Leopoldo",4301,"Porto Alegre"
431342,4313425,"RS","Rio Grande do Sul",43,"Novo Machado",430019,"Santa Rosa",4305,"Ijuí"
431344,4313441,"RS","Rio Grande do Sul",43,"Novo Tiradentes",430029,"Frederico Westphalen",4306,"Passo Fundo"
431346,4313466,"RS","Rio Grande do Sul",43,"Novo Xingu",430028,"Carazinho",4306,"Passo Fundo"
431349,4313490,"RS","Rio Grande do Sul",43,"Novo Barreiro",430034,"Palmeira das Missões",4306,"Passo Fundo"
431350,4313508,"RS","Rio Grande do Sul",43,"Osório",430003,"Tramandaí - Osório",4301,"Porto Alegre"
431360,4313607,"RS","Rio Grande do Sul",43,"Paim Filho",430032,"Tapejara - Sananduva",4306,"Passo Fundo"
431365,4313656,"RS","Rio Grande do Sul",43,"Palmares do Sul",430001,"Porto Alegre",4301,"Porto Alegre"
431370,4313706,"RS","Rio Grande do Sul",43,"Palmeira das Missões",430034,"Palmeira das Missões",4306,"Passo Fundo"
431380,4313805,"RS","Rio Grande do Sul",43,"Palmitinho",430029,"Frederico Westphalen",4306,"Passo Fundo"
431390,4313904,"RS","Rio Grande do Sul",43,"Panambi",430018,"Ijuí",4305,"Ijuí"
431395,4313953,"RS","Rio Grande do Sul",43,"Pantano Grande",430040,"Santa Cruz do Sul",4308,"Santa Cruz do Sul - Lajeado"
431400,4314001,"RS","Rio Grande do Sul",43,"Paraí",430038,"Nova Prata - Guaporé",4307,"Caxias do Sul"
431402,4314027,"RS","Rio Grande do Sul",43,"Paraíso do Sul",430013,"Cachoeira do Sul",4303,"Santa Maria"
431403,4314035,"RS","Rio Grande do Sul",43,"Pareci Novo",430007,"Montenegro",4301,"Porto Alegre"
431405,4314050,"RS","Rio Grande do Sul",43,"Parobé",430004,"Taquara - Parobé - Igrejinha",4301,"Porto Alegre"
431406,4314068,"RS","Rio Grande do Sul",43,"Passa Sete",430042,"Sobradinho",4308,"Santa Cruz do Sul - Lajeado"
431407,4314076,"RS","Rio Grande do Sul",43,"Passo do Sobrado",430040,"Santa Cruz do Sul",4308,"Santa Cruz do Sul - Lajeado"
431410,4314100,"RS","Rio Grande do Sul",43,"Passo Fundo",430025,"Passo Fundo",4306,"Passo Fundo"
431413,4314134,"RS","Rio Grande do Sul",43,"Paulo Bento",430026,"Erechim",4306,"Passo Fundo"
431415,4314159,"RS","Rio Grande do Sul",43,"Paverama",430041,"Lajeado",4308,"Santa Cruz do Sul - Lajeado"
431417,4314175,"RS","Rio Grande do Sul",43,"Pedras Altas",430010,"Bagé",4302,"Pelotas"
431420,4314209,"RS","Rio Grande do Sul",43,"Pedro Osório",430009,"Pelotas",4302,"Pelotas"
431430,4314308,"RS","Rio Grande do Sul",43,"Pejuçara",430018,"Ijuí",4305,"Ijuí"
431440,4314407,"RS","Rio Grande do Sul",43,"Pelotas",430009,"Pelotas",4302,"Pelotas"
431442,4314423,"RS","Rio Grande do Sul",43,"Picada Café",430036,"Caxias do Sul",4307,"Caxias do Sul"
431445,4314456,"RS","Rio Grande do Sul",43,"Pinhal",430029,"Frederico Westphalen",4306,"Passo Fundo"
431446,4314464,"RS","Rio Grande do Sul",43,"Pinhal da Serra",430039,"Vacaria",4307,"Caxias do Sul"
431447,4314472,"RS","Rio Grande do Sul",43,"Pinhal Grande",430011,"Santa Maria",4303,"Santa Maria"
431449,4314498,"RS","Rio Grande do Sul",43,"Pinheirinho do Vale",430029,"Frederico Westphalen",4306,"Passo Fundo"
431450,4314506,"RS","Rio Grande do Sul",43,"Pinheiro Machado",430010,"Bagé",4302,"Pelotas"
431455,4314555,"RS","Rio Grande do Sul",43,"Pirapó",430022,"São Luiz Gonzaga",4305,"Ijuí"
431460,4314605,"RS","Rio Grande do Sul",43,"Piratini",430009,"Pelotas",4302,"Pelotas"
431470,4314704,"RS","Rio Grande do Sul",43,"Planalto",430035,"Nonoai",4306,"Passo Fundo"
431475,4314753,"RS","Rio Grande do Sul",43,"Poço das Antas",430041,"Lajeado",4308,"Santa Cruz do Sul - Lajeado"
431477,4314779,"RS","Rio Grande do Sul",43,"Pontão",430025,"Passo Fundo",4306,"Passo Fundo"
431478,4314787,"RS","Rio Grande do Sul",43,"Ponte Preta",430026,"Erechim",4306,"Passo Fundo"
431480,4314803,"RS","Rio Grande do Sul",43,"Portão",430002,"Novo Hamburgo - São Leopoldo",4301,"Porto Alegre"
431490,4314902,"RS","Rio Grande do Sul",43,"Porto Alegre",430001,"Porto Alegre",4301,"Porto Alegre"
431500,4315008,"RS","Rio Grande do Sul",43,"Porto Lucena",430019,"Santa Rosa",4305,"Ijuí"
431505,4315057,"RS","Rio Grande do Sul",43,"Porto Mauá",430019,"Santa Rosa",4305,"Ijuí"
431507,4315073,"RS","Rio Grande do Sul",43,"Porto Vera Cruz",430019,"Santa Rosa",4305,"Ijuí"
431510,4315107,"RS","Rio Grande do Sul",43,"Porto Xavier",430024,"Cerro Largo",4305,"Ijuí"
431513,4315131,"RS","Rio Grande do Sul",43,"Pouso Novo",430041,"Lajeado",4308,"Santa Cruz do Sul - Lajeado"
431514,4315149,"RS","Rio Grande do Sul",43,"Presidente Lucena",430002,"Novo Hamburgo - São Leopoldo",4301,"Porto Alegre"
431515,4315156,"RS","Rio Grande do Sul",43,"Progresso",430041,"Lajeado",4308,"Santa Cruz do Sul - Lajeado"
431517,4315172,"RS","Rio Grande do Sul",43,"Protásio Alves",430038,"Nova Prata - Guaporé",4307,"Caxias do Sul"
431520,4315206,"RS","Rio Grande do Sul",43,"Putinga",430043,"Encantado",4308,"Santa Cruz do Sul - Lajeado"
431530,4315305,"RS","Rio Grande do Sul",43,"Quaraí",430016,"Santana do Livramento",4304,"Uruguaiana"
431531,4315313,"RS","Rio Grande do Sul",43,"Quatro Irmãos",430026,"Erechim",4306,"Passo Fundo"
431532,4315321,"RS","Rio Grande do Sul",43,"Quevedos",430011,"Santa Maria",4303,"Santa Maria"
431535,4315354,"RS","Rio Grande do Sul",43,"Quinze de Novembro",430027,"Cruz Alta",4306,"Passo Fundo"
431540,4315404,"RS","Rio Grande do Sul",43,"Redentora",430021,"Três Passos",4305,"Ijuí"
431545,4315453,"RS","Rio Grande do Sul",43,"Relvado",430043,"Encantado",4308,"Santa Cruz do Sul - Lajeado"
431550,4315503,"RS","Rio Grande do Sul",43,"Restinga Sêca",430011,"Santa Maria",4303,"Santa Maria"
431555,4315552,"RS","Rio Grande do Sul",43,"Rio dos Índios",430035,"Nonoai",4306,"Passo Fundo"
431560,4315602,"RS","Rio Grande do Sul",43,"Rio Grande",430009,"Pelotas",4302,"Pelotas"
431570,4315701,"RS","Rio Grande do Sul",43,"Rio Pardo",430040,"Santa Cruz do Sul",4308,"Santa Cruz do Sul - Lajeado"
431575,4315750,"RS","Rio Grande do Sul",43,"Riozinho",430004,"Taquara - Parobé - Igrejinha",4301,"Porto Alegre"
431580,4315800,"RS","Rio Grande do Sul",43,"Roca Sales",430043,"Encantado",4308,"Santa Cruz do Sul - Lajeado"
431590,4315909,"RS","Rio Grande do Sul",43,"Rodeio Bonito",430029,"Frederico Westphalen",4306,"Passo Fundo"
431595,4315958,"RS","Rio Grande do Sul",43,"Rolador",430022,"São Luiz Gonzaga",4305,"Ijuí"
431600,4316006,"RS","Rio Grande do Sul",43,"Rolante",430004,"Taquara - Parobé - Igrejinha",4301,"Porto Alegre"
431610,4316105,"RS","Rio Grande do Sul",43,"Ronda Alta",430025,"Passo Fundo",4306,"Passo Fundo"
431620,4316204,"RS","Rio Grande do Sul",43,"Rondinha",430028,"Carazinho",4306,"Passo Fundo"
431630,4316303,"RS","Rio Grande do Sul",43,"Roque Gonzales",430024,"Cerro Largo",4305,"Ijuí"
431640,4316402,"RS","Rio Grande do Sul",43,"Rosário do Sul",430016,"Santana do Livramento",4304,"Uruguaiana"
431642,4316428,"RS","Rio Grande do Sul",43,"Sagrada Família",430034,"Palmeira das Missões",4306,"Passo Fundo"
431643,4316436,"RS","Rio Grande do Sul",43,"Saldanha Marinho",430028,"Carazinho",4306,"Passo Fundo"
431645,4316451,"RS","Rio Grande do Sul",43,"Salto do Jacuí",430027,"Cruz Alta",4306,"Passo Fundo"
431647,4316477,"RS","Rio Grande do Sul",43,"Salvador das Missões",430024,"Cerro Largo",4305,"Ijuí"
431650,4316501,"RS","Rio Grande do Sul",43,"Salvador do Sul",430007,"Montenegro",4301,"Porto Alegre"
431660,4316600,"RS","Rio Grande do Sul",43,"Sananduva",430032,"Tapejara - Sananduva",4306,"Passo Fundo"
431670,4316709,"RS","Rio Grande do Sul",43,"Santa Bárbara do Sul",430027,"Cruz Alta",4306,"Passo Fundo"
431673,4316733,"RS","Rio Grande do Sul",43,"Santa Cecília do Sul",430032,"Tapejara - Sananduva",4306,"Passo Fundo"
431675,4316758,"RS","Rio Grande do Sul",43,"Santa Clara do Sul",430041,"Lajeado",4308,"Santa Cruz do Sul - Lajeado"
431680,4316808,"RS","Rio Grande do Sul",43,"Santa Cruz do Sul",430040,"Santa Cruz do Sul",4308,"Santa Cruz do Sul - Lajeado"
431690,4316907,"RS","Rio Grande do Sul",43,"Santa Maria",430011,"Santa Maria",4303,"Santa Maria"
431695,4316956,"RS","Rio Grande do Sul",43,"Santa Maria do Herval",430002,"Novo Hamburgo - São Leopoldo",4301,"Porto Alegre"
431697,4316972,"RS","Rio Grande do Sul",43,"Santa Margarida do Sul",430012,"São Gabriel - Caçapava do Sul",4303,"Santa Maria"
431700,4317004,"RS","Rio Grande do Sul",43,"Santana da Boa Vista",430012,"São Gabriel - Caçapava do Sul",4303,"Santa Maria"
431710,4317103,"RS","Rio Grande do Sul",43,"Sant'Ana do Livramento",430016,"Santana do Livramento",4304,"Uruguaiana"
431720,4317202,"RS","Rio Grande do Sul",43,"Santa Rosa",430019,"Santa Rosa",4305,"Ijuí"
431725,4317251,"RS","Rio Grande do Sul",43,"Santa Tereza",430037,"Bento Gonçalves",4307,"Caxias do Sul"
431730,4317301,"RS","Rio Grande do Sul",43,"Santa Vitória do Palmar",430009,"Pelotas",4302,"Pelotas"
431740,4317400,"RS","Rio Grande do Sul",43,"Santiago",430014,"Santiago",4303,"Santa Maria"
431750,4317509,"RS","Rio Grande do Sul",43,"Santo Ângelo",430020,"Santo Ângelo",4305,"Ijuí"
431755,4317558,"RS","Rio Grande do Sul",43,"Santo Antônio do Palma",430030,"Marau",4306,"Passo Fundo"
431760,4317608,"RS","Rio Grande do Sul",43,"Santo Antônio da Patrulha",430001,"Porto Alegre",4301,"Porto Alegre"
431770,4317707,"RS","Rio Grande do Sul",43,"Santo Antônio das Missões",430022,"São Luiz Gonzaga",4305,"Ijuí"
431775,4317756,"RS","Rio Grande do Sul",43,"Santo Antônio do Planalto",430028,"Carazinho",4306,"Passo Fundo"
431780,4317806,"RS","Rio Grande do Sul",43,"Santo Augusto",430018,"Ijuí",4305,"Ijuí"
431790,4317905,"RS","Rio Grande do Sul",43,"Santo Cristo",430019,"Santa Rosa",4305,"Ijuí"
431795,4317954,"RS","Rio Grande do Sul",43,"Santo Expedito do Sul",430032,"Tapejara - Sananduva",4306,"Passo Fundo"
431800,4318002,"RS","Rio Grande do Sul",43,"São Borja",430017,"São Borja",4304,"Uruguaiana"
431805,4318051,"RS","Rio Grande do Sul",43,"São Domingos do Sul",430030,"Marau",4306,"Passo Fundo"
431810,4318101,"RS","Rio Grande do Sul",43,"São Francisco de Assis",430011,"Santa Maria",4303,"Santa Maria"
431820,4318200,"RS","Rio Grande do Sul",43,"São Francisco de Paula",430036,"Caxias do Sul",4307,"Caxias do Sul"
431830,4318309,"RS","Rio Grande do Sul",43,"São Gabriel",430012,"São Gabriel - Caçapava do Sul",4303,"Santa Maria"
431840,4318408,"RS","Rio Grande do Sul",43,"São Jerônimo",430006,"Charqueadas - Triunfo - São Jerônimo",4301,"Porto Alegre"
431842,4318424,"RS","Rio Grande do Sul",43,"São João da Urtiga",430032,"Tapejara - Sananduva",4306,"Passo Fundo"
431843,4318432,"RS","Rio Grande do Sul",43,"São João do Polêsine",430011,"Santa Maria",4303,"Santa Maria"
431844,4318440,"RS","Rio Grande do Sul",43,"São Jorge",430038,"Nova Prata - Guaporé",4307,"Caxias do Sul"
431845,4318457,"RS","Rio Grande do Sul",43,"São José das Missões",430034,"Palmeira das Missões",4306,"Passo Fundo"
431846,4318465,"RS","Rio Grande do Sul",43,"São José do Herval",430031,"Soledade",4306,"Passo Fundo"
431848,4318481,"RS","Rio Grande do Sul",43,"São José do Hortêncio",430002,"Novo Hamburgo - São Leopoldo",4301,"Porto Alegre"
431849,4318499,"RS","Rio Grande do Sul",43,"São José do Inhacorá",430023,"Três de Maio",4305,"Ijuí"
431850,4318507,"RS","Rio Grande do Sul",43,"São José do Norte",430009,"Pelotas",4302,"Pelotas"
431860,4318606,"RS","Rio Grande do Sul",43,"São José do Ouro",430033,"Lagoa Vermelha",4306,"Passo Fundo"
431861,4318614,"RS","Rio Grande do Sul",43,"São José do Sul",430007,"Montenegro",4301,"Porto Alegre"
431862,4318622,"RS","Rio Grande do Sul",43,"São José dos Ausentes",430039,"Vacaria",4307,"Caxias do Sul"
431870,4318705,"RS","Rio Grande do Sul",43,"São Leopoldo",430002,"Novo Hamburgo - São Leopoldo",4301,"Porto Alegre"
431880,4318804,"RS","Rio Grande do Sul",43,"São Lourenço do Sul",430009,"Pelotas",4302,"Pelotas"
431890,4318903,"RS","Rio Grande do Sul",43,"São Luiz Gonzaga",430022,"São Luiz Gonzaga",4305,"Ijuí"
431900,4319000,"RS","Rio Grande do Sul",43,"São Marcos",430036,"Caxias do Sul",4307,"Caxias do Sul"
431910,4319109,"RS","Rio Grande do Sul",43,"São Martinho",430021,"Três Passos",4305,"Ijuí"
431912,4319125,"RS","Rio Grande do Sul",43,"São Martinho da Serra",430011,"Santa Maria",4303,"Santa Maria"
431915,4319158,"RS","Rio Grande do Sul",43,"São Miguel das Missões",430020,"Santo Ângelo",4305,"Ijuí"
431920,4319208,"RS","Rio Grande do Sul",43,"São Nicolau",430022,"São Luiz Gonzaga",4305,"Ijuí"
431930,4319307,"RS","Rio Grande do Sul",43,"São Paulo das Missões",430024,"Cerro Largo",4305,"Ijuí"
431935,4319356,"RS","Rio Grande do Sul",43,"São Pedro da Serra",430007,"Montenegro",4301,"Porto Alegre"
431936,4319364,"RS","Rio Grande do Sul",43,"São Pedro das Missões",430034,"Palmeira das Missões",4306,"Passo Fundo"
431937,4319372,"RS","Rio Grande do Sul",43,"São Pedro do Butiá",430024,"Cerro Largo",4305,"Ijuí"
431940,4319406,"RS","Rio Grande do Sul",43,"São Pedro do Sul",430011,"Santa Maria",4303,"Santa Maria"
431950,4319505,"RS","Rio Grande do Sul",43,"São Sebastião do Caí",430002,"Novo Hamburgo - São Leopoldo",4301,"Porto Alegre"
431960,4319604,"RS","Rio Grande do Sul",43,"São Sepé",430011,"Santa Maria",4303,"Santa Maria"
431970,4319703,"RS","Rio Grande do Sul",43,"São Valentim",430026,"Erechim",4306,"Passo Fundo"
431971,4319711,"RS","Rio Grande do Sul",43,"São Valentim do Sul",430037,"Bento Gonçalves",4307,"Caxias do Sul"
431973,4319737,"RS","Rio Grande do Sul",43,"São Valério do Sul",430018,"Ijuí",4305,"Ijuí"
431975,4319752,"RS","Rio Grande do Sul",43,"São Vendelino",430002,"Novo Hamburgo - São Leopoldo",4301,"Porto Alegre"
431980,4319802,"RS","Rio Grande do Sul",43,"São Vicente do Sul",430011,"Santa Maria",4303,"Santa Maria"
431990,4319901,"RS","Rio Grande do Sul",43,"Sapiranga",430002,"Novo Hamburgo - São Leopoldo",4301,"Porto Alegre"
432000,4320008,"RS","Rio Grande do Sul",43,"Sapucaia do Sul",430001,"Porto Alegre",4301,"Porto Alegre"
432010,4320107,"RS","Rio Grande do Sul",43,"Sarandi",430028,"Carazinho",4306,"Passo Fundo"
432020,4320206,"RS","Rio Grande do Sul",43,"Seberi",430029,"Frederico Westphalen",4306,"Passo Fundo"
432023,4320230,"RS","Rio Grande do Sul",43,"Sede Nova",430021,"Três Passos",4305,"Ijuí"
432026,4320263,"RS","Rio Grande do Sul",43,"Segredo",430042,"Sobradinho",4308,"Santa Cruz do Sul - Lajeado"
432030,4320305,"RS","Rio Grande do Sul",43,"Selbach",430027,"Cruz Alta",4306,"Passo Fundo"
432032,4320321,"RS","Rio Grande do Sul",43,"Senador Salgado Filho",430019,"Santa Rosa",4305,"Ijuí"
432035,4320354,"RS","Rio Grande do Sul",43,"Sentinela do Sul",430005,"Camaquã",4301,"Porto Alegre"
432040,4320404,"RS","Rio Grande do Sul",43,"Serafina Corrêa",430038,"Nova Prata - Guaporé",4307,"Caxias do Sul"
432045,4320453,"RS","Rio Grande do Sul",43,"Sério",430041,"Lajeado",4308,"Santa Cruz do Sul - Lajeado"
432050,4320503,"RS","Rio Grande do Sul",43,"Sertão",430025,"Passo Fundo",4306,"Passo Fundo"
432055,4320552,"RS","Rio Grande do Sul",43,"Sertão Santana",430001,"Porto Alegre",4301,"Porto Alegre"
432057,4320578,"RS","Rio Grande do Sul",43,"Sete de Setembro",430020,"Santo Ângelo",4305,"Ijuí"
432060,4320602,"RS","Rio Grande do Sul",43,"Severiano de Almeida",430026,"Erechim",4306,"Passo Fundo"
432065,4320651,"RS","Rio Grande do Sul",43,"Silveira Martins",430011,"Santa Maria",4303,"Santa Maria"
432067,4320677,"RS","Rio Grande do Sul",43,"Sinimbu",430040,"Santa Cruz do Sul",4308,"Santa Cruz do Sul - Lajeado"
432070,4320701,"RS","Rio Grande do Sul",43,"Sobradinho",430042,"Sobradinho",4308,"Santa Cruz do Sul - Lajeado"
432080,4320800,"RS","Rio Grande do Sul",43,"Soledade",430031,"Soledade",4306,"Passo Fundo"
432085,4320859,"RS","Rio Grande do Sul",43,"Tabaí",430041,"Lajeado",4308,"Santa Cruz do Sul - Lajeado"
432090,4320909,"RS","Rio Grande do Sul",43,"Tapejara",430032,"Tapejara - Sananduva",4306,"Passo Fundo"
432100,4321006,"RS","Rio Grande do Sul",43,"Tapera",430025,"Passo Fundo",4306,"Passo Fundo"
432110,4321105,"RS","Rio Grande do Sul",43,"Tapes",430005,"Camaquã",4301,"Porto Alegre"
432120,4321204,"RS","Rio Grande do Sul",43,"Taquara",430004,"Taquara - Parobé - Igrejinha",4301,"Porto Alegre"
432130,4321303,"RS","Rio Grande do Sul",43,"Taquari",430041,"Lajeado",4308,"Santa Cruz do Sul - Lajeado"
432132,4321329,"RS","Rio Grande do Sul",43,"Taquaruçu do Sul",430029,"Frederico Westphalen",4306,"Passo Fundo"
432135,4321352,"RS","Rio Grande do Sul",43,"Tavares",430001,"Porto Alegre",4301,"Porto Alegre"
432140,4321402,"RS","Rio Grande do Sul",43,"Tenente Portela",430021,"Três Passos",4305,"Ijuí"
432143,4321436,"RS","Rio Grande do Sul",43,"Terra de Areia",430003,"Tramandaí - Osório",4301,"Porto Alegre"
432145,4321451,"RS","Rio Grande do Sul",43,"Teutônia",430041,"Lajeado",4308,"Santa Cruz do Sul - Lajeado"
432146,4321469,"RS","Rio Grande do Sul",43,"Tio Hugo",430025,"Passo Fundo",4306,"Passo Fundo"
432147,4321477,"RS","Rio Grande do Sul",43,"Tiradentes do Sul",430021,"Três Passos",4305,"Ijuí"
432149,4321493,"RS","Rio Grande do Sul",43,"Toropi",430011,"Santa Maria",4303,"Santa Maria"
432150,4321501,"RS","Rio Grande do Sul",43,"Torres",430008,"Torres",4301,"Porto Alegre"
432160,4321600,"RS","Rio Grande do Sul",43,"Tramandaí",430003,"Tramandaí - Osório",4301,"Porto Alegre"
432162,4321626,"RS","Rio Grande do Sul",43,"Travesseiro",430041,"Lajeado",4308,"Santa Cruz do Sul - Lajeado"
432163,4321634,"RS","Rio Grande do Sul",43,"Três Arroios",430026,"Erechim",4306,"Passo Fundo"
432166,4321667,"RS","Rio Grande do Sul",43,"Três Cachoeiras",430008,"Torres",4301,"Porto Alegre"
432170,4321709,"RS","Rio Grande do Sul",43,"Três Coroas",430004,"Taquara - Parobé - Igrejinha",4301,"Porto Alegre"
432180,4321808,"RS","Rio Grande do Sul",43,"Três de Maio",430023,"Três de Maio",4305,"Ijuí"
432183,4321832,"RS","Rio Grande do Sul",43,"Três Forquilhas",430008,"Torres",4301,"Porto Alegre"
432185,4321857,"RS","Rio Grande do Sul",43,"Três Palmeiras",430025,"Passo Fundo",4306,"Passo Fundo"
432190,4321907,"RS","Rio Grande do Sul",43,"Três Passos",430021,"Três Passos",4305,"Ijuí"
432195,4321956,"RS","Rio Grande do Sul",43,"Trindade do Sul",430035,"Nonoai",4306,"Passo Fundo"
432200,4322004,"RS","Rio Grande do Sul",43,"Triunfo",430006,"Charqueadas - Triunfo - São Jerônimo",4301,"Porto Alegre"
432210,4322103,"RS","Rio Grande do Sul",43,"Tucunduva",430019,"Santa Rosa",4305,"Ijuí"
432215,4322152,"RS","Rio Grande do Sul",43,"Tunas",430042,"Sobradinho",4308,"Santa Cruz do Sul - Lajeado"
432218,4322186,"RS","Rio Grande do Sul",43,"Tupanci do Sul",430033,"Lagoa Vermelha",4306,"Passo Fundo"
432220,4322202,"RS","Rio Grande do Sul",43,"Tupanciretã",430027,"Cruz Alta",4306,"Passo Fundo"
432225,4322251,"RS","Rio Grande do Sul",43,"Tupandi",430002,"Novo Hamburgo - São Leopoldo",4301,"Porto Alegre"
432230,4322301,"RS","Rio Grande do Sul",43,"Tuparendi",430019,"Santa Rosa",4305,"Ijuí"
432232,4322327,"RS","Rio Grande do Sul",43,"Turuçu",430009,"Pelotas",4302,"Pelotas"
432234,4322343,"RS","Rio Grande do Sul",43,"Ubiretama",430024,"Cerro Largo",4305,"Ijuí"
432235,4322350,"RS","Rio Grande do Sul",43,"União da Serra",430038,"Nova Prata - Guaporé",4307,"Caxias do Sul"
432237,4322376,"RS","Rio Grande do Sul",43,"Unistalda",430014,"Santiago",4303,"Santa Maria"
432240,4322400,"RS","Rio Grande do Sul",43,"Uruguaiana",430015,"Uruguaiana",4304,"Uruguaiana"
432250,4322509,"RS","Rio Grande do Sul",43,"Vacaria",430039,"Vacaria",4307,"Caxias do Sul"
432252,4322525,"RS","Rio Grande do Sul",43,"Vale Verde",430040,"Santa Cruz do Sul",4308,"Santa Cruz do Sul - Lajeado"
432253,4322533,"RS","Rio Grande do Sul",43,"Vale do Sol",430040,"Santa Cruz do Sul",4308,"Santa Cruz do Sul - Lajeado"
432254,4322541,"RS","Rio Grande do Sul",43,"Vale Real",430036,"Caxias do Sul",4307,"Caxias do Sul"
432255,4322558,"RS","Rio Grande do Sul",43,"Vanini",430030,"Marau",4306,"Passo Fundo"
432260,4322608,"RS","Rio Grande do Sul",43,"Venâncio Aires",430040,"Santa Cruz do Sul",4308,"Santa Cruz do Sul - Lajeado"
432270,4322707,"RS","Rio Grande do Sul",43,"Vera Cruz",430040,"Santa Cruz do Sul",4308,"Santa Cruz do Sul - Lajeado"
432280,4322806,"RS","Rio Grande do Sul",43,"Veranópolis",430037,"Bento Gonçalves",4307,"Caxias do Sul"
432285,4322855,"RS","Rio Grande do Sul",43,"Vespasiano Corrêa",430043,"Encantado",4308,"Santa Cruz do Sul - Lajeado"
432290,4322905,"RS","Rio Grande do Sul",43,"Viadutos",430026,"Erechim",4306,"Passo Fundo"
432300,4323002,"RS","Rio Grande do Sul",43,"Viamão",430001,"Porto Alegre",4301,"Porto Alegre"
432310,4323101,"RS","Rio Grande do Sul",43,"Vicente Dutra",430029,"Frederico Westphalen",4306,"Passo Fundo"
432320,4323200,"RS","Rio Grande do Sul",43,"Victor Graeff",430025,"Passo Fundo",4306,"Passo Fundo"
432330,4323309,"RS","Rio Grande do Sul",43,"Vila Flores",430037,"Bento Gonçalves",4307,"Caxias do Sul"
432335,4323358,"RS","Rio Grande do Sul",43,"Vila Lângaro",430032,"Tapejara - Sananduva",4306,"Passo Fundo"
432340,4323408,"RS","Rio Grande do Sul",43,"Vila Maria",430030,"Marau",4306,"Passo Fundo"
432345,4323457,"RS","Rio Grande do Sul",43,"Vila Nova do Sul",430012,"São Gabriel - Caçapava do Sul",4303,"Santa Maria"
432350,4323507,"RS","Rio Grande do Sul",43,"Vista Alegre",430029,"Frederico Westphalen",4306,"Passo Fundo"
432360,4323606,"RS","Rio Grande do Sul",43,"Vista Alegre do Prata",430038,"Nova Prata - Guaporé",4307,"Caxias do Sul"
432370,4323705,"RS","Rio Grande do Sul",43,"Vista Gaúcha",430021,"Três Passos",4305,"Ijuí"
432375,4323754,"RS","Rio Grande do Sul",43,"Vitória das Missões",430020,"Santo Ângelo",4305,"Ijuí"
432377,4323770,"RS","Rio Grande do Sul",43,"Westfália",430041,"Lajeado",4308,"Santa Cruz do Sul - Lajeado"
432380,4323804,"RS","Rio Grande do Sul",43,"Xangri-lá",430003,"Tramandaí - Osório",4301,"Porto Alegre"
500020,5000203,"MS","Mato Grosso do Sul",50,"Água Clara",500002,"Três Lagoas",5001,"Campo Grande"
500025,5000252,"MS","Mato Grosso do Sul",50,"Alcinópolis",500004,"Coxim",5001,"Campo Grande"
500060,5000609,"MS","Mato Grosso do Sul",50,"Amambai",500009,"Amambai",5002,"Dourados"
500070,5000708,"MS","Mato Grosso do Sul",50,"Anastácio",500012,"Aquidauana - Anastácio",5003,"Corumbá"
500080,5000807,"MS","Mato Grosso do Sul",50,"Anaurilândia",500007,"Nova Andradina",5002,"Dourados"
500085,5000856,"MS","Mato Grosso do Sul",50,"Angélica",500007,"Nova Andradina",5002,"Dourados"
500090,5000906,"MS","Mato Grosso do Sul",50,"Antônio João",500008,"Ponta Porã",5002,"Dourados"
500100,5001003,"MS","Mato Grosso do Sul",50,"Aparecida do Taboado",500003,"Paranaíba - Chapadão do Sul - Cassilândia",5001,"Campo Grande"
500110,5001102,"MS","Mato Grosso do Sul",50,"Aquidauana",500012,"Aquidauana - Anastácio",5003,"Corumbá"
500124,5001243,"MS","Mato Grosso do Sul",50,"Aral Moreira",500008,"Ponta Porã",5002,"Dourados"
500150,5001508,"MS","Mato Grosso do Sul",50,"Bandeirantes",500001,"Campo Grande",5001,"Campo Grande"
500190,5001904,"MS","Mato Grosso do Sul",50,"Bataguassu",500002,"Três Lagoas",5001,"Campo Grande"
500200,5002001,"MS","Mato Grosso do Sul",50,"Batayporã",500007,"Nova Andradina",5002,"Dourados"
500210,5002100,"MS","Mato Grosso do Sul",50,"Bela Vista",500011,"Jardim",5003,"Corumbá"
500215,5002159,"MS","Mato Grosso do Sul",50,"Bodoquena",500012,"Aquidauana - Anastácio",5003,"Corumbá"
500220,5002209,"MS","Mato Grosso do Sul",50,"Bonito",500011,"Jardim",5003,"Corumbá"
500230,5002308,"MS","Mato Grosso do Sul",50,"Brasilândia",500002,"Três Lagoas",5001,"Campo Grande"
500240,5002407,"MS","Mato Grosso do Sul",50,"Caarapó",500005,"Dourados",5002,"Dourados"
500260,5002605,"MS","Mato Grosso do Sul",50,"Camapuã",500001,"Campo Grande",5001,"Campo Grande"
500270,5002704,"MS","Mato Grosso do Sul",50,"Campo Grande",500001,"Campo Grande",5001,"Campo Grande"
500280,5002803,"MS","Mato Grosso do Sul",50,"Caracol",500011,"Jardim",5003,"Corumbá"
500290,5002902,"MS","Mato Grosso do Sul",50,"Cassilândia",500003,"Paranaíba - Chapadão do Sul - Cassilândia",5001,"Campo Grande"
500295,5002951,"MS","Mato Grosso do Sul",50,"Chapadão do Sul",500003,"Paranaíba - Chapadão do Sul - Cassilândia",5001,"Campo Grande"
500310,5003108,"MS","Mato Grosso do Sul",50,"Corguinho",500001,"Campo Grande",5001,"Campo Grande"
500315,5003157,"MS","Mato Grosso do Sul",50,"Coronel Sapucaia",500009,"Amambai",5002,"Dourados"
500320,5003207,"MS","Mato Grosso do Sul",50,"Corumbá",500010,"Corumbá",5003,"Corumbá"
500325,5003256,"MS","Mato Grosso do Sul",50,"Costa Rica",500004,"Coxim",5001,"Campo Grande"
500330,5003306,"MS","Mato Grosso do Sul",50,"Coxim",500004,"Coxim",5001,"Campo Grande"
500345,5003454,"MS","Mato Grosso do Sul",50,"Deodápolis",500005,"Dourados",5002,"Dourados"
500348,5003488,"MS","Mato Grosso do Sul",50,"Dois Irmãos do Buriti",500001,"Campo Grande",5001,"Campo Grande"
500350,5003504,"MS","Mato Grosso do Sul",50,"Douradina",500005,"Dourados",5002,"Dourados"
500370,5003702,"MS","Mato Grosso do Sul",50,"Dourados",500005,"Dourados",5002,"Dourados"
500375,5003751,"MS","Mato Grosso do Sul",50,"Eldorado",500006,"Naviraí - Mundo Novo",5002,"Dourados"
500380,5003801,"MS","Mato Grosso do Sul",50,"Fátima do Sul",500005,"Dourados",5002,"Dourados"
500390,5003900,"MS","Mato Grosso do Sul",50,"Figueirão",500004,"Coxim",5001,"Campo Grande"
500400,5004007,"MS","Mato Grosso do Sul",50,"Glória de Dourados",500005,"Dourados",5002,"Dourados"
500410,5004106,"MS","Mato Grosso do Sul",50,"Guia Lopes da Laguna",500011,"Jardim",5003,"Corumbá"
500430,5004304,"MS","Mato Grosso do Sul",50,"Iguatemi",500006,"Naviraí - Mundo Novo",5002,"Dourados"
500440,5004403,"MS","Mato Grosso do Sul",50,"Inocência",500003,"Paranaíba - Chapadão do Sul - Cassilândia",5001,"Campo Grande"
500450,5004502,"MS","Mato Grosso do Sul",50,"Itaporã",500005,"Dourados",5002,"Dourados"
500460,5004601,"MS","Mato Grosso do Sul",50,"Itaquiraí",500006,"Naviraí - Mundo Novo",5002,"Dourados"
500470,5004700,"MS","Mato Grosso do Sul",50,"Ivinhema",500007,"Nova Andradina",5002,"Dourados"
500480,5004809,"MS","Mato Grosso do Sul",50,"Japorã",500006,"Naviraí - Mundo Novo",5002,"Dourados"
500490,5004908,"MS","Mato Grosso do Sul",50,"Jaraguari",500001,"Campo Grande",5001,"Campo Grande"
500500,5005004,"MS","Mato Grosso do Sul",50,"Jardim",500011,"Jardim",5003,"Corumbá"
500510,5005103,"MS","Mato Grosso do Sul",50,"Jateí",500005,"Dourados",5002,"Dourados"
500515,5005152,"MS","Mato Grosso do Sul",50,"Juti",500005,"Dourados",5002,"Dourados"
500520,5005202,"MS","Mato Grosso do Sul",50,"Ladário",500010,"Corumbá",5003,"Corumbá"
500525,5005251,"MS","Mato Grosso do Sul",50,"Laguna Carapã",500005,"Dourados",5002,"Dourados"
500540,5005400,"MS","Mato Grosso do Sul",50,"Maracaju",500005,"Dourados",5002,"Dourados"
500560,5005608,"MS","Mato Grosso do Sul",50,"Miranda",500012,"Aquidauana - Anastácio",5003,"Corumbá"
500568,5005681,"MS","Mato Grosso do Sul",50,"Mundo Novo",500006,"Naviraí - Mundo Novo",5002,"Dourados"
500570,5005707,"MS","Mato Grosso do Sul",50,"Naviraí",500006,"Naviraí - Mundo Novo",5002,"Dourados"
500580,5005806,"MS","Mato Grosso do Sul",50,"Nioaque",500011,"Jardim",5003,"Corumbá"
500600,5006002,"MS","Mato Grosso do Sul",50,"Nova Alvorada do Sul",500001,"Campo Grande",5001,"Campo Grande"
500620,5006200,"MS","Mato Grosso do Sul",50,"Nova Andradina",500007,"Nova Andradina",5002,"Dourados"
500625,5006259,"MS","Mato Grosso do Sul",50,"Novo Horizonte do Sul",500007,"Nova Andradina",5002,"Dourados"
500630,5006309,"MS","Mato Grosso do Sul",50,"Paranaíba",500003,"Paranaíba - Chapadão do Sul - Cassilândia",5001,"Campo Grande"
500635,5006358,"MS","Mato Grosso do Sul",50,"Paranhos",500009,"Amambai",5002,"Dourados"
500640,5006408,"MS","Mato Grosso do Sul",50,"Pedro Gomes",500004,"Coxim",5001,"Campo Grande"
500660,5006606,"MS","Mato Grosso do Sul",50,"Ponta Porã",500008,"Ponta Porã",5002,"Dourados"
500690,5006903,"MS","Mato Grosso do Sul",50,"Porto Murtinho",500011,"Jardim",5003,"Corumbá"
500710,5007109,"MS","Mato Grosso do Sul",50,"Ribas do Rio Pardo",500001,"Campo Grande",5001,"Campo Grande"
500720,5007208,"MS","Mato Grosso do Sul",50,"Rio Brilhante",500005,"Dourados",5002,"Dourados"
500730,5007307,"MS","Mato Grosso do Sul",50,"Rio Negro",500001,"Campo Grande",5001,"Campo Grande"
500740,5007406,"MS","Mato Grosso do Sul",50,"Rio Verde de Mato Grosso",500004,"Coxim",5001,"Campo Grande"
500750,5007505,"MS","Mato Grosso do Sul",50,"Rochedo",500001,"Campo Grande",5001,"Campo Grande"
500755,5007554,"MS","Mato Grosso do Sul",50,"Santa Rita do Pardo",500002,"Três Lagoas",5001,"Campo Grande"
500769,5007695,"MS","Mato Grosso do Sul",50,"São Gabriel do Oeste",500001,"Campo Grande",5001,"Campo Grande"
500770,5007703,"MS","Mato Grosso do Sul",50,"Sete Quedas",500009,"Amambai",5002,"Dourados"
500780,5007802,"MS","Mato Grosso do Sul",50,"Selvíria",500002,"Três Lagoas",5001,"Campo Grande"
500790,5007901,"MS","Mato Grosso do Sul",50,"Sidrolândia",500001,"Campo Grande",5001,"Campo Grande"
500793,5007935,"MS","Mato Grosso do Sul",50,"Sonora",500004,"Coxim",5001,"Campo Grande"
500795,5007950,"MS","Mato Grosso do Sul",50,"Tacuru",500009,"Amambai",5002,"Dourados"
500797,5007976,"MS","Mato Grosso do Sul",50,"Taquarussu",500007,"Nova Andradina",5002,"Dourados"
500800,5008008,"MS","Mato Grosso do Sul",50,"Terenos",500001,"Campo Grande",5001,"Campo Grande"
500830,5008305,"MS","Mato Grosso do Sul",50,"Três Lagoas",500002,"Três Lagoas",5001,"Campo Grande"
500840,5008404,"MS","Mato Grosso do Sul",50,"Vicentina",500005,"Dourados",5002,"Dourados"
510010,5100102,"MT","Mato Grosso",51,"Acorizal",510001,"Cuiabá",5101,"Cuiabá"
510020,5100201,"MT","Mato Grosso",51,"Água Boa",510015,"Água Boa",5104,"Barra do Garças"
510025,5100250,"MT","Mato Grosso",51,"Alta Floresta",510010,"Alta Floresta",5103,"Sinop"
510030,5100300,"MT","Mato Grosso",51,"Alto Araguaia",510016,"Rondonópolis",5105,"Rondonópolis"
510035,5100359,"MT","Mato Grosso",51,"Alto Boa Vista",510014,"Confresa - Vila Rica",5104,"Barra do Garças"
510040,5100409,"MT","Mato Grosso",51,"Alto Garças",510016,"Rondonópolis",5105,"Rondonópolis"
510050,5100508,"MT","Mato Grosso",51,"Alto Paraguai",510003,"Diamantino",5101,"Cuiabá"
510060,5100607,"MT","Mato Grosso",51,"Alto Taquari",510016,"Rondonópolis",5105,"Rondonópolis"
510080,5100805,"MT","Mato Grosso",51,"Apiacás",510010,"Alta Floresta",5103,"Sinop"
510100,5101001,"MT","Mato Grosso",51,"Araguaiana",510013,"Barra do Garças",5104,"Barra do Garças"
510120,5101209,"MT","Mato Grosso",51,"Araguainha",510016,"Rondonópolis",5105,"Rondonópolis"
510125,5101258,"MT","Mato Grosso",51,"Araputanga",510006,"Mirassol D'oeste",5102,"Cáceres"
510130,5101308,"MT","Mato Grosso",51,"Arenápolis",510003,"Diamantino",5101,"Cuiabá"
510140,5101407,"MT","Mato Grosso",51,"Aripuanã",510009,"Juína",5103,"Sinop"
510160,5101605,"MT","Mato Grosso",51,"Barão de Melgaço",510001,"Cuiabá",5101,"Cuiabá"
510170,5101704,"MT","Mato Grosso",51,"Barra do Bugres",510002,"Tangará da Serra",5101,"Cuiabá"
510180,5101803,"MT","Mato Grosso",51,"Barra do Garças",510013,"Barra do Garças",5104,"Barra do Garças"
510185,5101852,"MT","Mato Grosso",51,"Bom Jesus do Araguaia",510014,"Confresa - Vila Rica",5104,"Barra do Garças"
510190,5101902,"MT","Mato Grosso",51,"Brasnorte",510002,"Tangará da Serra",5101,"Cuiabá"
510250,5102504,"MT","Mato Grosso",51,"Cáceres",510004,"Cáceres",5102,"Cáceres"
510260,5102603,"MT","Mato Grosso",51,"Campinápolis",510015,"Água Boa",5104,"Barra do Garças"
510263,5102637,"MT","Mato Grosso",51,"Campo Novo do Parecis",510002,"Tangará da Serra",5101,"Cuiabá"
510267,5102678,"MT","Mato Grosso",51,"Campo Verde",510001,"Cuiabá",5101,"Cuiabá"
510268,5102686,"MT","Mato Grosso",51,"Campos de Júlio",510005,"Pontes e Lacerda - Comodoro",5102,"Cáceres"
510269,5102694,"MT","Mato Grosso",51,"Canabrava do Norte",510014,"Confresa - Vila Rica",5104,"Barra do Garças"
510270,5102702,"MT","Mato Grosso",51,"Canarana",510015,"Água Boa",5104,"Barra do Garças"
510279,5102793,"MT","Mato Grosso",51,"Carlinda",510010,"Alta Floresta",5103,"Sinop"
510285,5102850,"MT","Mato Grosso",51,"Castanheira",510009,"Juína",5103,"Sinop"
510300,5103007,"MT","Mato Grosso",51,"Chapada dos Guimarães",510001,"Cuiabá",5101,"Cuiabá"
510305,5103056,"MT","Mato Grosso",51,"Cláudia",510007,"Sinop",5103,"Sinop"
510310,5103106,"MT","Mato Grosso",51,"Cocalinho",510015,"Água Boa",5104,"Barra do Garças"
510320,5103205,"MT","Mato Grosso",51,"Colíder",510007,"Sinop",5103,"Sinop"
510325,5103254,"MT","Mato Grosso",51,"Colniza",510009,"Juína",5103,"Sinop"
510330,5103304,"MT","Mato Grosso",51,"Comodoro",510005,"Pontes e Lacerda - Comodoro",5102,"Cáceres"
510335,5103353,"MT","Mato Grosso",51,"Confresa",510014,"Confresa - Vila Rica",5104,"Barra do Garças"
510336,5103361,"MT","Mato Grosso",51,"Conquista D'Oeste",510005,"Pontes e Lacerda - Comodoro",5102,"Cáceres"
510337,5103379,"MT","Mato Grosso",51,"Cotriguaçu",510009,"Juína",5103,"Sinop"
510340,5103403,"MT","Mato Grosso",51,"Cuiabá",510001,"Cuiabá",5101,"Cuiabá"
510343,5103437,"MT","Mato Grosso",51,"Curvelândia",510004,"Cáceres",5102,"Cáceres"
510345,5103452,"MT","Mato Grosso",51,"Denise",510002,"Tangará da Serra",5101,"Cuiabá"
510350,5103502,"MT","Mato Grosso",51,"Diamantino",510003,"Diamantino",5101,"Cuiabá"
510360,5103601,"MT","Mato Grosso",51,"Dom Aquino",510018,"Jaciara",5105,"Rondonópolis"
510370,5103700,"MT","Mato Grosso",51,"Feliz Natal",510007,"Sinop",5103,"Sinop"
510380,5103809,"MT","Mato Grosso",51,"Figueirópolis D'Oeste",510006,"Mirassol D'oeste",5102,"Cáceres"
510385,5103858,"MT","Mato Grosso",51,"Gaúcha do Norte",510015,"Água Boa",5104,"Barra do Garças"
510390,5103908,"MT","Mato Grosso",51,"General Carneiro",510013,"Barra do Garças",5104,"Barra do Garças"
510395,5103957,"MT","Mato Grosso",51,"Glória D'Oeste",510006,"Mirassol D'oeste",5102,"Cáceres"
510410,5104104,"MT","Mato Grosso",51,"Guarantã do Norte",510011,"Peixoto de Azevedo - Guarantã do Norte",5103,"Sinop"
510420,5104203,"MT","Mato Grosso",51,"Guiratinga",510016,"Rondonópolis",5105,"Rondonópolis"
510450,5104500,"MT","Mato Grosso",51,"Indiavaí",510006,"Mirassol D'oeste",5102,"Cáceres"
510452,5104526,"MT","Mato Grosso",51,"Ipiranga do Norte",510008,"Sorriso",5103,"Sinop"
510454,5104542,"MT","Mato Grosso",51,"Itanhangá",510008,"Sorriso",5103,"Sinop"
510455,5104559,"MT","Mato Grosso",51,"Itaúba",510007,"Sinop",5103,"Sinop"
510460,5104609,"MT","Mato Grosso",51,"Itiquira",510016,"Rondonópolis",5105,"Rondonópolis"
510480,5104807,"MT","Mato Grosso",51,"Jaciara",510018,"Jaciara",5105,"Rondonópolis"
510490,5104906,"MT","Mato Grosso",51,"Jangada",510001,"Cuiabá",5101,"Cuiabá"
510500,5105002,"MT","Mato Grosso",51,"Jauru",510006,"Mirassol D'oeste",5102,"Cáceres"
510510,5105101,"MT","Mato Grosso",51,"Juara",510012,"Juara",5103,"Sinop"
510515,5105150,"MT","Mato Grosso",51,"Juína",510009,"Juína",5103,"Sinop"
510517,5105176,"MT","Mato Grosso",51,"Juruena",510009,"Juína",5103,"Sinop"
510520,5105200,"MT","Mato Grosso",51,"Juscimeira",510018,"Jaciara",5105,"Rondonópolis"
510523,5105234,"MT","Mato Grosso",51,"Lambari D'Oeste",510004,"Cáceres",5102,"Cáceres"
510525,5105259,"MT","Mato Grosso",51,"Lucas do Rio Verde",510008,"Sorriso",5103,"Sinop"
510530,5105309,"MT","Mato Grosso",51,"Luciara",510014,"Confresa - Vila Rica",5104,"Barra do Garças"
510550,5105507,"MT","Mato Grosso",51,"Vila Bela da Santíssima Trindade",510005,"Pontes e Lacerda - Comodoro",5102,"Cáceres"
510558,5105580,"MT","Mato Grosso",51,"Marcelândia",510007,"Sinop",5103,"Sinop"
510560,5105606,"MT","Mato Grosso",51,"Matupá",510011,"Peixoto de Azevedo - Guarantã do Norte",5103,"Sinop"
510562,5105622,"MT","Mato Grosso",51,"Mirassol d'Oeste",510006,"Mirassol D'oeste",5102,"Cáceres"
510590,5105903,"MT","Mato Grosso",51,"Nobres",510001,"Cuiabá",5101,"Cuiabá"
510600,5106000,"MT","Mato Grosso",51,"Nortelândia",510003,"Diamantino",5101,"Cuiabá"
510610,5106109,"MT","Mato Grosso",51,"Nossa Senhora do Livramento",510001,"Cuiabá",5101,"Cuiabá"
510615,5106158,"MT","Mato Grosso",51,"Nova Bandeirantes",510010,"Alta Floresta",5103,"Sinop"
510617,5106174,"MT","Mato Grosso",51,"Nova Nazaré",510015,"Água Boa",5104,"Barra do Garças"
510618,5106182,"MT","Mato Grosso",51,"Nova Lacerda",510005,"Pontes e Lacerda - Comodoro",5102,"Cáceres"
510619,5106190,"MT","Mato Grosso",51,"Nova Santa Helena",510007,"Sinop",5103,"Sinop"
510620,5106208,"MT","Mato Grosso",51,"Nova Brasilândia",510001,"Cuiabá",5101,"Cuiabá"
510621,5106216,"MT","Mato Grosso",51,"Nova Canaã do Norte",510007,"Sinop",5103,"Sinop"
510622,5106224,"MT","Mato Grosso",51,"Nova Mutum",510008,"Sorriso",5103,"Sinop"
510623,5106232,"MT","Mato Grosso",51,"Nova Olímpia",510002,"Tangará da Serra",5101,"Cuiabá"
510624,5106240,"MT","Mato Grosso",51,"Nova Ubiratã",510008,"Sorriso",5103,"Sinop"
510625,5106257,"MT","Mato Grosso",51,"Nova Xavantina",510013,"Barra do Garças",5104,"Barra do Garças"
510626,5106265,"MT","Mato Grosso",51,"Novo Mundo",510011,"Peixoto de Azevedo - Guarantã do Norte",5103,"Sinop"
510627,5106273,"MT","Mato Grosso",51,"Novo Horizonte do Norte",510012,"Juara",5103,"Sinop"
510628,5106281,"MT","Mato Grosso",51,"Novo São Joaquim",510013,"Barra do Garças",5104,"Barra do Garças"
510629,5106299,"MT","Mato Grosso",51,"Paranaíta",510010,"Alta Floresta",5103,"Sinop"
510630,5106307,"MT","Mato Grosso",51,"Paranatinga",510017,"Primavera do Leste",5105,"Rondonópolis"
510631,5106315,"MT","Mato Grosso",51,"Novo Santo Antônio",510014,"Confresa - Vila Rica",5104,"Barra do Garças"
510637,5106372,"MT","Mato Grosso",51,"Pedra Preta",510016,"Rondonópolis",5105,"Rondonópolis"
510642,5106422,"MT","Mato Grosso",51,"Peixoto de Azevedo",510011,"Peixoto de Azevedo - Guarantã do Norte",5103,"Sinop"
510645,5106455,"MT","Mato Grosso",51,"Planalto da Serra",510001,"Cuiabá",5101,"Cuiabá"
510650,5106505,"MT","Mato Grosso",51,"Poconé",510001,"Cuiabá",5101,"Cuiabá"
510665,5106653,"MT","Mato Grosso",51,"Pontal do Araguaia",510013,"Barra do Garças",5104,"Barra do Garças"
510670,5106703,"MT","Mato Grosso",51,"Ponte Branca",510013,"Barra do Garças",5104,"Barra do Garças"
510675,5106752,"MT","Mato Grosso",51,"Pontes e Lacerda",510005,"Pontes e Lacerda - Comodoro",5102,"Cáceres"
510677,5106778,"MT","Mato Grosso",51,"Porto Alegre do Norte",510014,"Confresa - Vila Rica",5104,"Barra do Garças"
510680,5106802,"MT","Mato Grosso",51,"Porto dos Gaúchos",510012,"Juara",5103,"Sinop"
510682,5106828,"MT","Mato Grosso",51,"Porto Esperidião",510006,"Mirassol D'oeste",5102,"Cáceres"
510685,5106851,"MT","Mato Grosso",51,"Porto Estrela",510002,"Tangará da Serra",5101,"Cuiabá"
510700,5107008,"MT","Mato Grosso",51,"Poxoréu",510017,"Primavera do Leste",5105,"Rondonópolis"
510704,5107040,"MT","Mato Grosso",51,"Primavera do Leste",510017,"Primavera do Leste",5105,"Rondonópolis"
510706,5107065,"MT","Mato Grosso",51,"Querência",510015,"Água Boa",5104,"Barra do Garças"
510710,5107107,"MT","Mato Grosso",51,"São José dos Quatro Marcos",510006,"Mirassol D'oeste",5102,"Cáceres"
510715,5107156,"MT","Mato Grosso",51,"Reserva do Cabaçal",510006,"Mirassol D'oeste",5102,"Cáceres"
510718,5107180,"MT","Mato Grosso",51,"Ribeirão Cascalheira",510015,"Água Boa",5104,"Barra do Garças"
510719,5107198,"MT","Mato Grosso",51,"Ribeirãozinho",510013,"Barra do Garças",5104,"Barra do Garças"
510720,5107206,"MT","Mato Grosso",51,"Rio Branco",510004,"Cáceres",5102,"Cáceres"
510724,5107248,"MT","Mato Grosso",51,"Santa Carmem",510007,"Sinop",5103,"Sinop"
510726,5107263,"MT","Mato Grosso",51,"Santo Afonso",510003,"Diamantino",5101,"Cuiabá"
510729,5107297,"MT","Mato Grosso",51,"São José do Povo",510016,"Rondonópolis",5105,"Rondonópolis"
510730,5107305,"MT","Mato Grosso",51,"São José do Rio Claro",510003,"Diamantino",5101,"Cuiabá"
510735,5107354,"MT","Mato Grosso",51,"São José do Xingu",510014,"Confresa - Vila Rica",5104,"Barra do Garças"
510740,5107404,"MT","Mato Grosso",51,"São Pedro da Cipa",510018,"Jaciara",5105,"Rondonópolis"
510757,5107578,"MT","Mato Grosso",51,"Rondolândia",510009,"Juína",5103,"Sinop"
510760,5107602,"MT","Mato Grosso",51,"Rondonópolis",510016,"Rondonópolis",5105,"Rondonópolis"
510770,5107701,"MT","Mato Grosso",51,"Rosário Oeste",510001,"Cuiabá",5101,"Cuiabá"
510774,5107743,"MT","Mato Grosso",51,"Santa Cruz do Xingu",510014,"Confresa - Vila Rica",5104,"Barra do Garças"
510775,5107750,"MT","Mato Grosso",51,"Salto do Céu",510004,"Cáceres",5102,"Cáceres"
510776,5107768,"MT","Mato Grosso",51,"Santa Rita do Trivelato",510008,"Sorriso",5103,"Sinop"
510777,5107776,"MT","Mato Grosso",51,"Santa Terezinha",510014,"Confresa - Vila Rica",5104,"Barra do Garças"
510779,5107792,"MT","Mato Grosso",51,"Santo Antônio do Leste",510017,"Primavera do Leste",5105,"Rondonópolis"
510780,5107800,"MT","Mato Grosso",51,"Santo Antônio do Leverger",510001,"Cuiabá",5101,"Cuiabá"
510785,5107859,"MT","Mato Grosso",51,"São Félix do Araguaia",510014,"Confresa - Vila Rica",5104,"Barra do Garças"
510787,5107875,"MT","Mato Grosso",51,"Sapezal",510002,"Tangará da Serra",5101,"Cuiabá"
510788,5107883,"MT","Mato Grosso",51,"Serra Nova Dourada",510014,"Confresa - Vila Rica",5104,"Barra do Garças"
510790,5107909,"MT","Mato Grosso",51,"Sinop",510007,"Sinop",5103,"Sinop"
510792,5107925,"MT","Mato Grosso",51,"Sorriso",510008,"Sorriso",5103,"Sinop"
510794,5107941,"MT","Mato Grosso",51,"Tabaporã",510012,"Juara",5103,"Sinop"
510795,5107958,"MT","Mato Grosso",51,"Tangará da Serra",510002,"Tangará da Serra",5101,"Cuiabá"
510800,5108006,"MT","Mato Grosso",51,"Tapurah",510008,"Sorriso",5103,"Sinop"
510805,5108055,"MT","Mato Grosso",51,"Terra Nova do Norte",510007,"Sinop",5103,"Sinop"
510810,5108105,"MT","Mato Grosso",51,"Tesouro",510016,"Rondonópolis",5105,"Rondonópolis"
510820,5108204,"MT","Mato Grosso",51,"Torixoréu",510013,"Barra do Garças",5104,"Barra do Garças"
510830,5108303,"MT","Mato Grosso",51,"União do Sul",510007,"Sinop",5103,"Sinop"
510835,5108352,"MT","Mato Grosso",51,"Vale de São Domingos",510005,"Pontes e Lacerda - Comodoro",5102,"Cáceres"
510840,5108402,"MT","Mato Grosso",51,"Várzea Grande",510001,"Cuiabá",5101,"Cuiabá"
510850,5108501,"MT","Mato Grosso",51,"Vera",510008,"Sorriso",5103,"Sinop"
510860,5108600,"MT","Mato Grosso",51,"Vila Rica",510014,"Confresa - Vila Rica",5104,"Barra do Garças"
510880,5108808,"MT","Mato Grosso",51,"Nova Guarita",510007,"Sinop",5103,"Sinop"
510885,5108857,"MT","Mato Grosso",51,"Nova Marilândia",510003,"Diamantino",5101,"Cuiabá"
510890,5108907,"MT","Mato Grosso",51,"Nova Maringá",510003,"Diamantino",5101,"Cuiabá"
510895,5108956,"MT","Mato Grosso",51,"Nova Monte Verde",510010,"Alta Floresta",5103,"Sinop"
520005,5200050,"GO","Goiás",52,"Abadia de Goiás",520001,"Goiânia",5201,"Goiânia"
520010,5200100,"GO","Goiás",52,"Abadiânia",520002,"Anápolis",5201,"Goiânia"
520013,5200134,"GO","Goiás",52,"Acreúna",520015,"Palmeiras de Goiás",5204,"São Luís de Montes Belos - Iporá"
520015,5200159,"GO","Goiás",52,"Adelândia",520003,"Inhumas - Itaberaí - Anicuns",5201,"Goiânia"
520017,5200175,"GO","Goiás",52,"Água Fria de Goiás",520022,"Flores de Goiás",5206,"Luziânia - Águas Lindas de Goiás"
520020,5200209,"GO","Goiás",52,"Água Limpa",520008,"Caldas Novas-Morrinhos",5202,"Itumbiara"
520025,5200258,"GO","Goiás",52,"Águas Lindas de Goiás",520020,"Águas Lindas de Goiás",5206,"Luziânia - Águas Lindas de Goiás"
520030,5200308,"GO","Goiás",52,"Alexânia",520002,"Anápolis",5201,"Goiânia"
520050,5200506,"GO","Goiás",52,"Aloândia",520007,"Itumbiara",5202,"Itumbiara"
520055,5200555,"GO","Goiás",52,"Alto Horizonte",520017,"Uruaçu - Niquelândia",5205,"Porangatu - Uruaçu"
520060,5200605,"GO","Goiás",52,"Alto Paraíso de Goiás",520022,"Flores de Goiás",5206,"Luziânia - Águas Lindas de Goiás"
520080,5200803,"GO","Goiás",52,"Alvorada do Norte",520021,"Posse-Campos Belos",5206,"Luziânia - Águas Lindas de Goiás"
520082,5200829,"GO","Goiás",52,"Amaralina",520017,"Uruaçu - Niquelândia",5205,"Porangatu - Uruaçu"
520085,5200852,"GO","Goiás",52,"Americano do Brasil",520003,"Inhumas - Itaberaí - Anicuns",5201,"Goiânia"
520090,5200902,"GO","Goiás",52,"Amorinópolis",520014,"Iporá",5204,"São Luís de Montes Belos - Iporá"
520110,5201108,"GO","Goiás",52,"Anápolis",520002,"Anápolis",5201,"Goiânia"
520120,5201207,"GO","Goiás",52,"Anhanguera",520004,"Catalão",5201,"Goiânia"
520130,5201306,"GO","Goiás",52,"Anicuns",520003,"Inhumas - Itaberaí - Anicuns",5201,"Goiânia"
520140,5201405,"GO","Goiás",52,"Aparecida de Goiânia",520001,"Goiânia",5201,"Goiânia"
520145,5201454,"GO","Goiás",52,"Aparecida do Rio Doce",520010,"Rio Verde",5203,"Rio Verde"
520150,5201504,"GO","Goiás",52,"Aporé",520011,"Jataí-Mineiros",5203,"Rio Verde"
520160,5201603,"GO","Goiás",52,"Araçu",520003,"Inhumas - Itaberaí - Anicuns",5201,"Goiânia"
520170,5201702,"GO","Goiás",52,"Aragarças",520014,"Iporá",5204,"São Luís de Montes Belos - Iporá"
520180,5201801,"GO","Goiás",52,"Aragoiânia",520001,"Goiânia",5201,"Goiânia"
520215,5202155,"GO","Goiás",52,"Araguapaz",520005,"Goiás - Itapuranga",5201,"Goiânia"
520235,5202353,"GO","Goiás",52,"Arenópolis",520014,"Iporá",5204,"São Luís de Montes Belos - Iporá"
520250,5202502,"GO","Goiás",52,"Aruanã",520005,"Goiás - Itapuranga",5201,"Goiânia"
520260,5202601,"GO","Goiás",52,"Aurilândia",520013,"São Luís de Montes Belos",5204,"São Luís de Montes Belos - Iporá"
520280,5202809,"GO","Goiás",52,"Avelinópolis",520003,"Inhumas - Itaberaí - Anicuns",5201,"Goiânia"
520310,5203104,"GO","Goiás",52,"Baliza",520014,"Iporá",5204,"São Luís de Montes Belos - Iporá"
520320,5203203,"GO","Goiás",52,"Barro Alto",520018,"Ceres - Rialma - Goianésia",5205,"Porangatu - Uruaçu"
520330,5203302,"GO","Goiás",52,"Bela Vista de Goiás",520001,"Goiânia",5201,"Goiânia"
520340,5203401,"GO","Goiás",52,"Bom Jardim de Goiás",520014,"Iporá",5204,"São Luís de Montes Belos - Iporá"
520350,5203500,"GO","Goiás",52,"Bom Jesus de Goiás",520007,"Itumbiara",5202,"Itumbiara"
520355,5203559,"GO","Goiás",52,"Bonfinópolis",520001,"Goiânia",5201,"Goiânia"
520357,5203575,"GO","Goiás",52,"Bonópolis",520016,"Porangatu",5205,"Porangatu - Uruaçu"
520360,5203609,"GO","Goiás",52,"Brazabrantes",520001,"Goiânia",5201,"Goiânia"
520380,5203807,"GO","Goiás",52,"Britânia",520005,"Goiás - Itapuranga",5201,"Goiânia"
520390,5203906,"GO","Goiás",52,"Buriti Alegre",520007,"Itumbiara",5202,"Itumbiara"
520393,5203939,"GO","Goiás",52,"Buriti de Goiás",520013,"São Luís de Montes Belos",5204,"São Luís de Montes Belos - Iporá"
520396,5203962,"GO","Goiás",52,"Buritinópolis",520021,"Posse-Campos Belos",5206,"Luziânia - Águas Lindas de Goiás"
520400,5204003,"GO","Goiás",52,"Cabeceiras",520020,"Águas Lindas de Goiás",5206,"Luziânia - Águas Lindas de Goiás"
520410,5204102,"GO","Goiás",52,"Cachoeira Alta",520010,"Rio Verde",5203,"Rio Verde"
520420,5204201,"GO","Goiás",52,"Cachoeira de Goiás",520013,"São Luís de Montes Belos",5204,"São Luís de Montes Belos - Iporá"
520425,5204250,"GO","Goiás",52,"Cachoeira Dourada",520007,"Itumbiara",5202,"Itumbiara"
520430,5204300,"GO","Goiás",52,"Caçu",520010,"Rio Verde",5203,"Rio Verde"
520440,5204409,"GO","Goiás",52,"Caiapônia",520011,"Jataí-Mineiros",5203,"Rio Verde"
520450,5204508,"GO","Goiás",52,"Caldas Novas",520008,"Caldas Novas-Morrinhos",5202,"Itumbiara"
520455,5204557,"GO","Goiás",52,"Caldazinha",520001,"Goiânia",5201,"Goiânia"
520460,5204607,"GO","Goiás",52,"Campestre de Goiás",520015,"Palmeiras de Goiás",5204,"São Luís de Montes Belos - Iporá"
520465,5204656,"GO","Goiás",52,"Campinaçu",520016,"Porangatu",5205,"Porangatu - Uruaçu"
520470,5204706,"GO","Goiás",52,"Campinorte",520017,"Uruaçu - Niquelândia",5205,"Porangatu - Uruaçu"
520480,5204805,"GO","Goiás",52,"Campo Alegre de Goiás",520004,"Catalão",5201,"Goiânia"
520485,5204854,"GO","Goiás",52,"Campo Limpo de Goiás",520002,"Anápolis",5201,"Goiânia"
520490,5204904,"GO","Goiás",52,"Campos Belos",520021,"Posse-Campos Belos",5206,"Luziânia - Águas Lindas de Goiás"
520495,5204953,"GO","Goiás",52,"Campos Verdes",520018,"Ceres - Rialma - Goianésia",5205,"Porangatu - Uruaçu"
520500,5205000,"GO","Goiás",52,"Carmo do Rio Verde",520018,"Ceres - Rialma - Goianésia",5205,"Porangatu - Uruaçu"
520505,5205059,"GO","Goiás",52,"Castelândia",520010,"Rio Verde",5203,"Rio Verde"
520510,5205109,"GO","Goiás",52,"Catalão",520004,"Catalão",5201,"Goiânia"
520520,5205208,"GO","Goiás",52,"Caturaí",520001,"Goiânia",5201,"Goiânia"
520530,5205307,"GO","Goiás",52,"Cavalcante",520022,"Flores de Goiás",5206,"Luziânia - Águas Lindas de Goiás"
520540,5205406,"GO","Goiás",52,"Ceres",520018,"Ceres - Rialma - Goianésia",5205,"Porangatu - Uruaçu"
520545,5205455,"GO","Goiás",52,"Cezarina",520015,"Palmeiras de Goiás",5204,"São Luís de Montes Belos - Iporá"
520547,5205471,"GO","Goiás",52,"Chapadão do Céu",520011,"Jataí-Mineiros",5203,"Rio Verde"
520549,5205497,"GO","Goiás",52,"Cidade Ocidental",520019,"Luziânia",5206,"Luziânia - Águas Lindas de Goiás"
520551,5205513,"GO","Goiás",52,"Cocalzinho de Goiás",520020,"Águas Lindas de Goiás",5206,"Luziânia - Águas Lindas de Goiás"
520552,5205521,"GO","Goiás",52,"Colinas do Sul",520017,"Uruaçu - Niquelândia",5205,"Porangatu - Uruaçu"
520570,5205703,"GO","Goiás",52,"Córrego do Ouro",520013,"São Luís de Montes Belos",5204,"São Luís de Montes Belos - Iporá"
520580,5205802,"GO","Goiás",52,"Corumbá de Goiás",520002,"Anápolis",5201,"Goiânia"
520590,5205901,"GO","Goiás",52,"Corumbaíba",520008,"Caldas Novas-Morrinhos",5202,"Itumbiara"
520620,5206206,"GO","Goiás",52,"Cristalina",520019,"Luziânia",5206,"Luziânia - Águas Lindas de Goiás"
520630,5206305,"GO","Goiás",52,"Cristianópolis",520009,"Piracanjuba",5202,"Itumbiara"
520640,5206404,"GO","Goiás",52,"Crixás",520018,"Ceres - Rialma - Goianésia",5205,"Porangatu - Uruaçu"
520650,5206503,"GO","Goiás",52,"Cromínia",520009,"Piracanjuba",5202,"Itumbiara"
520660,5206602,"GO","Goiás",52,"Cumari",520004,"Catalão",5201,"Goiânia"
520670,5206701,"GO","Goiás",52,"Damianópolis",520021,"Posse-Campos Belos",5206,"Luziânia - Águas Lindas de Goiás"
520680,5206800,"GO","Goiás",52,"Damolândia",520003,"Inhumas - Itaberaí - Anicuns",5201,"Goiânia"
520690,5206909,"GO","Goiás",52,"Davinópolis",520004,"Catalão",5201,"Goiânia"
520710,5207105,"GO","Goiás",52,"Diorama",520014,"Iporá",5204,"São Luís de Montes Belos - Iporá"
520725,5207253,"GO","Goiás",52,"Doverlândia",520011,"Jataí-Mineiros",5203,"Rio Verde"
520735,5207352,"GO","Goiás",52,"Edealina",520009,"Piracanjuba",5202,"Itumbiara"
520740,5207402,"GO","Goiás",52,"Edéia",520015,"Palmeiras de Goiás",5204,"São Luís de Montes Belos - Iporá"
520750,5207501,"GO","Goiás",52,"Estrela do Norte",520016,"Porangatu",5205,"Porangatu - Uruaçu"
520753,5207535,"GO","Goiás",52,"Faina",520005,"Goiás - Itapuranga",5201,"Goiânia"
520760,5207600,"GO","Goiás",52,"Fazenda Nova",520013,"São Luís de Montes Belos",5204,"São Luís de Montes Belos - Iporá"
520780,5207808,"GO","Goiás",52,"Firminópolis",520015,"Palmeiras de Goiás",5204,"São Luís de Montes Belos - Iporá"
520790,5207907,"GO","Goiás",52,"Flores de Goiás",520022,"Flores de Goiás",5206,"Luziânia - Águas Lindas de Goiás"
520800,5208004,"GO","Goiás",52,"Formosa",520020,"Águas Lindas de Goiás",5206,"Luziânia - Águas Lindas de Goiás"
520810,5208103,"GO","Goiás",52,"Formoso",520016,"Porangatu",5205,"Porangatu - Uruaçu"
520815,5208152,"GO","Goiás",52,"Gameleira de Goiás",520002,"Anápolis",5201,"Goiânia"
520830,5208301,"GO","Goiás",52,"Divinópolis de Goiás",520021,"Posse-Campos Belos",5206,"Luziânia - Águas Lindas de Goiás"
520840,5208400,"GO","Goiás",52,"Goianápolis",520002,"Anápolis",5201,"Goiânia"
520850,5208509,"GO","Goiás",52,"Goiandira",520004,"Catalão",5201,"Goiânia"
520860,5208608,"GO","Goiás",52,"Goianésia",520018,"Ceres - Rialma - Goianésia",5205,"Porangatu - Uruaçu"
520870,5208707,"GO","Goiás",52,"Goiânia",520001,"Goiânia",5201,"Goiânia"
520880,5208806,"GO","Goiás",52,"Goianira",520001,"Goiânia",5201,"Goiânia"
520890,5208905,"GO","Goiás",52,"Goiás",520005,"Goiás - Itapuranga",5201,"Goiânia"
520910,5209101,"GO","Goiás",52,"Goiatuba",520007,"Itumbiara",5202,"Itumbiara"
520915,5209150,"GO","Goiás",52,"Gouvelândia",520012,"Quirinópolis",5203,"Rio Verde"
520920,5209200,"GO","Goiás",52,"Guapó",520001,"Goiânia",5201,"Goiânia"
520929,5209291,"GO","Goiás",52,"Guaraíta",520005,"Goiás - Itapuranga",5201,"Goiânia"
520940,5209408,"GO","Goiás",52,"Guarani de Goiás",520021,"Posse-Campos Belos",5206,"Luziânia - Águas Lindas de Goiás"
520945,5209457,"GO","Goiás",52,"Guarinos",520018,"Ceres - Rialma - Goianésia",5205,"Porangatu - Uruaçu"
520960,5209606,"GO","Goiás",52,"Heitoraí",520003,"Inhumas - Itaberaí - Anicuns",5201,"Goiânia"
520970,5209705,"GO","Goiás",52,"Hidrolândia",520001,"Goiânia",5201,"Goiânia"
520980,5209804,"GO","Goiás",52,"Hidrolina",520017,"Uruaçu - Niquelândia",5205,"Porangatu - Uruaçu"
520990,5209903,"GO","Goiás",52,"Iaciara",520021,"Posse-Campos Belos",5206,"Luziânia - Águas Lindas de Goiás"
520993,5209937,"GO","Goiás",52,"Inaciolândia",520012,"Quirinópolis",5203,"Rio Verde"
520995,5209952,"GO","Goiás",52,"Indiara",520015,"Palmeiras de Goiás",5204,"São Luís de Montes Belos - Iporá"
521000,5210000,"GO","Goiás",52,"Inhumas",520003,"Inhumas - Itaberaí - Anicuns",5201,"Goiânia"
521010,5210109,"GO","Goiás",52,"Ipameri",520004,"Catalão",5201,"Goiânia"
521015,5210158,"GO","Goiás",52,"Ipiranga de Goiás",520018,"Ceres - Rialma - Goianésia",5205,"Porangatu - Uruaçu"
521020,5210208,"GO","Goiás",52,"Iporá",520014,"Iporá",5204,"São Luís de Montes Belos - Iporá"
521030,5210307,"GO","Goiás",52,"Israelândia",520014,"Iporá",5204,"São Luís de Montes Belos - Iporá"
521040,5210406,"GO","Goiás",52,"Itaberaí",520003,"Inhumas - Itaberaí - Anicuns",5201,"Goiânia"
521056,5210562,"GO","Goiás",52,"Itaguari",520003,"Inhumas - Itaberaí - Anicuns",5201,"Goiânia"
521060,5210604,"GO","Goiás",52,"Itaguaru",520003,"Inhumas - Itaberaí - Anicuns",5201,"Goiânia"
521080,5210802,"GO","Goiás",52,"Itajá",520010,"Rio Verde",5203,"Rio Verde"
521090,5210901,"GO","Goiás",52,"Itapaci",520018,"Ceres - Rialma - Goianésia",5205,"Porangatu - Uruaçu"
521100,5211008,"GO","Goiás",52,"Itapirapuã",520005,"Goiás - Itapuranga",5201,"Goiânia"
521120,5211206,"GO","Goiás",52,"Itapuranga",520005,"Goiás - Itapuranga",5201,"Goiânia"
521130,5211305,"GO","Goiás",52,"Itarumã",520010,"Rio Verde",5203,"Rio Verde"
521140,5211404,"GO","Goiás",52,"Itauçu",520003,"Inhumas - Itaberaí - Anicuns",5201,"Goiânia"
521150,5211503,"GO","Goiás",52,"Itumbiara",520007,"Itumbiara",5202,"Itumbiara"
521160,5211602,"GO","Goiás",52,"Ivolândia",520013,"São Luís de Montes Belos",5204,"São Luís de Montes Belos - Iporá"
521170,5211701,"GO","Goiás",52,"Jandaia",520015,"Palmeiras de Goiás",5204,"São Luís de Montes Belos - Iporá"
521180,5211800,"GO","Goiás",52,"Jaraguá",520002,"Anápolis",5201,"Goiânia"
521190,5211909,"GO","Goiás",52,"Jataí",520011,"Jataí-Mineiros",5203,"Rio Verde"
521200,5212006,"GO","Goiás",52,"Jaupaci",520014,"Iporá",5204,"São Luís de Montes Belos - Iporá"
521205,5212055,"GO","Goiás",52,"Jesúpolis",520002,"Anápolis",5201,"Goiânia"
521210,5212105,"GO","Goiás",52,"Joviânia",520007,"Itumbiara",5202,"Itumbiara"
521220,5212204,"GO","Goiás",52,"Jussara",520005,"Goiás - Itapuranga",5201,"Goiânia"
521225,5212253,"GO","Goiás",52,"Lagoa Santa",520010,"Rio Verde",5203,"Rio Verde"
521230,5212303,"GO","Goiás",52,"Leopoldo de Bulhões",520002,"Anápolis",5201,"Goiânia"
521250,5212501,"GO","Goiás",52,"Luziânia",520019,"Luziânia",5206,"Luziânia - Águas Lindas de Goiás"
521260,5212600,"GO","Goiás",52,"Mairipotaba",520009,"Piracanjuba",5202,"Itumbiara"
521270,5212709,"GO","Goiás",52,"Mambaí",520021,"Posse-Campos Belos",5206,"Luziânia - Águas Lindas de Goiás"
521280,5212808,"GO","Goiás",52,"Mara Rosa",520017,"Uruaçu - Niquelândia",5205,"Porangatu - Uruaçu"
521290,5212907,"GO","Goiás",52,"Marzagão",520008,"Caldas Novas-Morrinhos",5202,"Itumbiara"
521295,5212956,"GO","Goiás",52,"Matrinchã",520005,"Goiás - Itapuranga",5201,"Goiânia"
521300,5213004,"GO","Goiás",52,"Maurilândia",520010,"Rio Verde",5203,"Rio Verde"
521305,5213053,"GO","Goiás",52,"Mimoso de Goiás",520020,"Águas Lindas de Goiás",5206,"Luziânia - Águas Lindas de Goiás"
521308,5213087,"GO","Goiás",52,"Minaçu",520016,"Porangatu",5205,"Porangatu - Uruaçu"
521310,5213103,"GO","Goiás",52,"Mineiros",520011,"Jataí-Mineiros",5203,"Rio Verde"
521340,5213400,"GO","Goiás",52,"Moiporá",520013,"São Luís de Montes Belos",5204,"São Luís de Montes Belos - Iporá"
521350,5213509,"GO","Goiás",52,"Monte Alegre de Goiás",520021,"Posse-Campos Belos",5206,"Luziânia - Águas Lindas de Goiás"
521370,5213707,"GO","Goiás",52,"Montes Claros de Goiás",520014,"Iporá",5204,"São Luís de Montes Belos - Iporá"
521375,5213756,"GO","Goiás",52,"Montividiu",520010,"Rio Verde",5203,"Rio Verde"
521377,5213772,"GO","Goiás",52,"Montividiu do Norte",520016,"Porangatu",5205,"Porangatu - Uruaçu"
521380,5213806,"GO","Goiás",52,"Morrinhos",520008,"Caldas Novas-Morrinhos",5202,"Itumbiara"
521385,5213855,"GO","Goiás",52,"Morro Agudo de Goiás",520018,"Ceres - Rialma - Goianésia",5205,"Porangatu - Uruaçu"
521390,5213905,"GO","Goiás",52,"Mossâmedes",520005,"Goiás - Itapuranga",5201,"Goiânia"
521400,5214002,"GO","Goiás",52,"Mozarlândia",520005,"Goiás - Itapuranga",5201,"Goiânia"
521405,5214051,"GO","Goiás",52,"Mundo Novo",520016,"Porangatu",5205,"Porangatu - Uruaçu"
521410,5214101,"GO","Goiás",52,"Mutunópolis",520016,"Porangatu",5205,"Porangatu - Uruaçu"
521440,5214408,"GO","Goiás",52,"Nazário",520015,"Palmeiras de Goiás",5204,"São Luís de Montes Belos - Iporá"
521450,5214507,"GO","Goiás",52,"Nerópolis",520001,"Goiânia",5201,"Goiânia"
521460,5214606,"GO","Goiás",52,"Niquelândia",520017,"Uruaçu - Niquelândia",5205,"Porangatu - Uruaçu"
521470,5214705,"GO","Goiás",52,"Nova América",520018,"Ceres - Rialma - Goianésia",5205,"Porangatu - Uruaçu"
521480,5214804,"GO","Goiás",52,"Nova Aurora",520004,"Catalão",5201,"Goiânia"
521483,5214838,"GO","Goiás",52,"Nova Crixás",520005,"Goiás - Itapuranga",5201,"Goiânia"
521486,5214861,"GO","Goiás",52,"Nova Glória",520018,"Ceres - Rialma - Goianésia",5205,"Porangatu - Uruaçu"
521487,5214879,"GO","Goiás",52,"Nova Iguaçu de Goiás",520017,"Uruaçu - Niquelândia",5205,"Porangatu - Uruaçu"
521490,5214903,"GO","Goiás",52,"Nova Roma",520021,"Posse-Campos Belos",5206,"Luziânia - Águas Lindas de Goiás"
521500,5215009,"GO","Goiás",52,"Nova Veneza",520001,"Goiânia",5201,"Goiânia"
521520,5215207,"GO","Goiás",52,"Novo Brasil",520005,"Goiás - Itapuranga",5201,"Goiânia"
521523,5215231,"GO","Goiás",52,"Novo Gama",520019,"Luziânia",5206,"Luziânia - Águas Lindas de Goiás"
521525,5215256,"GO","Goiás",52,"Novo Planalto",520016,"Porangatu",5205,"Porangatu - Uruaçu"
521530,5215306,"GO","Goiás",52,"Orizona",520006,"Pires do Rio",5201,"Goiânia"
521540,5215405,"GO","Goiás",52,"Ouro Verde de Goiás",520002,"Anápolis",5201,"Goiânia"
521550,5215504,"GO","Goiás",52,"Ouvidor",520004,"Catalão",5201,"Goiânia"
521560,5215603,"GO","Goiás",52,"Padre Bernardo",520020,"Águas Lindas de Goiás",5206,"Luziânia - Águas Lindas de Goiás"
521565,5215652,"GO","Goiás",52,"Palestina de Goiás",520014,"Iporá",5204,"São Luís de Montes Belos - Iporá"
521570,5215702,"GO","Goiás",52,"Palmeiras de Goiás",520015,"Palmeiras de Goiás",5204,"São Luís de Montes Belos - Iporá"
521580,5215801,"GO","Goiás",52,"Palmelo",520006,"Pires do Rio",5201,"Goiânia"
521590,5215900,"GO","Goiás",52,"Palminópolis",520015,"Palmeiras de Goiás",5204,"São Luís de Montes Belos - Iporá"
521600,5216007,"GO","Goiás",52,"Panamá",520007,"Itumbiara",5202,"Itumbiara"
521630,5216304,"GO","Goiás",52,"Paranaiguara",520012,"Quirinópolis",5203,"Rio Verde"
521640,5216403,"GO","Goiás",52,"Paraúna",520015,"Palmeiras de Goiás",5204,"São Luís de Montes Belos - Iporá"
521645,5216452,"GO","Goiás",52,"Perolândia",520011,"Jataí-Mineiros",5203,"Rio Verde"
521680,5216809,"GO","Goiás",52,"Petrolina de Goiás",520002,"Anápolis",5201,"Goiânia"
521690,5216908,"GO","Goiás",52,"Pilar de Goiás",520018,"Ceres - Rialma - Goianésia",5205,"Porangatu - Uruaçu"
521710,5217104,"GO","Goiás",52,"Piracanjuba",520009,"Piracanjuba",5202,"Itumbiara"
521720,5217203,"GO","Goiás",52,"Piranhas",520014,"Iporá",5204,"São Luís de Montes Belos - Iporá"
521730,5217302,"GO","Goiás",52,"Pirenópolis",520002,"Anápolis",5201,"Goiânia"
521740,5217401,"GO","Goiás",52,"Pires do Rio",520006,"Pires do Rio",5201,"Goiânia"
521760,5217609,"GO","Goiás",52,"Planaltina",520020,"Águas Lindas de Goiás",5206,"Luziânia - Águas Lindas de Goiás"
521770,5217708,"GO","Goiás",52,"Pontalina",520009,"Piracanjuba",5202,"Itumbiara"
521800,5218003,"GO","Goiás",52,"Porangatu",520016,"Porangatu",5205,"Porangatu - Uruaçu"
521805,5218052,"GO","Goiás",52,"Porteirão",520010,"Rio Verde",5203,"Rio Verde"
521810,5218102,"GO","Goiás",52,"Portelândia",520011,"Jataí-Mineiros",5203,"Rio Verde"
521830,5218300,"GO","Goiás",52,"Posse",520021,"Posse-Campos Belos",5206,"Luziânia - Águas Lindas de Goiás"
521839,5218391,"GO","Goiás",52,"Professor Jamil",520009,"Piracanjuba",5202,"Itumbiara"
521850,5218508,"GO","Goiás",52,"Quirinópolis",520012,"Quirinópolis",5203,"Rio Verde"
521860,5218607,"GO","Goiás",52,"Rialma",520018,"Ceres - Rialma - Goianésia",5205,"Porangatu - Uruaçu"
521870,5218706,"GO","Goiás",52,"Rianápolis",520018,"Ceres - Rialma - Goianésia",5205,"Porangatu - Uruaçu"
521878,5218789,"GO","Goiás",52,"Rio Quente",520008,"Caldas Novas-Morrinhos",5202,"Itumbiara"
521880,5218805,"GO","Goiás",52,"Rio Verde",520010,"Rio Verde",5203,"Rio Verde"
521890,5218904,"GO","Goiás",52,"Rubiataba",520018,"Ceres - Rialma - Goianésia",5205,"Porangatu - Uruaçu"
521900,5219001,"GO","Goiás",52,"Sanclerlândia",520013,"São Luís de Montes Belos",5204,"São Luís de Montes Belos - Iporá"
521910,5219100,"GO","Goiás",52,"Santa Bárbara de Goiás",520015,"Palmeiras de Goiás",5204,"São Luís de Montes Belos - Iporá"
521920,5219209,"GO","Goiás",52,"Santa Cruz de Goiás",520006,"Pires do Rio",5201,"Goiânia"
521925,5219258,"GO","Goiás",52,"Santa Fé de Goiás",520005,"Goiás - Itapuranga",5201,"Goiânia"
521930,5219308,"GO","Goiás",52,"Santa Helena de Goiás",520010,"Rio Verde",5203,"Rio Verde"
521935,5219357,"GO","Goiás",52,"Santa Isabel",520018,"Ceres - Rialma - Goianésia",5205,"Porangatu - Uruaçu"
521940,5219407,"GO","Goiás",52,"Santa Rita do Araguaia",520011,"Jataí-Mineiros",5203,"Rio Verde"
521945,5219456,"GO","Goiás",52,"Santa Rita do Novo Destino",520018,"Ceres - Rialma - Goianésia",5205,"Porangatu - Uruaçu"
521950,5219506,"GO","Goiás",52,"Santa Rosa de Goiás",520002,"Anápolis",5201,"Goiânia"
521960,5219605,"GO","Goiás",52,"Santa Tereza de Goiás",520016,"Porangatu",5205,"Porangatu - Uruaçu"
521970,5219704,"GO","Goiás",52,"Santa Terezinha de Goiás",520018,"Ceres - Rialma - Goianésia",5205,"Porangatu - Uruaçu"
521971,5219712,"GO","Goiás",52,"Santo Antônio da Barra",520010,"Rio Verde",5203,"Rio Verde"
521973,5219738,"GO","Goiás",52,"Santo Antônio de Goiás",520001,"Goiânia",5201,"Goiânia"
521975,5219753,"GO","Goiás",52,"Santo Antônio do Descoberto",520019,"Luziânia",5206,"Luziânia - Águas Lindas de Goiás"
521980,5219803,"GO","Goiás",52,"São Domingos",520021,"Posse-Campos Belos",5206,"Luziânia - Águas Lindas de Goiás"
521990,5219902,"GO","Goiás",52,"São Francisco de Goiás",520002,"Anápolis",5201,"Goiânia"
522000,5220009,"GO","Goiás",52,"São João d'Aliança",520022,"Flores de Goiás",5206,"Luziânia - Águas Lindas de Goiás"
522005,5220058,"GO","Goiás",52,"São João da Paraúna",520015,"Palmeiras de Goiás",5204,"São Luís de Montes Belos - Iporá"
522010,5220108,"GO","Goiás",52,"São Luís de Montes Belos",520013,"São Luís de Montes Belos",5204,"São Luís de Montes Belos - Iporá"
522015,5220157,"GO","Goiás",52,"São Luiz do Norte",520017,"Uruaçu - Niquelândia",5205,"Porangatu - Uruaçu"
522020,5220207,"GO","Goiás",52,"São Miguel do Araguaia",520016,"Porangatu",5205,"Porangatu - Uruaçu"
522026,5220264,"GO","Goiás",52,"São Miguel do Passa Quatro",520002,"Anápolis",5201,"Goiânia"
522028,5220280,"GO","Goiás",52,"São Patrício",520018,"Ceres - Rialma - Goianésia",5205,"Porangatu - Uruaçu"
522040,5220405,"GO","Goiás",52,"São Simão",520012,"Quirinópolis",5203,"Rio Verde"
522045,5220454,"GO","Goiás",52,"Senador Canedo",520001,"Goiânia",5201,"Goiânia"
522050,5220504,"GO","Goiás",52,"Serranópolis",520011,"Jataí-Mineiros",5203,"Rio Verde"
522060,5220603,"GO","Goiás",52,"Silvânia",520002,"Anápolis",5201,"Goiânia"
522068,5220686,"GO","Goiás",52,"Simolândia",520021,"Posse-Campos Belos",5206,"Luziânia - Águas Lindas de Goiás"
522070,5220702,"GO","Goiás",52,"Sítio d'Abadia",520021,"Posse-Campos Belos",5206,"Luziânia - Águas Lindas de Goiás"
522100,5221007,"GO","Goiás",52,"Taquaral de Goiás",520003,"Inhumas - Itaberaí - Anicuns",5201,"Goiânia"
522108,5221080,"GO","Goiás",52,"Teresina de Goiás",520022,"Flores de Goiás",5206,"Luziânia - Águas Lindas de Goiás"
522119,5221197,"GO","Goiás",52,"Terezópolis de Goiás",520001,"Goiânia",5201,"Goiânia"
522130,5221304,"GO","Goiás",52,"Três Ranchos",520004,"Catalão",5201,"Goiânia"
522140,5221403,"GO","Goiás",52,"Trindade",520001,"Goiânia",5201,"Goiânia"
522145,5221452,"GO","Goiás",52,"Trombas",520016,"Porangatu",5205,"Porangatu - Uruaçu"
522150,5221502,"GO","Goiás",52,"Turvânia",520015,"Palmeiras de Goiás",5204,"São Luís de Montes Belos - Iporá"
522155,5221551,"GO","Goiás",52,"Turvelândia",520010,"Rio Verde",5203,"Rio Verde"
522157,5221577,"GO","Goiás",52,"Uirapuru",520018,"Ceres - Rialma - Goianésia",5205,"Porangatu - Uruaçu"
522160,5221601,"GO","Goiás",52,"Uruaçu",520017,"Uruaçu - Niquelândia",5205,"Porangatu - Uruaçu"
522170,5221700,"GO","Goiás",52,"Uruana",520018,"Ceres - Rialma - Goianésia",5205,"Porangatu - Uruaçu"
522180,5221809,"GO","Goiás",52,"Urutaí",520006,"Pires do Rio",5201,"Goiânia"
522185,5221858,"GO","Goiás",52,"Valparaíso de Goiás",520019,"Luziânia",5206,"Luziânia - Águas Lindas de Goiás"
522190,5221908,"GO","Goiás",52,"Varjão",520001,"Goiânia",5201,"Goiânia"
522200,5222005,"GO","Goiás",52,"Vianópolis",520002,"Anápolis",5201,"Goiânia"
522205,5222054,"GO","Goiás",52,"Vicentinópolis",520009,"Piracanjuba",5202,"Itumbiara"
522220,5222203,"GO","Goiás",52,"Vila Boa",520022,"Flores de Goiás",5206,"Luziânia - Águas Lindas de Goiás"
522230,5222302,"GO","Goiás",52,"Vila Propício",520018,"Ceres - Rialma - Goianésia",5205,"Porangatu - Uruaçu"
530010,5300108,"DF","Distrito Federal",53,"Brasília",530001,"Distrito Federal",5301,"Distrito Federal"
150475,1504752,"PA","Pará",15,"Mojuí dos Campos",150015,"Santarém",1505,"Santarém"
421265,4212650,"SC","Santa Catarina",42,"Pescaria Brava",420003,"Tubarão",4202,"Criciúma"
422000,4220000,"SC","Santa Catarina",42,"Balneário Rincão",420002,"Criciúma",4202,"Criciúma"
431454,4314548,"RS","Rio Grande do Sul",43,"Pinto Bandeira",430037,"Bento Gonçalves",4307,"Caxias do Sul"
500627,5006275,"MS","Mato Grosso do Sul",50,"Paraíso das Águas",500003,"Paranaíba - Chapadão do Sul - Cassilândia",5001,"Campo Grande"
